INFO 2026-07-07 00:27:19,056 autoreload 17060 13880 Watching for file changes with StatReloader
WARNING 2026-07-07 00:27:20,859 log 17060 2452 Not Found: /
WARNING 2026-07-07 00:28:55,214 log 17060 2452 Not Found: /api
WARNING 2026-07-07 00:29:46,663 log 17060 2452 Method Not Allowed: /api/auth/register/
INFO 2026-07-08 22:27:15,328 utils 25480 27200 [SECURITY EVENT] Type: EMAIL_VERIFICATION_SENT | User ID: c3f7298f-39b7-4c50-a075-132033fd2227 | Details: Verification code generated.
INFO 2026-07-08 22:27:16,270 utils 25480 27200 [SECURITY EVENT] Type: EMAIL_VERIFICATION_SENT | User ID: 34f9d503-cbf1-44e4-a092-95b8b75567ae | Details: Verification code generated.
INFO 2026-07-08 22:27:17,045 utils 25480 27200 [SECURITY EVENT] Type: GOOGLE_AUTH_FAILURE | User ID: ANONYMOUS | Details: Token verification failed: Wrong number of segments in token: b'real_unverified_token'
INFO 2026-07-08 22:27:17,510 utils 25480 27200 [SECURITY EVENT] Type: GOOGLE_AUTH_FAILURE | User ID: ANONYMOUS | Details: Token verification failed: Wrong number of segments in token: b'mock-google-token-xyz12345'
INFO 2026-07-08 22:27:19,497 utils 25480 27200 [SECURITY EVENT] Type: LOGIN_FAILURE_INACTIVE | User ID: 530e14ca-8daf-4557-ba67-be6c53c3052f | Details: Attempted login on inactive account: loginuser
INFO 2026-07-08 22:27:21,389 utils 25480 27200 [SECURITY EVENT] Type: LOGIN_FAILURE | User ID: 22729bb2-0f48-4e4b-8dd5-50a353d92f15 | Details: Incorrect password attempt for user: loginuser
INFO 2026-07-08 22:27:23,374 utils 25480 27200 [SECURITY EVENT] Type: LOGIN_SUCCESS | User ID: bbc6c187-b0e6-448c-95e6-4bf27e2d4751 | Details: User loginuser logged in successfully.
INFO 2026-07-08 22:27:25,341 utils 25480 27200 [SECURITY EVENT] Type: LOGIN_SUCCESS | User ID: 24010970-70e2-4d28-bb06-2568d40d451d | Details: User loginuser logged in successfully.
INFO 2026-07-08 22:27:26,314 utils 25480 27200 [SECURITY EVENT] Type: PASSWORD_RESET_REQUESTED | User ID: 93dffc96-d7fd-46ae-a344-34912b1a1c2e | Details: Issued password reset token.
INFO 2026-07-08 22:27:27,329 utils 25480 27200 [SECURITY EVENT] Type: PASSWORD_RESET_REQUESTED | User ID: 8cb84d54-8f38-41e6-b37d-fba8e66a0134 | Details: Issued password reset token.
INFO 2026-07-08 22:27:28,268 utils 25480 27200 [SECURITY EVENT] Type: PASSWORD_RESET_REQUESTED | User ID: 9e8e9660-2dc9-4a77-9fa1-9b656114c159 | Details: Issued password reset token.
INFO 2026-07-08 22:27:29,241 utils 25480 27200 [SECURITY EVENT] Type: PASSWORD_RESET_SUCCESS | User ID: 9e8e9660-2dc9-4a77-9fa1-9b656114c159 | Details: Password successfully reset via token.
INFO 2026-07-08 22:27:30,185 utils 25480 27200 [SECURITY EVENT] Type: LOGIN_SUCCESS | User ID: 9e8e9660-2dc9-4a77-9fa1-9b656114c159 | Details: User resetuser logged in successfully.
INFO 2026-07-08 22:27:31,184 utils 25480 27200 [SECURITY EVENT] Type: USER_REGISTRATION | User ID: 8ccd183d-69ad-4501-9d14-60fdf72dcebe | Details: Registered: valid_user1 | Email: validemail@example.com
INFO 2026-07-08 22:27:31,185 utils 25480 27200 [SECURITY EVENT] Type: EMAIL_VERIFICATION_SENT | User ID: 8ccd183d-69ad-4501-9d14-60fdf72dcebe | Details: Verification code generated.
INFO 2026-07-08 22:30:22,549 utils 19588 20192 [SECURITY EVENT] Type: EMAIL_VERIFICATION_SENT | User ID: 6c8c6c06-d6d6-45f2-9143-ff73924bdfa0 | Details: Verification code generated.
INFO 2026-07-08 22:30:23,443 utils 19588 20192 [SECURITY EVENT] Type: EMAIL_VERIFICATION_SENT | User ID: 491f796b-e721-4026-a2c6-b63f9f4d5959 | Details: Verification code generated.
INFO 2026-07-08 22:30:24,223 utils 19588 20192 [SECURITY EVENT] Type: GOOGLE_AUTH_FAILURE | User ID: ANONYMOUS | Details: Token verification failed: Wrong number of segments in token: b'real_unverified_token'
INFO 2026-07-08 22:30:24,230 utils 19588 20192 [SECURITY EVENT] Type: USER_REGISTRATION_GOOGLE | User ID: 643baef7-60cb-48c9-a81f-45b5d4fe5eae | Details: Registered via Google OAuth: googletest (googletest@example.com)
INFO 2026-07-08 22:30:24,232 utils 19588 20192 [SECURITY EVENT] Type: LOGIN_SUCCESS_GOOGLE | User ID: 643baef7-60cb-48c9-a81f-45b5d4fe5eae | Details: Logged in user googletest via Google OAuth.
INFO 2026-07-08 22:30:26,092 utils 19588 20192 [SECURITY EVENT] Type: LOGIN_FAILURE_INACTIVE | User ID: 67a42c90-a7d6-4da1-8a3a-d40f80c4ca1e | Details: Attempted login on inactive account: loginuser
INFO 2026-07-08 22:30:28,014 utils 19588 20192 [SECURITY EVENT] Type: LOGIN_FAILURE | User ID: 7a7b718a-4b37-4e34-ac39-df7022f6e3da | Details: Incorrect password attempt for user: loginuser
INFO 2026-07-08 22:30:29,896 utils 19588 20192 [SECURITY EVENT] Type: LOGIN_SUCCESS | User ID: 641442ea-06e8-48f1-b960-6cdbc2c0fafb | Details: User loginuser logged in successfully.
INFO 2026-07-08 22:30:32,032 utils 19588 20192 [SECURITY EVENT] Type: LOGIN_SUCCESS | User ID: a74bcf0d-41b5-48fc-a04e-7e11be41f43f | Details: User loginuser logged in successfully.
INFO 2026-07-08 22:30:33,189 utils 19588 20192 [SECURITY EVENT] Type: PASSWORD_RESET_REQUESTED | User ID: fca98949-fde9-4378-8f51-16d277685514 | Details: Issued password reset token.
INFO 2026-07-08 22:30:34,415 utils 19588 20192 [SECURITY EVENT] Type: PASSWORD_RESET_REQUESTED | User ID: ece6e07c-6b74-43bb-96a5-3c403035c65d | Details: Issued password reset token.
INFO 2026-07-08 22:30:35,587 utils 19588 20192 [SECURITY EVENT] Type: PASSWORD_RESET_REQUESTED | User ID: 32767055-c86e-41a9-8e0f-27c020b86505 | Details: Issued password reset token.
INFO 2026-07-08 22:30:36,854 utils 19588 20192 [SECURITY EVENT] Type: PASSWORD_RESET_SUCCESS | User ID: 32767055-c86e-41a9-8e0f-27c020b86505 | Details: Password successfully reset via token.
INFO 2026-07-08 22:30:38,124 utils 19588 20192 [SECURITY EVENT] Type: LOGIN_SUCCESS | User ID: 32767055-c86e-41a9-8e0f-27c020b86505 | Details: User resetuser logged in successfully.
INFO 2026-07-08 22:30:39,097 utils 19588 20192 [SECURITY EVENT] Type: USER_REGISTRATION | User ID: 9d54807d-00a7-4acd-9474-d2071856693c | Details: Registered: valid_user1 | Email: validemail@example.com
INFO 2026-07-08 22:30:39,098 utils 19588 20192 [SECURITY EVENT] Type: EMAIL_VERIFICATION_SENT | User ID: 9d54807d-00a7-4acd-9474-d2071856693c | Details: Verification code generated.
INFO 2026-07-08 22:31:07,162 utils 25924 11904 [SECURITY EVENT] Type: EMAIL_VERIFICATION_SENT | User ID: a9e04816-d479-453c-aadd-7090b929e32a | Details: Verification code generated.
INFO 2026-07-08 22:31:08,043 utils 25924 11904 [SECURITY EVENT] Type: EMAIL_VERIFICATION_SENT | User ID: 646413ac-b640-4899-8c85-f7dde857e982 | Details: Verification code generated.
INFO 2026-07-08 22:31:08,046 utils 25924 11904 [SECURITY EVENT] Type: EMAIL_VERIFICATION_SUCCESS | User ID: 646413ac-b640-4899-8c85-f7dde857e982 | Details: Verified email: verifyuser@example.com
INFO 2026-07-08 22:31:08,791 utils 25924 11904 [SECURITY EVENT] Type: GOOGLE_AUTH_FAILURE | User ID: ANONYMOUS | Details: Token verification failed: Wrong number of segments in token: b'real_unverified_token'
INFO 2026-07-08 22:31:08,796 utils 25924 11904 [SECURITY EVENT] Type: USER_REGISTRATION_GOOGLE | User ID: f3d99ffc-f84e-46ea-93ab-305768bbe961 | Details: Registered via Google OAuth: googletest (googletest@example.com)
INFO 2026-07-08 22:31:08,799 utils 25924 11904 [SECURITY EVENT] Type: LOGIN_SUCCESS_GOOGLE | User ID: f3d99ffc-f84e-46ea-93ab-305768bbe961 | Details: Logged in user googletest via Google OAuth.
INFO 2026-07-08 22:31:10,615 utils 25924 11904 [SECURITY EVENT] Type: LOGIN_FAILURE_INACTIVE | User ID: a3092d9b-d83e-490f-bfcf-c90f52e26412 | Details: Attempted login on inactive account: loginuser
INFO 2026-07-08 22:31:12,373 utils 25924 11904 [SECURITY EVENT] Type: LOGIN_FAILURE | User ID: 7494a79f-f6a6-4694-b38e-d6fdc05c2357 | Details: Incorrect password attempt for user: loginuser
INFO 2026-07-08 22:31:14,161 utils 25924 11904 [SECURITY EVENT] Type: LOGIN_SUCCESS | User ID: 6e1f8cad-21b7-459f-96f3-09e49c59d136 | Details: User loginuser logged in successfully.
INFO 2026-07-08 22:31:16,031 utils 25924 11904 [SECURITY EVENT] Type: LOGIN_SUCCESS | User ID: 75638d07-c158-4750-a0cd-a5c6459857be | Details: User loginuser logged in successfully.
INFO 2026-07-08 22:31:16,980 utils 25924 11904 [SECURITY EVENT] Type: PASSWORD_RESET_REQUESTED | User ID: 0b0ec691-3de5-4f0b-83de-94c8d0a7bf46 | Details: Issued password reset token.
INFO 2026-07-08 22:31:17,903 utils 25924 11904 [SECURITY EVENT] Type: PASSWORD_RESET_REQUESTED | User ID: 3de7c747-37c5-4be0-93a1-9bedcfa6b6e2 | Details: Issued password reset token.
INFO 2026-07-08 22:31:18,811 utils 25924 11904 [SECURITY EVENT] Type: PASSWORD_RESET_REQUESTED | User ID: 203103b5-9bd8-4e6c-8cc5-c325f7ea100d | Details: Issued password reset token.
INFO 2026-07-08 22:31:19,826 utils 25924 11904 [SECURITY EVENT] Type: PASSWORD_RESET_SUCCESS | User ID: 203103b5-9bd8-4e6c-8cc5-c325f7ea100d | Details: Password successfully reset via token.
INFO 2026-07-08 22:31:20,860 utils 25924 11904 [SECURITY EVENT] Type: LOGIN_SUCCESS | User ID: 203103b5-9bd8-4e6c-8cc5-c325f7ea100d | Details: User resetuser logged in successfully.
INFO 2026-07-08 22:31:21,798 utils 25924 11904 [SECURITY EVENT] Type: USER_REGISTRATION | User ID: 5dcfc8e7-82b6-49e3-a9cc-9d7666f329b2 | Details: Registered: valid_user1 | Email: validemail@example.com
INFO 2026-07-08 22:31:21,799 utils 25924 11904 [SECURITY EVENT] Type: EMAIL_VERIFICATION_SENT | User ID: 5dcfc8e7-82b6-49e3-a9cc-9d7666f329b2 | Details: Verification code generated.
INFO 2026-07-08 22:49:10,194 utils 3448 20748 [SECURITY EVENT] Type: EMAIL_VERIFICATION_SENT | User ID: 277c0adb-8dbc-47b0-9ddf-9701090bfbdd | Details: Verification code generated.
INFO 2026-07-08 22:49:10,638 utils 3448 20748 [SECURITY EVENT] Type: EMAIL_VERIFICATION_SENT | User ID: df696b9d-e7d8-4cb3-858c-796960375066 | Details: Verification code generated.
INFO 2026-07-08 22:49:10,640 utils 3448 20748 [SECURITY EVENT] Type: EMAIL_VERIFICATION_SUCCESS | User ID: df696b9d-e7d8-4cb3-858c-796960375066 | Details: Verified email: verifyuser@example.com
INFO 2026-07-08 22:49:11,058 utils 3448 20748 [SECURITY EVENT] Type: GOOGLE_AUTH_FAILURE | User ID: ANONYMOUS | Details: Token verification failed: Wrong number of segments in token: b'real_unverified_token'
INFO 2026-07-08 22:49:11,062 utils 3448 20748 [SECURITY EVENT] Type: USER_REGISTRATION_GOOGLE | User ID: 1fd0e4bc-9b4a-4220-ae46-73cfbec76910 | Details: Registered via Google OAuth: googletest (googletest@example.com)
INFO 2026-07-08 22:49:11,063 utils 3448 20748 [SECURITY EVENT] Type: LOGIN_SUCCESS_GOOGLE | User ID: 1fd0e4bc-9b4a-4220-ae46-73cfbec76910 | Details: Logged in user googletest via Google OAuth.
INFO 2026-07-08 22:49:12,003 utils 3448 20748 [SECURITY EVENT] Type: LOGIN_FAILURE_INACTIVE | User ID: 4a82b09c-8613-438e-82d5-36bcf985c274 | Details: Attempted login on inactive account: loginuser
INFO 2026-07-08 22:49:12,926 utils 3448 20748 [SECURITY EVENT] Type: LOGIN_FAILURE | User ID: 204858c0-6c45-4079-acba-21bcae14f15c | Details: Incorrect password attempt for user: loginuser
INFO 2026-07-08 22:49:13,880 utils 3448 20748 [SECURITY EVENT] Type: LOGIN_SUCCESS | User ID: 982abddb-5e3c-476e-b400-0d5108657a1c | Details: User loginuser logged in successfully.
INFO 2026-07-08 22:49:14,769 utils 3448 20748 [SECURITY EVENT] Type: LOGIN_SUCCESS | User ID: 05ce24ee-2adb-401c-aad6-e200b6a08ad8 | Details: User loginuser logged in successfully.
INFO 2026-07-08 22:49:15,211 utils 3448 20748 [SECURITY EVENT] Type: PASSWORD_RESET_REQUESTED | User ID: 40e07db1-2d14-4ffa-a2bf-311cd4245f7d | Details: Issued password reset token.
INFO 2026-07-08 22:49:15,662 utils 3448 20748 [SECURITY EVENT] Type: PASSWORD_RESET_REQUESTED | User ID: 443641dd-3083-40ae-b6a3-acac26f0b436 | Details: Issued password reset token.
INFO 2026-07-08 22:49:16,105 utils 3448 20748 [SECURITY EVENT] Type: PASSWORD_RESET_REQUESTED | User ID: f2ebab0c-b020-490e-891c-721286dd8016 | Details: Issued password reset token.
INFO 2026-07-08 22:49:16,560 utils 3448 20748 [SECURITY EVENT] Type: PASSWORD_RESET_SUCCESS | User ID: f2ebab0c-b020-490e-891c-721286dd8016 | Details: Password successfully reset via token.
INFO 2026-07-08 22:49:17,021 utils 3448 20748 [SECURITY EVENT] Type: LOGIN_SUCCESS | User ID: f2ebab0c-b020-490e-891c-721286dd8016 | Details: User resetuser logged in successfully.
INFO 2026-07-08 22:49:17,508 utils 3448 20748 [SECURITY EVENT] Type: USER_REGISTRATION | User ID: 8383e27c-2ad4-4d12-bf3f-52ca56151a02 | Details: Registered: valid_user1 | Email: validemail@example.com
INFO 2026-07-08 22:49:17,509 utils 3448 20748 [SECURITY EVENT] Type: EMAIL_VERIFICATION_SENT | User ID: 8383e27c-2ad4-4d12-bf3f-52ca56151a02 | Details: Verification code generated.
INFO 2026-07-08 23:09:22,385 utils 26192 2744 [SECURITY EVENT] Type: EMAIL_VERIFICATION_SENT | User ID: 3734af49-3a48-424f-aac2-986b9b871811 | Details: Verification code generated.
INFO 2026-07-08 23:09:22,839 utils 26192 2744 [SECURITY EVENT] Type: EMAIL_VERIFICATION_SENT | User ID: 59ee9d08-6564-4d80-aa49-f6825fad3b50 | Details: Verification code generated.
INFO 2026-07-08 23:09:22,841 utils 26192 2744 [SECURITY EVENT] Type: EMAIL_VERIFICATION_SUCCESS | User ID: 59ee9d08-6564-4d80-aa49-f6825fad3b50 | Details: Verified email: verifyuser@example.com
INFO 2026-07-08 23:09:24,292 utils 26192 2744 [SECURITY EVENT] Type: GOOGLE_AUTH_FAILURE | User ID: ANONYMOUS | Details: Token verification failed: Wrong number of segments in token: b'real_unverified_token'
INFO 2026-07-08 23:09:24,298 utils 26192 2744 [SECURITY EVENT] Type: USER_REGISTRATION_GOOGLE | User ID: 39b62a5f-0e4e-432a-aab9-e3a468100bd4 | Details: Registered via Google OAuth: googletest (googletest@example.com)
INFO 2026-07-08 23:09:24,301 utils 26192 2744 [SECURITY EVENT] Type: LOGIN_SUCCESS_GOOGLE | User ID: 39b62a5f-0e4e-432a-aab9-e3a468100bd4 | Details: Logged in user googletest via Google OAuth.
INFO 2026-07-08 23:09:25,266 utils 26192 2744 [SECURITY EVENT] Type: LOGIN_FAILURE_INACTIVE | User ID: ec057efd-99b3-40a8-ac91-8d5d849ecb99 | Details: Attempted login on inactive account: loginuser
INFO 2026-07-08 23:09:26,173 utils 26192 2744 [SECURITY EVENT] Type: LOGIN_FAILURE | User ID: 6f6d6b79-3dc4-4a33-9cce-682745cc5455 | Details: Incorrect password attempt for user: loginuser
INFO 2026-07-08 23:09:27,067 utils 26192 2744 [SECURITY EVENT] Type: LOGIN_SUCCESS | User ID: 05bd8989-341b-4205-94b0-c26b96a07ea6 | Details: User loginuser logged in successfully.
INFO 2026-07-08 23:09:27,962 utils 26192 2744 [SECURITY EVENT] Type: LOGIN_SUCCESS | User ID: fa451a23-ec07-47d2-80db-baf858833c50 | Details: User loginuser logged in successfully.
INFO 2026-07-08 23:09:28,412 utils 26192 2744 [SECURITY EVENT] Type: PASSWORD_RESET_REQUESTED | User ID: 7c85cc4f-e88b-4d1b-8feb-bc0aaf3d1a4d | Details: Issued password reset token.
INFO 2026-07-08 23:09:28,864 utils 26192 2744 [SECURITY EVENT] Type: PASSWORD_RESET_REQUESTED | User ID: 7879446e-6870-437d-a2d1-e136b72a53ab | Details: Issued password reset token.
INFO 2026-07-08 23:09:29,365 utils 26192 2744 [SECURITY EVENT] Type: PASSWORD_RESET_REQUESTED | User ID: ca58a0f9-6ff9-49e4-b345-79f39260b232 | Details: Issued password reset token.
INFO 2026-07-08 23:09:29,851 utils 26192 2744 [SECURITY EVENT] Type: PASSWORD_RESET_SUCCESS | User ID: ca58a0f9-6ff9-49e4-b345-79f39260b232 | Details: Password successfully reset via token.
INFO 2026-07-08 23:09:30,610 utils 26192 2744 [SECURITY EVENT] Type: LOGIN_SUCCESS | User ID: ca58a0f9-6ff9-49e4-b345-79f39260b232 | Details: User resetuser logged in successfully.
INFO 2026-07-08 23:09:32,146 utils 26192 2744 [SECURITY EVENT] Type: USER_REGISTRATION | User ID: 84cd41ce-4969-45d5-b9d0-851be6443e20 | Details: Registered: valid_user1 | Email: validemail@example.com
INFO 2026-07-08 23:09:32,147 utils 26192 2744 [SECURITY EVENT] Type: EMAIL_VERIFICATION_SENT | User ID: 84cd41ce-4969-45d5-b9d0-851be6443e20 | Details: Verification code generated.
INFO 2026-07-08 23:09:56,399 utils 14660 24320 [SECURITY EVENT] Type: EMAIL_VERIFICATION_SENT | User ID: e5052e44-acdf-43e9-af71-ed784154adb2 | Details: Verification code generated.
INFO 2026-07-08 23:09:56,909 utils 14660 24320 [SECURITY EVENT] Type: EMAIL_VERIFICATION_SENT | User ID: 0ab9e94e-529f-424a-bb9e-9e58f27060c5 | Details: Verification code generated.
INFO 2026-07-08 23:09:56,911 utils 14660 24320 [SECURITY EVENT] Type: EMAIL_VERIFICATION_SUCCESS | User ID: 0ab9e94e-529f-424a-bb9e-9e58f27060c5 | Details: Verified email: verifyuser@example.com
INFO 2026-07-08 23:09:57,387 utils 14660 24320 [SECURITY EVENT] Type: GOOGLE_AUTH_FAILURE | User ID: ANONYMOUS | Details: Token verification failed: Wrong number of segments in token: b'real_unverified_token'
INFO 2026-07-08 23:09:57,390 utils 14660 24320 [SECURITY EVENT] Type: USER_REGISTRATION_GOOGLE | User ID: a7f4e7f7-980a-43d1-9d11-129daa5dba68 | Details: Registered via Google OAuth: googletest (googletest@example.com)
INFO 2026-07-08 23:09:57,392 utils 14660 24320 [SECURITY EVENT] Type: LOGIN_SUCCESS_GOOGLE | User ID: a7f4e7f7-980a-43d1-9d11-129daa5dba68 | Details: Logged in user googletest via Google OAuth.
INFO 2026-07-08 23:09:58,411 utils 14660 24320 [SECURITY EVENT] Type: LOGIN_FAILURE_INACTIVE | User ID: 87b04bbe-9731-4fe3-9fb2-a504853774c4 | Details: Attempted login on inactive account: loginuser
INFO 2026-07-08 23:09:59,394 utils 14660 24320 [SECURITY EVENT] Type: LOGIN_FAILURE | User ID: 9f08ee65-3608-4a3b-b76f-b3313ea07e65 | Details: Incorrect password attempt for user: loginuser
INFO 2026-07-08 23:10:00,352 utils 14660 24320 [SECURITY EVENT] Type: LOGIN_SUCCESS | User ID: ca2736a1-45bf-4b8e-b33d-d46eeb628cc6 | Details: User loginuser logged in successfully.
INFO 2026-07-08 23:10:01,372 utils 14660 24320 [SECURITY EVENT] Type: LOGIN_SUCCESS | User ID: 69778c24-7083-461d-8e74-8dbd7b6f25b2 | Details: User loginuser logged in successfully.
INFO 2026-07-08 23:10:01,876 utils 14660 24320 [SECURITY EVENT] Type: PASSWORD_RESET_REQUESTED | User ID: 619f7bc8-fc00-4acb-b62c-72402a4eea2e | Details: Issued password reset token.
INFO 2026-07-08 23:10:02,866 utils 14660 24320 [SECURITY EVENT] Type: PASSWORD_RESET_REQUESTED | User ID: ad4b3640-72eb-4a72-8131-db8af00e27ab | Details: Issued password reset token.
INFO 2026-07-08 23:10:04,008 utils 14660 24320 [SECURITY EVENT] Type: PASSWORD_RESET_REQUESTED | User ID: 45f2a92a-7ac1-4f67-b11e-58f09a5d5d74 | Details: Issued password reset token.
INFO 2026-07-08 23:10:05,151 utils 14660 24320 [SECURITY EVENT] Type: PASSWORD_RESET_SUCCESS | User ID: 45f2a92a-7ac1-4f67-b11e-58f09a5d5d74 | Details: Password successfully reset via token.
INFO 2026-07-08 23:10:06,233 utils 14660 24320 [SECURITY EVENT] Type: LOGIN_SUCCESS | User ID: 45f2a92a-7ac1-4f67-b11e-58f09a5d5d74 | Details: User resetuser logged in successfully.
INFO 2026-07-08 23:10:07,480 utils 14660 24320 [SECURITY EVENT] Type: USER_REGISTRATION | User ID: 164bf213-8171-4a3b-ae1d-e6195c574c4a | Details: Registered: valid_user1 | Email: validemail@example.com
INFO 2026-07-08 23:10:07,483 utils 14660 24320 [SECURITY EVENT] Type: EMAIL_VERIFICATION_SENT | User ID: 164bf213-8171-4a3b-ae1d-e6195c574c4a | Details: Verification code generated.
INFO 2026-07-08 23:13:15,743 utils 2832 20048 [SECURITY EVENT] Type: EMAIL_VERIFICATION_SENT | User ID: c8ec0da7-c750-498d-bf99-a34673f2cd75 | Details: Verification code generated.
INFO 2026-07-08 23:13:16,193 utils 2832 20048 [SECURITY EVENT] Type: EMAIL_VERIFICATION_SENT | User ID: 5a36a3fe-e5d0-489d-bcad-bdc9acc2ac10 | Details: Verification code generated.
INFO 2026-07-08 23:13:16,195 utils 2832 20048 [SECURITY EVENT] Type: EMAIL_VERIFICATION_SUCCESS | User ID: 5a36a3fe-e5d0-489d-bcad-bdc9acc2ac10 | Details: Verified email: verifyuser@example.com
INFO 2026-07-08 23:13:16,674 utils 2832 20048 [SECURITY EVENT] Type: GOOGLE_AUTH_FAILURE | User ID: ANONYMOUS | Details: Token verification failed: Wrong number of segments in token: b'real_unverified_token'
INFO 2026-07-08 23:13:16,679 utils 2832 20048 [SECURITY EVENT] Type: USER_REGISTRATION_GOOGLE | User ID: 66a639fb-b061-4dda-ac9d-7f741d8ba17f | Details: Registered via Google OAuth: googletest (googletest@example.com)
INFO 2026-07-08 23:13:16,683 utils 2832 20048 [SECURITY EVENT] Type: LOGIN_SUCCESS_GOOGLE | User ID: 66a639fb-b061-4dda-ac9d-7f741d8ba17f | Details: Logged in user googletest via Google OAuth.
INFO 2026-07-08 23:13:17,587 utils 2832 20048 [SECURITY EVENT] Type: LOGIN_FAILURE_INACTIVE | User ID: ec875ff2-d4ee-444a-848b-7ce6265417a1 | Details: Attempted login on inactive account: loginuser
INFO 2026-07-08 23:13:18,476 utils 2832 20048 [SECURITY EVENT] Type: LOGIN_FAILURE | User ID: 76323ce0-3efd-4f6e-9252-2375a8bdb2df | Details: Incorrect password attempt for user: loginuser
INFO 2026-07-08 23:13:19,354 utils 2832 20048 [SECURITY EVENT] Type: LOGIN_SUCCESS | User ID: df8978ec-34e6-4fe1-b9a4-999fc26c8c1b | Details: User loginuser logged in successfully.
INFO 2026-07-08 23:13:20,233 utils 2832 20048 [SECURITY EVENT] Type: LOGIN_SUCCESS | User ID: d6f47222-e061-4e8a-963a-c5689431fc28 | Details: User loginuser logged in successfully.
INFO 2026-07-08 23:13:20,689 utils 2832 20048 [SECURITY EVENT] Type: PASSWORD_RESET_REQUESTED | User ID: 4ebda756-5be6-4aef-9c2f-a560c59a21ef | Details: Issued password reset token.
INFO 2026-07-08 23:13:21,130 utils 2832 20048 [SECURITY EVENT] Type: PASSWORD_RESET_REQUESTED | User ID: 82cea41f-a92c-465c-9707-0838237b55ab | Details: Issued password reset token.
INFO 2026-07-08 23:13:22,288 utils 2832 20048 [SECURITY EVENT] Type: PASSWORD_RESET_REQUESTED | User ID: 77116a20-a149-4229-9cc3-18d6e0307dad | Details: Issued password reset token.
INFO 2026-07-08 23:13:22,733 utils 2832 20048 [SECURITY EVENT] Type: PASSWORD_RESET_SUCCESS | User ID: 77116a20-a149-4229-9cc3-18d6e0307dad | Details: Password successfully reset via token.
INFO 2026-07-08 23:13:23,171 utils 2832 20048 [SECURITY EVENT] Type: LOGIN_SUCCESS | User ID: 77116a20-a149-4229-9cc3-18d6e0307dad | Details: User resetuser logged in successfully.
INFO 2026-07-08 23:13:23,647 utils 2832 20048 [SECURITY EVENT] Type: USER_REGISTRATION | User ID: 78a3fe55-973a-424d-b164-47897086bb4e | Details: Registered: valid_user1 | Email: validemail@example.com
INFO 2026-07-08 23:13:23,648 utils 2832 20048 [SECURITY EVENT] Type: EMAIL_VERIFICATION_SENT | User ID: 78a3fe55-973a-424d-b164-47897086bb4e | Details: Verification code generated.
INFO 2026-07-08 23:17:44,733 autoreload 10500 22948 Watching for file changes with StatReloader
WARNING 2026-07-08 23:17:47,751 log 10500 26176 Not Found: /
WARNING 2026-07-08 23:17:47,817 log 10500 26176 Not Found: /favicon.ico
WARNING 2026-07-08 23:18:04,467 log 10500 18924 Method Not Allowed: /api/auth/register/
WARNING 2026-07-08 23:23:22,401 log 10500 27640 Bad Request: /api/auth/register/
INFO 2026-07-08 23:23:31,758 utils 10500 27640 [SECURITY EVENT] Type: USER_REGISTRATION | User ID: 36013bf0-9e31-42d3-bd97-e7a36b8a2cf5 | Details: Registered: aaaa | Email: 10fakshitagupta@gmail.com
INFO 2026-07-08 23:23:31,766 utils 10500 27640 [SECURITY EVENT] Type: EMAIL_VERIFICATION_SENT | User ID: 36013bf0-9e31-42d3-bd97-e7a36b8a2cf5 | Details: Verification code generated.
INFO 2026-07-08 23:23:38,644 utils 10500 27640 [SECURITY EVENT] Type: EMAIL_VERIFICATION_SENT | User ID: 36013bf0-9e31-42d3-bd97-e7a36b8a2cf5 | Details: Verification code generated.
INFO 2026-07-08 23:24:04,397 utils 10500 27640 [SECURITY EVENT] Type: LOGIN_SUCCESS | User ID: 36013bf0-9e31-42d3-bd97-e7a36b8a2cf5 | Details: User aaaa logged in successfully.
INFO 2026-07-08 23:24:19,579 utils 10500 27640 [SECURITY EVENT] Type: LOGIN_FAILURE | User ID: 36013bf0-9e31-42d3-bd97-e7a36b8a2cf5 | Details: Incorrect password attempt for user: aaaa
WARNING 2026-07-08 23:24:19,582 log 10500 27640 Bad Request: /api/auth/login/
INFO 2026-07-09 00:32:19,649 utils 10708 1416 [SECURITY EVENT] Type: EMAIL_VERIFICATION_SENT | User ID: 48120ec3-0569-412f-8728-5ad7d3ef400d | Details: Verification code generated.
INFO 2026-07-09 00:32:20,156 utils 10708 1416 [SECURITY EVENT] Type: EMAIL_VERIFICATION_SENT | User ID: 81276274-8bb6-455a-a1dc-96015b9eba51 | Details: Verification code generated.
INFO 2026-07-09 00:32:20,158 utils 10708 1416 [SECURITY EVENT] Type: EMAIL_VERIFICATION_SUCCESS | User ID: 81276274-8bb6-455a-a1dc-96015b9eba51 | Details: Verified email: verifyuser@example.com
INFO 2026-07-09 00:32:20,789 utils 10708 1416 [SECURITY EVENT] Type: GOOGLE_AUTH_FAILURE | User ID: ANONYMOUS | Details: Token verification failed: Wrong number of segments in token: b'real_unverified_token'
INFO 2026-07-09 00:32:20,794 utils 10708 1416 [SECURITY EVENT] Type: USER_REGISTRATION_GOOGLE | User ID: 78faf075-91c3-4aa6-8297-95bf6f09aca2 | Details: Registered via Google OAuth: googletest (googletest@example.com)
INFO 2026-07-09 00:32:20,797 utils 10708 1416 [SECURITY EVENT] Type: LOGIN_SUCCESS_GOOGLE | User ID: 78faf075-91c3-4aa6-8297-95bf6f09aca2 | Details: Logged in user googletest via Google OAuth.
INFO 2026-07-09 00:32:21,821 utils 10708 1416 [SECURITY EVENT] Type: LOGIN_FAILURE_INACTIVE | User ID: 327ba46f-3c87-49ed-a058-e5ae5e3c752a | Details: Attempted login on inactive account: loginuser
INFO 2026-07-09 00:32:22,881 utils 10708 1416 [SECURITY EVENT] Type: LOGIN_FAILURE | User ID: ae1cad4a-11ea-4223-b9b1-903d38e7051d | Details: Incorrect password attempt for user: loginuser
INFO 2026-07-09 00:32:23,908 utils 10708 1416 [SECURITY EVENT] Type: LOGIN_SUCCESS | User ID: 4ce61f09-3b60-4720-b101-9d6d2fa08fba | Details: User loginuser logged in successfully.
INFO 2026-07-09 00:32:24,910 utils 10708 1416 [SECURITY EVENT] Type: LOGIN_SUCCESS | User ID: 460b4f09-2cf0-4876-bf22-d1e587b119a4 | Details: User loginuser logged in successfully.
INFO 2026-07-09 00:32:25,411 utils 10708 1416 [SECURITY EVENT] Type: PASSWORD_RESET_REQUESTED | User ID: d174893f-6801-41b7-8f6d-679fa53b3dfd | Details: Issued password reset token.
INFO 2026-07-09 00:32:25,975 utils 10708 1416 [SECURITY EVENT] Type: PASSWORD_RESET_REQUESTED | User ID: da066e92-c646-41bd-8b2f-bafc91f8209c | Details: Issued password reset token.
INFO 2026-07-09 00:32:26,519 utils 10708 1416 [SECURITY EVENT] Type: PASSWORD_RESET_REQUESTED | User ID: f42814ea-388e-41c8-9dfe-bae04e447317 | Details: Issued password reset token.
INFO 2026-07-09 00:32:27,055 utils 10708 1416 [SECURITY EVENT] Type: PASSWORD_RESET_SUCCESS | User ID: f42814ea-388e-41c8-9dfe-bae04e447317 | Details: Password successfully reset via token.
INFO 2026-07-09 00:32:27,602 utils 10708 1416 [SECURITY EVENT] Type: LOGIN_SUCCESS | User ID: f42814ea-388e-41c8-9dfe-bae04e447317 | Details: User resetuser logged in successfully.
INFO 2026-07-09 00:32:28,166 utils 10708 1416 [SECURITY EVENT] Type: USER_REGISTRATION | User ID: 9c42a971-b9b1-4b3f-bfa4-9c539602aa35 | Details: Registered: valid_user1 | Email: validemail@example.com
INFO 2026-07-09 00:32:28,167 utils 10708 1416 [SECURITY EVENT] Type: EMAIL_VERIFICATION_SENT | User ID: 9c42a971-b9b1-4b3f-bfa4-9c539602aa35 | Details: Verification code generated.
INFO 2026-07-09 00:33:28,075 utils 10500 18832 [SECURITY EVENT] Type: LOGIN_SUCCESS | User ID: 36013bf0-9e31-42d3-bd97-e7a36b8a2cf5 | Details: User aaaa logged in successfully.
INFO 2026-07-09 00:38:55,206 utils 10500 25632 [SECURITY EVENT] Type: LOGIN_SUCCESS | User ID: 36013bf0-9e31-42d3-bd97-e7a36b8a2cf5 | Details: User aaaa logged in successfully.
WARNING 2026-07-09 00:41:05,719 log 10500 2672 Not Found: /api/assessment/
ERROR 2026-07-09 00:42:20,563 log 10500 14180 Internal Server Error: /api/mood/
Traceback (most recent call last):
  File "C:\Users\HP\AppData\Roaming\Python\Python314\site-packages\django\core\handlers\exception.py", line 55, in inner
    response = get_response(request)
  File "C:\Users\HP\AppData\Roaming\Python\Python314\site-packages\django\core\handlers\base.py", line 198, in _get_response
    response = wrapped_callback(request, *callback_args, **callback_kwargs)
  File "C:\Users\HP\AppData\Roaming\Python\Python314\site-packages\django\views\decorators\csrf.py", line 65, in _view_wrapper
    return view_func(request, *args, **kwargs)
  File "C:\Users\HP\AppData\Roaming\Python\Python314\site-packages\django\views\generic\base.py", line 106, in view
    return self.dispatch(request, *args, **kwargs)
           ~~~~~~~~~~~~~^^^^^^^^^^^^^^^^^^^^^^^^^^
  File "C:\Users\HP\AppData\Roaming\Python\Python314\site-packages\rest_framework\views.py", line 515, in dispatch
    response = self.handle_exception(exc)
  File "C:\Users\HP\AppData\Roaming\Python\Python314\site-packages\rest_framework\views.py", line 475, in handle_exception
    self.raise_uncaught_exception(exc)
    ~~~~~~~~~~~~~~~~~~~~~~~~~~~~~^^^^^
  File "C:\Users\HP\AppData\Roaming\Python\Python314\site-packages\rest_framework\views.py", line 486, in raise_uncaught_exception
    raise exc
  File "C:\Users\HP\AppData\Roaming\Python\Python314\site-packages\rest_framework\views.py", line 512, in dispatch
    response = handler(request, *args, **kwargs)
  File "C:\Users\HP\Documents\mindCompass\MindCompass-AI\backend\mood\views.py", line 18, in post
    return Response(response_serializer.data, status=status.HTTP_201_CREATED)
                    ^^^^^^^^^^^^^^^^^^^^^^^^
  File "C:\Users\HP\AppData\Roaming\Python\Python314\site-packages\rest_framework\serializers.py", line 585, in data
    ret = super().data
          ^^^^^^^^^^^^
  File "C:\Users\HP\AppData\Roaming\Python\Python314\site-packages\rest_framework\serializers.py", line 251, in data
    self._data = self.to_representation(self.instance)
                 ~~~~~~~~~~~~~~~~~~~~~~^^^^^^^^^^^^^^^
  File "C:\Users\HP\AppData\Roaming\Python\Python314\site-packages\rest_framework\serializers.py", line 552, in to_representation
    ret[field.field_name] = field.to_representation(attribute)
                            ~~~~~~~~~~~~~~~~~~~~~~~^^^^^^^^^^^
  File "C:\Users\HP\AppData\Roaming\Python\Python314\site-packages\rest_framework\fields.py", line 1294, in to_representation
    assert not isinstance(value, datetime.datetime), (
           ^^^^^^^^^^^^^^^^^^^^^^^^^^^^^^^^^^^^^^^^
AssertionError: Expected a `date`, but got a `datetime`. Refusing to coerce, as this may mean losing timezone information. Use a custom read-only field and deal with timezone issues explicitly.
INFO 2026-07-09 00:43:45,712 autoreload 10500 22948 C:\Users\HP\Documents\mindCompass\MindCompass-AI\backend\users\models.py changed, reloading.
INFO 2026-07-09 00:43:47,330 autoreload 24324 20860 Watching for file changes with StatReloader
INFO 2026-07-09 00:44:13,816 autoreload 24324 20860 C:\Users\HP\Documents\mindCompass\MindCompass-AI\backend\mood\services.py changed, reloading.
INFO 2026-07-09 00:44:16,405 autoreload 11132 11568 Watching for file changes with StatReloader
INFO 2026-07-09 00:44:19,415 autoreload 11132 11568 C:\Users\HP\Documents\mindCompass\MindCompass-AI\backend\users\views.py changed, reloading.
INFO 2026-07-09 00:44:21,573 autoreload 10096 14940 Watching for file changes with StatReloader
INFO 2026-07-09 00:44:24,550 autoreload 10096 14940 C:\Users\HP\Documents\mindCompass\MindCompass-AI\backend\insights\services.py changed, reloading.
INFO 2026-07-09 00:44:26,430 autoreload 19612 7424 Watching for file changes with StatReloader
WARNING 2026-07-09 00:46:36,270 log 19612 25720 Bad Request: /api/mood/
WARNING 2026-07-09 00:46:56,095 log 19612 25720 Bad Request: /api/mood/
INFO 2026-07-09 00:47:31,949 utils 24728 9164 [SECURITY EVENT] Type: EMAIL_VERIFICATION_SENT | User ID: d8a907c6-9194-43f2-afb5-1468292940c3 | Details: Verification code generated.
INFO 2026-07-09 00:47:32,543 utils 24728 9164 [SECURITY EVENT] Type: EMAIL_VERIFICATION_SENT | User ID: 5ff1cdbc-2f92-4dff-aa54-cf154141cc26 | Details: Verification code generated.
INFO 2026-07-09 00:47:32,545 utils 24728 9164 [SECURITY EVENT] Type: EMAIL_VERIFICATION_SUCCESS | User ID: 5ff1cdbc-2f92-4dff-aa54-cf154141cc26 | Details: Verified email: verifyuser@example.com
INFO 2026-07-09 00:47:33,117 utils 24728 9164 [SECURITY EVENT] Type: GOOGLE_AUTH_FAILURE | User ID: ANONYMOUS | Details: Token verification failed: Wrong number of segments in token: b'real_unverified_token'
INFO 2026-07-09 00:47:33,121 utils 24728 9164 [SECURITY EVENT] Type: USER_REGISTRATION_GOOGLE | User ID: fa12f3d4-493a-4076-9161-ece9cf980e55 | Details: Registered via Google OAuth: googletest (googletest@example.com)
INFO 2026-07-09 00:47:33,122 utils 24728 9164 [SECURITY EVENT] Type: LOGIN_SUCCESS_GOOGLE | User ID: fa12f3d4-493a-4076-9161-ece9cf980e55 | Details: Logged in user googletest via Google OAuth.
INFO 2026-07-09 00:47:34,168 utils 24728 9164 [SECURITY EVENT] Type: LOGIN_FAILURE_INACTIVE | User ID: 2692eef9-ad9c-40d0-b67c-d114b1a744f9 | Details: Attempted login on inactive account: loginuser
INFO 2026-07-09 00:47:35,168 utils 24728 9164 [SECURITY EVENT] Type: LOGIN_FAILURE | User ID: 710a52a3-2301-4b74-993e-451407ddac54 | Details: Incorrect password attempt for user: loginuser
INFO 2026-07-09 00:47:36,170 utils 24728 9164 [SECURITY EVENT] Type: LOGIN_SUCCESS | User ID: 7a20a123-22dd-4e05-a577-f15242065e47 | Details: User loginuser logged in successfully.
INFO 2026-07-09 00:47:37,219 utils 24728 9164 [SECURITY EVENT] Type: LOGIN_SUCCESS | User ID: e8b95c04-cdb8-44b4-8a97-6e47346d7af2 | Details: User loginuser logged in successfully.
INFO 2026-07-09 00:47:37,766 utils 24728 9164 [SECURITY EVENT] Type: PASSWORD_RESET_REQUESTED | User ID: b4da6289-fa8a-4829-9105-69956cb32cf7 | Details: Issued password reset token.
INFO 2026-07-09 00:47:38,315 utils 24728 9164 [SECURITY EVENT] Type: PASSWORD_RESET_REQUESTED | User ID: 31a9c5f2-5ec6-481b-9873-7d9ae0366609 | Details: Issued password reset token.
INFO 2026-07-09 00:47:38,852 utils 24728 9164 [SECURITY EVENT] Type: PASSWORD_RESET_REQUESTED | User ID: f7568964-9979-484d-9dda-31a85071b447 | Details: Issued password reset token.
INFO 2026-07-09 00:47:39,415 utils 24728 9164 [SECURITY EVENT] Type: PASSWORD_RESET_SUCCESS | User ID: f7568964-9979-484d-9dda-31a85071b447 | Details: Password successfully reset via token.
INFO 2026-07-09 00:47:39,943 utils 24728 9164 [SECURITY EVENT] Type: LOGIN_SUCCESS | User ID: f7568964-9979-484d-9dda-31a85071b447 | Details: User resetuser logged in successfully.
INFO 2026-07-09 00:47:40,509 utils 24728 9164 [SECURITY EVENT] Type: USER_REGISTRATION | User ID: ed20a01b-9e11-4ba4-87da-a590ef55533f | Details: Registered: valid_user1 | Email: validemail@example.com
INFO 2026-07-09 00:47:40,509 utils 24728 9164 [SECURITY EVENT] Type: EMAIL_VERIFICATION_SENT | User ID: ed20a01b-9e11-4ba4-87da-a590ef55533f | Details: Verification code generated.
WARNING 2026-07-09 00:50:06,516 log 19612 4520 Bad Request: /api/mood/
INFO 2026-07-09 00:51:22,181 utils 19612 4520 [SECURITY EVENT] Type: LOGIN_SUCCESS | User ID: 36013bf0-9e31-42d3-bd97-e7a36b8a2cf5 | Details: User aaaa logged in successfully.
INFO 2026-07-09 00:54:27,355 utils 26932 25532 [SECURITY EVENT] Type: EMAIL_VERIFICATION_SENT | User ID: 67b5b95b-920a-4f04-b9aa-52c8091f333e | Details: Verification code generated.
INFO 2026-07-09 00:54:27,890 utils 26932 25532 [SECURITY EVENT] Type: EMAIL_VERIFICATION_SENT | User ID: 4220e38e-34c7-44bb-a0cc-674489c5eaf9 | Details: Verification code generated.
INFO 2026-07-09 00:54:27,892 utils 26932 25532 [SECURITY EVENT] Type: EMAIL_VERIFICATION_SUCCESS | User ID: 4220e38e-34c7-44bb-a0cc-674489c5eaf9 | Details: Verified email: verifyuser@example.com
INFO 2026-07-09 00:54:28,379 utils 26932 25532 [SECURITY EVENT] Type: GOOGLE_AUTH_FAILURE | User ID: ANONYMOUS | Details: Token verification failed: Wrong number of segments in token: b'real_unverified_token'
INFO 2026-07-09 00:54:28,384 utils 26932 25532 [SECURITY EVENT] Type: USER_REGISTRATION_GOOGLE | User ID: 5d24fc68-749a-4afa-990a-411a78e20963 | Details: Registered via Google OAuth: googletest (googletest@example.com)
INFO 2026-07-09 00:54:28,386 utils 26932 25532 [SECURITY EVENT] Type: LOGIN_SUCCESS_GOOGLE | User ID: 5d24fc68-749a-4afa-990a-411a78e20963 | Details: Logged in user googletest via Google OAuth.
INFO 2026-07-09 00:54:29,404 utils 26932 25532 [SECURITY EVENT] Type: LOGIN_FAILURE_INACTIVE | User ID: a43f2a7b-b60d-41b1-abab-4fd1253d0532 | Details: Attempted login on inactive account: loginuser
INFO 2026-07-09 00:54:30,419 utils 26932 25532 [SECURITY EVENT] Type: LOGIN_FAILURE | User ID: 7a7bf427-164f-4f9b-95a5-11e5d822ab6e | Details: Incorrect password attempt for user: loginuser
INFO 2026-07-09 00:54:31,416 utils 26932 25532 [SECURITY EVENT] Type: LOGIN_SUCCESS | User ID: f50f50db-9c34-4f46-9ded-208a0867f743 | Details: User loginuser logged in successfully.
INFO 2026-07-09 00:54:32,407 utils 26932 25532 [SECURITY EVENT] Type: LOGIN_SUCCESS | User ID: 4a00f629-e57c-4cd4-8ce3-51cd2ffb0497 | Details: User loginuser logged in successfully.
INFO 2026-07-09 00:54:32,958 utils 26932 25532 [SECURITY EVENT] Type: PASSWORD_RESET_REQUESTED | User ID: d2f88dda-73b6-4608-bab1-0ed65eb9df8e | Details: Issued password reset token.
INFO 2026-07-09 00:54:33,519 utils 26932 25532 [SECURITY EVENT] Type: PASSWORD_RESET_REQUESTED | User ID: 9d5e0701-cc3a-44b9-8ddf-b7b824a4001c | Details: Issued password reset token.
INFO 2026-07-09 00:54:34,058 utils 26932 25532 [SECURITY EVENT] Type: PASSWORD_RESET_REQUESTED | User ID: 76cbe057-83a5-4368-b397-a3fe95264a77 | Details: Issued password reset token.
INFO 2026-07-09 00:54:34,602 utils 26932 25532 [SECURITY EVENT] Type: PASSWORD_RESET_SUCCESS | User ID: 76cbe057-83a5-4368-b397-a3fe95264a77 | Details: Password successfully reset via token.
INFO 2026-07-09 00:54:36,510 utils 26932 25532 [SECURITY EVENT] Type: LOGIN_SUCCESS | User ID: 76cbe057-83a5-4368-b397-a3fe95264a77 | Details: User resetuser logged in successfully.
INFO 2026-07-09 00:54:39,154 utils 26932 25532 [SECURITY EVENT] Type: USER_REGISTRATION | User ID: 9acae742-a83e-4dc6-ac31-737316e8c8ce | Details: Registered: valid_user1 | Email: validemail@example.com
INFO 2026-07-09 00:54:39,158 utils 26932 25532 [SECURITY EVENT] Type: EMAIL_VERIFICATION_SENT | User ID: 9acae742-a83e-4dc6-ac31-737316e8c8ce | Details: Verification code generated.
WARNING 2026-07-09 00:54:43,984 log 26932 25532 Bad Request: /api/mood/
WARNING 2026-07-09 00:57:14,775 log 19612 18096 Bad Request: /api/auth/logout/
INFO 2026-07-09 00:57:32,340 utils 19612 18096 [SECURITY EVENT] Type: LOGIN_FAILURE | User ID: 36013bf0-9e31-42d3-bd97-e7a36b8a2cf5 | Details: Incorrect password attempt for user: aaaa
WARNING 2026-07-09 00:57:32,342 log 19612 18096 Bad Request: /api/auth/login/
INFO 2026-07-09 00:57:42,830 utils 19612 7616 [SECURITY EVENT] Type: LOGIN_SUCCESS | User ID: 36013bf0-9e31-42d3-bd97-e7a36b8a2cf5 | Details: User aaaa logged in successfully.
WARNING 2026-07-09 00:58:27,693 log 19612 15872 Bad Request: /api/auth/register/
INFO 2026-07-09 00:58:37,450 utils 19612 15872 [SECURITY EVENT] Type: USER_REGISTRATION | User ID: 00501919-a288-4a02-bae5-86c11b0dfcda | Details: Registered: acds | Email: gakshita103@gmail.com
INFO 2026-07-09 00:58:37,457 utils 19612 15872 [SECURITY EVENT] Type: EMAIL_VERIFICATION_SENT | User ID: 00501919-a288-4a02-bae5-86c11b0dfcda | Details: Verification code generated.
INFO 2026-07-09 00:59:05,533 utils 19612 15872 [SECURITY EVENT] Type: LOGIN_SUCCESS | User ID: 00501919-a288-4a02-bae5-86c11b0dfcda | Details: User acds logged in successfully.
WARNING 2026-07-09 01:00:06,084 log 19612 7616 Not Found: /api/assessment/
WARNING 2026-07-09 01:02:40,410 log 19612 12312 Bad Request: /api/mood/
INFO 2026-07-09 01:04:47,269 autoreload 19612 7424 C:\Users\HP\Documents\mindCompass\MindCompass-AI\backend\users\models.py changed, reloading.
INFO 2026-07-09 01:04:49,451 autoreload 26976 23572 Watching for file changes with StatReloader
INFO 2026-07-09 01:06:14,530 utils 27096 9400 [SECURITY EVENT] Type: EMAIL_VERIFICATION_SENT | User ID: 2ffab638-1ec7-49d3-851f-36adf2d704d8 | Details: Verification code generated.
INFO 2026-07-09 01:06:15,097 utils 27096 9400 [SECURITY EVENT] Type: EMAIL_VERIFICATION_SENT | User ID: 0fc42443-6c3c-428d-99a0-87b5b471f8bf | Details: Verification code generated.
INFO 2026-07-09 01:06:15,099 utils 27096 9400 [SECURITY EVENT] Type: EMAIL_VERIFICATION_SUCCESS | User ID: 0fc42443-6c3c-428d-99a0-87b5b471f8bf | Details: Verified email: verifyuser@example.com
INFO 2026-07-09 01:06:15,618 utils 27096 9400 [SECURITY EVENT] Type: GOOGLE_AUTH_FAILURE | User ID: ANONYMOUS | Details: Token verification failed: Wrong number of segments in token: b'real_unverified_token'
INFO 2026-07-09 01:06:15,624 utils 27096 9400 [SECURITY EVENT] Type: USER_REGISTRATION_GOOGLE | User ID: cc3b6f85-fdd6-48a2-95eb-1a86492b1205 | Details: Registered via Google OAuth: googletest (googletest@example.com)
INFO 2026-07-09 01:06:15,626 utils 27096 9400 [SECURITY EVENT] Type: LOGIN_SUCCESS_GOOGLE | User ID: cc3b6f85-fdd6-48a2-95eb-1a86492b1205 | Details: Logged in user googletest via Google OAuth.
INFO 2026-07-09 01:06:17,440 utils 27096 9400 [SECURITY EVENT] Type: LOGIN_FAILURE_INACTIVE | User ID: cefbb342-8f9c-4546-837f-38e2f8278daf | Details: Attempted login on inactive account: loginuser
INFO 2026-07-09 01:06:22,388 utils 27096 9400 [SECURITY EVENT] Type: LOGIN_FAILURE | User ID: b07a47b5-5a61-4946-8e39-8132ff26668a | Details: Incorrect password attempt for user: loginuser
INFO 2026-07-09 01:06:26,539 utils 27096 9400 [SECURITY EVENT] Type: LOGIN_SUCCESS | User ID: 87ce1d35-af6e-4845-9df4-0321885ca02c | Details: User loginuser logged in successfully.
INFO 2026-07-09 01:06:30,731 utils 27096 9400 [SECURITY EVENT] Type: LOGIN_SUCCESS | User ID: b09e98c8-cfe9-4014-b396-f3c33309bc17 | Details: User loginuser logged in successfully.
INFO 2026-07-09 01:06:32,798 utils 27096 9400 [SECURITY EVENT] Type: PASSWORD_RESET_REQUESTED | User ID: eb514e22-a5b8-40ea-8461-1b09c31b2912 | Details: Issued password reset token.
INFO 2026-07-09 01:06:34,952 utils 27096 9400 [SECURITY EVENT] Type: PASSWORD_RESET_REQUESTED | User ID: 45a26379-e131-406a-bf2c-02cdc3ff9ee1 | Details: Issued password reset token.
INFO 2026-07-09 01:06:37,338 utils 27096 9400 [SECURITY EVENT] Type: PASSWORD_RESET_REQUESTED | User ID: a6682f6a-29dc-4a34-884e-ec5ea47ad2d8 | Details: Issued password reset token.
INFO 2026-07-09 01:06:39,506 utils 27096 9400 [SECURITY EVENT] Type: PASSWORD_RESET_SUCCESS | User ID: a6682f6a-29dc-4a34-884e-ec5ea47ad2d8 | Details: Password successfully reset via token.
INFO 2026-07-09 01:06:41,668 utils 27096 9400 [SECURITY EVENT] Type: LOGIN_SUCCESS | User ID: a6682f6a-29dc-4a34-884e-ec5ea47ad2d8 | Details: User resetuser logged in successfully.
INFO 2026-07-09 01:06:44,200 utils 27096 9400 [SECURITY EVENT] Type: USER_REGISTRATION | User ID: f073b609-0bb1-4dcf-9bba-590ade13db7f | Details: Registered: valid_user1 | Email: validemail@example.com
INFO 2026-07-09 01:06:44,203 utils 27096 9400 [SECURITY EVENT] Type: EMAIL_VERIFICATION_SENT | User ID: f073b609-0bb1-4dcf-9bba-590ade13db7f | Details: Verification code generated.
WARNING 2026-07-09 01:06:48,587 log 27096 9400 Bad Request: /api/mood/
INFO 2026-07-09 01:07:10,825 autoreload 26976 23572 C:\Users\HP\Documents\mindCompass\MindCompass-AI\backend\users\models.py changed, reloading.
INFO 2026-07-09 01:07:11,838 autoreload 21124 26444 Watching for file changes with StatReloader
INFO 2026-07-09 01:08:48,283 utils 21124 16056 [SECURITY EVENT] Type: LOGIN_SUCCESS | User ID: 00501919-a288-4a02-bae5-86c11b0dfcda | Details: User acds logged in successfully.
INFO 2026-07-09 01:10:25,099 autoreload 21124 26444 C:\Users\HP\Documents\mindCompass\MindCompass-AI\backend\users\views.py changed, reloading.
INFO 2026-07-09 01:10:26,080 autoreload 8760 5852 Watching for file changes with StatReloader
INFO 2026-07-09 01:10:29,740 autoreload 8760 5852 C:\Users\HP\Documents\mindCompass\MindCompass-AI\backend\insights\services.py changed, reloading.
INFO 2026-07-09 01:10:30,773 autoreload 18408 1452 Watching for file changes with StatReloader
INFO 2026-07-09 01:10:36,399 autoreload 18408 1452 C:\Users\HP\Documents\mindCompass\MindCompass-AI\backend\insights\views.py changed, reloading.
INFO 2026-07-09 01:10:37,598 autoreload 6704 25996 Watching for file changes with StatReloader
INFO 2026-07-09 01:10:57,302 utils 12584 13376 [SECURITY EVENT] Type: EMAIL_VERIFICATION_SENT | User ID: 88203be1-c1b0-4e1e-bbbc-007a385fbb05 | Details: Verification code generated.
INFO 2026-07-09 01:10:57,913 utils 12584 13376 [SECURITY EVENT] Type: EMAIL_VERIFICATION_SENT | User ID: 6012bfab-087d-45ce-be58-2afcd8c4c7e2 | Details: Verification code generated.
INFO 2026-07-09 01:10:57,915 utils 12584 13376 [SECURITY EVENT] Type: EMAIL_VERIFICATION_SUCCESS | User ID: 6012bfab-087d-45ce-be58-2afcd8c4c7e2 | Details: Verified email: verifyuser@example.com
INFO 2026-07-09 01:10:58,419 utils 12584 13376 [SECURITY EVENT] Type: GOOGLE_AUTH_FAILURE | User ID: ANONYMOUS | Details: Token verification failed: Wrong number of segments in token: b'real_unverified_token'
INFO 2026-07-09 01:10:58,424 utils 12584 13376 [SECURITY EVENT] Type: USER_REGISTRATION_GOOGLE | User ID: de134d6e-0308-44b5-9dd2-ec1e15c6957b | Details: Registered via Google OAuth: googletest (googletest@example.com)
INFO 2026-07-09 01:10:58,426 utils 12584 13376 [SECURITY EVENT] Type: LOGIN_SUCCESS_GOOGLE | User ID: de134d6e-0308-44b5-9dd2-ec1e15c6957b | Details: Logged in user googletest via Google OAuth.
INFO 2026-07-09 01:11:01,326 utils 12584 13376 [SECURITY EVENT] Type: LOGIN_FAILURE_INACTIVE | User ID: 5d9d83e8-02d0-4367-b203-9017f5b541d6 | Details: Attempted login on inactive account: loginuser
INFO 2026-07-09 01:11:06,215 utils 12584 13376 [SECURITY EVENT] Type: LOGIN_FAILURE | User ID: ad76d3de-694a-4633-bbf0-8f0ea314a07c | Details: Incorrect password attempt for user: loginuser
INFO 2026-07-09 01:11:10,338 utils 12584 13376 [SECURITY EVENT] Type: LOGIN_SUCCESS | User ID: fccff2f2-ca08-4416-b7aa-ea7c97ecbe94 | Details: User loginuser logged in successfully.
INFO 2026-07-09 01:11:14,524 utils 12584 13376 [SECURITY EVENT] Type: LOGIN_SUCCESS | User ID: 12f5c550-9665-4d8e-b32f-a8534624f301 | Details: User loginuser logged in successfully.
INFO 2026-07-09 01:11:16,730 utils 12584 13376 [SECURITY EVENT] Type: PASSWORD_RESET_REQUESTED | User ID: 93149e5a-ead8-4476-ad23-d18e3f9a1b65 | Details: Issued password reset token.
INFO 2026-07-09 01:11:18,140 utils 12584 13376 [SECURITY EVENT] Type: PASSWORD_RESET_REQUESTED | User ID: 70327fe6-f52e-474c-8459-8edacc022021 | Details: Issued password reset token.
INFO 2026-07-09 01:11:19,221 utils 12584 13376 [SECURITY EVENT] Type: PASSWORD_RESET_REQUESTED | User ID: 60786028-eb94-49d9-9cd7-49881dfb276f | Details: Issued password reset token.
INFO 2026-07-09 01:11:21,332 utils 12584 13376 [SECURITY EVENT] Type: PASSWORD_RESET_SUCCESS | User ID: 60786028-eb94-49d9-9cd7-49881dfb276f | Details: Password successfully reset via token.
INFO 2026-07-09 01:11:22,583 utils 12584 13376 [SECURITY EVENT] Type: LOGIN_SUCCESS | User ID: 60786028-eb94-49d9-9cd7-49881dfb276f | Details: User resetuser logged in successfully.
INFO 2026-07-09 01:11:23,167 utils 12584 13376 [SECURITY EVENT] Type: USER_REGISTRATION | User ID: b0079a18-d98d-4e46-8ab3-cff7fd586cac | Details: Registered: valid_user1 | Email: validemail@example.com
INFO 2026-07-09 01:11:23,168 utils 12584 13376 [SECURITY EVENT] Type: EMAIL_VERIFICATION_SENT | User ID: b0079a18-d98d-4e46-8ab3-cff7fd586cac | Details: Verification code generated.
WARNING 2026-07-09 01:11:24,228 log 12584 13376 Bad Request: /api/mood/
INFO 2026-07-09 01:14:06,694 autoreload 6704 25996 C:\Users\HP\Documents\mindCompass\MindCompass-AI\backend\mood\services.py changed, reloading.
INFO 2026-07-09 01:14:08,249 autoreload 18052 4088 Watching for file changes with StatReloader
INFO 2026-07-09 01:15:01,516 utils 26208 7780 [SECURITY EVENT] Type: EMAIL_VERIFICATION_SENT | User ID: 46483f08-bf6d-4537-b9e7-50d0eaf15c81 | Details: Verification code generated.
INFO 2026-07-09 01:15:02,074 utils 26208 7780 [SECURITY EVENT] Type: EMAIL_VERIFICATION_SENT | User ID: c6279fc2-0254-4b5c-a278-046b19dc010a | Details: Verification code generated.
INFO 2026-07-09 01:15:02,077 utils 26208 7780 [SECURITY EVENT] Type: EMAIL_VERIFICATION_SUCCESS | User ID: c6279fc2-0254-4b5c-a278-046b19dc010a | Details: Verified email: verifyuser@example.com
INFO 2026-07-09 01:15:02,659 utils 26208 7780 [SECURITY EVENT] Type: GOOGLE_AUTH_FAILURE | User ID: ANONYMOUS | Details: Token verification failed: Wrong number of segments in token: b'real_unverified_token'
INFO 2026-07-09 01:15:02,662 utils 26208 7780 [SECURITY EVENT] Type: USER_REGISTRATION_GOOGLE | User ID: be489e57-552a-43ef-b545-172300bf628a | Details: Registered via Google OAuth: googletest (googletest@example.com)
INFO 2026-07-09 01:15:02,663 utils 26208 7780 [SECURITY EVENT] Type: LOGIN_SUCCESS_GOOGLE | User ID: be489e57-552a-43ef-b545-172300bf628a | Details: Logged in user googletest via Google OAuth.
INFO 2026-07-09 01:15:06,430 utils 26208 7780 [SECURITY EVENT] Type: LOGIN_FAILURE_INACTIVE | User ID: eaa96b33-50f6-4e31-af11-0ac57d65f285 | Details: Attempted login on inactive account: loginuser
INFO 2026-07-09 01:15:10,867 utils 26208 7780 [SECURITY EVENT] Type: LOGIN_FAILURE | User ID: d88ebaa5-53c5-40fd-9451-c428f12f985e | Details: Incorrect password attempt for user: loginuser
INFO 2026-07-09 01:15:13,431 utils 26208 7780 [SECURITY EVENT] Type: LOGIN_SUCCESS | User ID: 2057353d-d12a-4aa3-81a3-a5cdfa7ce27e | Details: User loginuser logged in successfully.
INFO 2026-07-09 01:15:14,471 utils 26208 7780 [SECURITY EVENT] Type: LOGIN_SUCCESS | User ID: 1f9a2214-c15a-4e5b-a295-5cf2b1523372 | Details: User loginuser logged in successfully.
INFO 2026-07-09 01:15:15,007 utils 26208 7780 [SECURITY EVENT] Type: PASSWORD_RESET_REQUESTED | User ID: c68faccd-c5ef-49a3-9496-a0879e5f0e0b | Details: Issued password reset token.
INFO 2026-07-09 01:15:15,528 utils 26208 7780 [SECURITY EVENT] Type: PASSWORD_RESET_REQUESTED | User ID: 65b64bc2-a71d-4242-bd33-c897c8993f5f | Details: Issued password reset token.
INFO 2026-07-09 01:15:16,086 utils 26208 7780 [SECURITY EVENT] Type: PASSWORD_RESET_REQUESTED | User ID: d554d205-eb4f-4255-be21-395b7694cd3e | Details: Issued password reset token.
INFO 2026-07-09 01:15:16,672 utils 26208 7780 [SECURITY EVENT] Type: PASSWORD_RESET_SUCCESS | User ID: d554d205-eb4f-4255-be21-395b7694cd3e | Details: Password successfully reset via token.
INFO 2026-07-09 01:15:17,238 utils 26208 7780 [SECURITY EVENT] Type: LOGIN_SUCCESS | User ID: d554d205-eb4f-4255-be21-395b7694cd3e | Details: User resetuser logged in successfully.
INFO 2026-07-09 01:15:17,862 utils 26208 7780 [SECURITY EVENT] Type: USER_REGISTRATION | User ID: 021a2a5b-a967-40a6-b9d4-ace9ff5fe9ef | Details: Registered: valid_user1 | Email: validemail@example.com
INFO 2026-07-09 01:15:17,863 utils 26208 7780 [SECURITY EVENT] Type: EMAIL_VERIFICATION_SENT | User ID: 021a2a5b-a967-40a6-b9d4-ace9ff5fe9ef | Details: Verification code generated.
INFO 2026-07-09 01:17:52,036 utils 18052 10604 [SECURITY EVENT] Type: LOGIN_SUCCESS | User ID: 36013bf0-9e31-42d3-bd97-e7a36b8a2cf5 | Details: User aaaa logged in successfully.
INFO 2026-07-09 01:21:20,512 utils 7644 15368 [SECURITY EVENT] Type: EMAIL_VERIFICATION_SENT | User ID: d73b0808-3722-4c8d-88f3-db018010d609 | Details: Verification code generated.
INFO 2026-07-09 01:21:21,659 utils 7644 15368 [SECURITY EVENT] Type: EMAIL_VERIFICATION_SENT | User ID: 2464a98d-2ee8-4337-bfab-907b551a7df7 | Details: Verification code generated.
INFO 2026-07-09 01:21:21,664 utils 7644 15368 [SECURITY EVENT] Type: EMAIL_VERIFICATION_SUCCESS | User ID: 2464a98d-2ee8-4337-bfab-907b551a7df7 | Details: Verified email: verifyuser@example.com
INFO 2026-07-09 01:21:22,477 utils 7644 15368 [SECURITY EVENT] Type: GOOGLE_AUTH_FAILURE | User ID: ANONYMOUS | Details: Token verification failed: Wrong number of segments in token: b'real_unverified_token'
INFO 2026-07-09 01:21:22,481 utils 7644 15368 [SECURITY EVENT] Type: USER_REGISTRATION_GOOGLE | User ID: 31c71ba4-21fb-43b8-847b-70ac971a0ed5 | Details: Registered via Google OAuth: googletest (googletest@example.com)
INFO 2026-07-09 01:21:22,482 utils 7644 15368 [SECURITY EVENT] Type: LOGIN_SUCCESS_GOOGLE | User ID: 31c71ba4-21fb-43b8-847b-70ac971a0ed5 | Details: Logged in user googletest via Google OAuth.
INFO 2026-07-09 01:21:24,514 utils 7644 15368 [SECURITY EVENT] Type: LOGIN_FAILURE_INACTIVE | User ID: 8c3e034f-f66b-41b3-8978-99166c574e2f | Details: Attempted login on inactive account: loginuser
INFO 2026-07-09 01:21:26,363 utils 7644 15368 [SECURITY EVENT] Type: LOGIN_FAILURE | User ID: 935c1ca4-9d28-467f-9e79-2c23b1f7d97e | Details: Incorrect password attempt for user: loginuser
INFO 2026-07-09 01:21:28,311 utils 7644 15368 [SECURITY EVENT] Type: LOGIN_SUCCESS | User ID: 822bdf00-fbb4-4bba-af1b-9785f690d745 | Details: User loginuser logged in successfully.
INFO 2026-07-09 01:21:30,126 utils 7644 15368 [SECURITY EVENT] Type: LOGIN_SUCCESS | User ID: 8bb27b37-2ac8-47d3-b240-7b3eca4a7217 | Details: User loginuser logged in successfully.
INFO 2026-07-09 01:21:31,116 utils 7644 15368 [SECURITY EVENT] Type: PASSWORD_RESET_REQUESTED | User ID: 20ff6e0c-857b-42a5-b917-6810d120c99c | Details: Issued password reset token.
INFO 2026-07-09 01:21:32,948 utils 7644 15368 [SECURITY EVENT] Type: PASSWORD_RESET_REQUESTED | User ID: 926f8745-2ba8-4b5f-ab42-ba26f5214d56 | Details: Issued password reset token.
INFO 2026-07-09 01:21:35,093 utils 7644 15368 [SECURITY EVENT] Type: PASSWORD_RESET_REQUESTED | User ID: 15817070-9282-452b-87d6-84e7024908f8 | Details: Issued password reset token.
INFO 2026-07-09 01:21:37,308 utils 7644 15368 [SECURITY EVENT] Type: PASSWORD_RESET_SUCCESS | User ID: 15817070-9282-452b-87d6-84e7024908f8 | Details: Password successfully reset via token.
INFO 2026-07-09 01:21:39,758 utils 7644 15368 [SECURITY EVENT] Type: LOGIN_SUCCESS | User ID: 15817070-9282-452b-87d6-84e7024908f8 | Details: User resetuser logged in successfully.
INFO 2026-07-09 01:21:42,208 utils 7644 15368 [SECURITY EVENT] Type: USER_REGISTRATION | User ID: ccaa5612-2825-4931-8af7-42a74ad34370 | Details: Registered: valid_user1 | Email: validemail@example.com
INFO 2026-07-09 01:21:42,211 utils 7644 15368 [SECURITY EVENT] Type: EMAIL_VERIFICATION_SENT | User ID: ccaa5612-2825-4931-8af7-42a74ad34370 | Details: Verification code generated.
INFO 2026-07-09 01:23:30,259 autoreload 18052 4088 C:\Users\HP\Documents\mindCompass\MindCompass-AI\backend\mood\services.py changed, reloading.
INFO 2026-07-09 01:23:31,895 autoreload 24440 26092 Watching for file changes with StatReloader
INFO 2026-07-09 01:24:32,074 utils 564 25232 [SECURITY EVENT] Type: EMAIL_VERIFICATION_SENT | User ID: 09c7d9fe-d43e-44e8-87fa-202ec3f7af4b | Details: Verification code generated.
INFO 2026-07-09 01:24:33,166 utils 564 25232 [SECURITY EVENT] Type: EMAIL_VERIFICATION_SENT | User ID: e2cc5643-a48c-4697-ac12-3d1fb86b0a85 | Details: Verification code generated.
INFO 2026-07-09 01:24:33,170 utils 564 25232 [SECURITY EVENT] Type: EMAIL_VERIFICATION_SUCCESS | User ID: e2cc5643-a48c-4697-ac12-3d1fb86b0a85 | Details: Verified email: verifyuser@example.com
INFO 2026-07-09 01:24:33,945 utils 564 25232 [SECURITY EVENT] Type: GOOGLE_AUTH_FAILURE | User ID: ANONYMOUS | Details: Token verification failed: Wrong number of segments in token: b'real_unverified_token'
INFO 2026-07-09 01:24:33,950 utils 564 25232 [SECURITY EVENT] Type: USER_REGISTRATION_GOOGLE | User ID: e3661b9a-31d5-4802-a7c6-4a52ba8687cf | Details: Registered via Google OAuth: googletest (googletest@example.com)
INFO 2026-07-09 01:24:33,954 utils 564 25232 [SECURITY EVENT] Type: LOGIN_SUCCESS_GOOGLE | User ID: e3661b9a-31d5-4802-a7c6-4a52ba8687cf | Details: Logged in user googletest via Google OAuth.
INFO 2026-07-09 01:24:37,878 utils 564 25232 [SECURITY EVENT] Type: LOGIN_FAILURE_INACTIVE | User ID: 0167c5e6-d58b-4027-b63f-d3d02f04d703 | Details: Attempted login on inactive account: loginuser
INFO 2026-07-09 01:24:42,178 utils 564 25232 [SECURITY EVENT] Type: LOGIN_FAILURE | User ID: 615cc799-38cb-41f3-8a5d-c7c5a476048d | Details: Incorrect password attempt for user: loginuser
INFO 2026-07-09 01:24:46,389 utils 564 25232 [SECURITY EVENT] Type: LOGIN_SUCCESS | User ID: c32ca3df-663a-4bdb-8570-5d8d4e638ce9 | Details: User loginuser logged in successfully.
INFO 2026-07-09 01:24:51,079 utils 564 25232 [SECURITY EVENT] Type: LOGIN_SUCCESS | User ID: 26188df0-0493-4f56-bb7a-5cf62d9dc89a | Details: User loginuser logged in successfully.
INFO 2026-07-09 01:24:53,321 utils 564 25232 [SECURITY EVENT] Type: PASSWORD_RESET_REQUESTED | User ID: cfbe1314-02ba-4295-b171-bbba141fd4f8 | Details: Issued password reset token.
INFO 2026-07-09 01:24:55,450 utils 564 25232 [SECURITY EVENT] Type: PASSWORD_RESET_REQUESTED | User ID: f6ad3946-fa88-4d82-be45-503a9d3a0dd4 | Details: Issued password reset token.
INFO 2026-07-09 01:24:57,674 utils 564 25232 [SECURITY EVENT] Type: PASSWORD_RESET_REQUESTED | User ID: 8f149135-f292-4813-9ee1-a790eafeef36 | Details: Issued password reset token.
INFO 2026-07-09 01:24:59,844 utils 564 25232 [SECURITY EVENT] Type: PASSWORD_RESET_SUCCESS | User ID: 8f149135-f292-4813-9ee1-a790eafeef36 | Details: Password successfully reset via token.
INFO 2026-07-09 01:25:01,948 utils 564 25232 [SECURITY EVENT] Type: LOGIN_SUCCESS | User ID: 8f149135-f292-4813-9ee1-a790eafeef36 | Details: User resetuser logged in successfully.
INFO 2026-07-09 01:25:04,207 utils 564 25232 [SECURITY EVENT] Type: USER_REGISTRATION | User ID: 7a252516-288a-49d6-a9a8-6a1e884e2c22 | Details: Registered: valid_user1 | Email: validemail@example.com
INFO 2026-07-09 01:25:04,210 utils 564 25232 [SECURITY EVENT] Type: EMAIL_VERIFICATION_SENT | User ID: 7a252516-288a-49d6-a9a8-6a1e884e2c22 | Details: Verification code generated.
WARNING 2026-07-09 01:25:08,677 log 564 25232 Bad Request: /api/mood/
WARNING 2026-07-09 01:25:08,702 log 564 25232 Bad Request: /api/journal/
INFO 2026-07-09 01:27:23,413 utils 9020 19744 [SECURITY EVENT] Type: EMAIL_VERIFICATION_SENT | User ID: 79d891e0-0268-4d59-bd36-09d09b6fd846 | Details: Verification code generated.
INFO 2026-07-09 01:27:25,219 utils 9020 19744 [SECURITY EVENT] Type: EMAIL_VERIFICATION_SENT | User ID: ac255f52-00ee-4fa9-9e29-fcffd3d71f7e | Details: Verification code generated.
INFO 2026-07-09 01:27:25,232 utils 9020 19744 [SECURITY EVENT] Type: EMAIL_VERIFICATION_SUCCESS | User ID: ac255f52-00ee-4fa9-9e29-fcffd3d71f7e | Details: Verified email: verifyuser@example.com
INFO 2026-07-09 01:27:27,706 utils 9020 19744 [SECURITY EVENT] Type: GOOGLE_AUTH_FAILURE | User ID: ANONYMOUS | Details: Token verification failed: Wrong number of segments in token: b'real_unverified_token'
INFO 2026-07-09 01:27:27,716 utils 9020 19744 [SECURITY EVENT] Type: USER_REGISTRATION_GOOGLE | User ID: 2a19fbff-aa5a-4a9b-825b-0f263d87fa5f | Details: Registered via Google OAuth: googletest (googletest@example.com)
INFO 2026-07-09 01:27:27,722 utils 9020 19744 [SECURITY EVENT] Type: LOGIN_SUCCESS_GOOGLE | User ID: 2a19fbff-aa5a-4a9b-825b-0f263d87fa5f | Details: Logged in user googletest via Google OAuth.
INFO 2026-07-09 01:27:31,472 utils 9020 19744 [SECURITY EVENT] Type: LOGIN_FAILURE_INACTIVE | User ID: 7ff789db-d792-430d-9b99-d653af90bc40 | Details: Attempted login on inactive account: loginuser
INFO 2026-07-09 01:27:33,475 utils 9020 19744 [SECURITY EVENT] Type: LOGIN_FAILURE | User ID: b5aa07d6-4ca1-4b3c-b1ba-fc07cfbd14cc | Details: Incorrect password attempt for user: loginuser
INFO 2026-07-09 01:27:35,267 utils 9020 19744 [SECURITY EVENT] Type: LOGIN_SUCCESS | User ID: e9104d7b-d681-4877-954f-ac6fdb3fa9cc | Details: User loginuser logged in successfully.
INFO 2026-07-09 01:27:39,548 utils 9020 19744 [SECURITY EVENT] Type: LOGIN_SUCCESS | User ID: 335b3a77-7d9e-4afc-842d-c66eb8385abe | Details: User loginuser logged in successfully.
INFO 2026-07-09 01:27:40,590 utils 9020 19744 [SECURITY EVENT] Type: PASSWORD_RESET_REQUESTED | User ID: 359b67bc-6939-4ebe-b895-5bd713fec4e6 | Details: Issued password reset token.
INFO 2026-07-09 01:27:41,668 utils 9020 19744 [SECURITY EVENT] Type: PASSWORD_RESET_REQUESTED | User ID: edb054ac-7071-4fa8-abe9-ddb93e745094 | Details: Issued password reset token.
INFO 2026-07-09 01:27:43,489 utils 9020 19744 [SECURITY EVENT] Type: PASSWORD_RESET_REQUESTED | User ID: 19f36a79-3297-4a40-9bd3-21e7d6ab4701 | Details: Issued password reset token.
INFO 2026-07-09 01:27:46,170 utils 9020 19744 [SECURITY EVENT] Type: PASSWORD_RESET_SUCCESS | User ID: 19f36a79-3297-4a40-9bd3-21e7d6ab4701 | Details: Password successfully reset via token.
INFO 2026-07-09 01:27:48,632 utils 9020 19744 [SECURITY EVENT] Type: LOGIN_SUCCESS | User ID: 19f36a79-3297-4a40-9bd3-21e7d6ab4701 | Details: User resetuser logged in successfully.
INFO 2026-07-09 01:27:51,662 utils 9020 19744 [SECURITY EVENT] Type: USER_REGISTRATION | User ID: 75d33896-2e6a-436b-a671-2d31e174ba93 | Details: Registered: valid_user1 | Email: validemail@example.com
INFO 2026-07-09 01:27:51,668 utils 9020 19744 [SECURITY EVENT] Type: EMAIL_VERIFICATION_SENT | User ID: 75d33896-2e6a-436b-a671-2d31e174ba93 | Details: Verification code generated.
WARNING 2026-07-09 01:27:56,871 log 9020 19744 Bad Request: /api/mood/
INFO 2026-07-09 01:27:57,679 utils 24440 9224 [SECURITY EVENT] Type: LOGIN_SUCCESS | User ID: 36013bf0-9e31-42d3-bd97-e7a36b8a2cf5 | Details: User aaaa logged in successfully.
INFO 2026-07-09 19:19:12,384 autoreload 20388 8984 Watching for file changes with StatReloader
WARNING 2026-07-09 19:19:16,399 log 20388 16952 Not Found: /
WARNING 2026-07-09 19:19:16,502 log 20388 16952 Not Found: /favicon.ico
INFO 2026-07-25 13:38:33,657 utils 14676 19220 [SECURITY EVENT] Type: EMAIL_VERIFICATION_SENT | User ID: 493c0cf0-a287-4017-832c-5f639c8625d2 | Details: Verification code generated.
INFO 2026-07-25 13:38:34,105 utils 14676 19220 [SECURITY EVENT] Type: EMAIL_VERIFICATION_SENT | User ID: d0654022-129c-4851-9b06-00cf05181723 | Details: Verification code generated.
INFO 2026-07-25 13:38:34,107 utils 14676 19220 [SECURITY EVENT] Type: EMAIL_VERIFICATION_SUCCESS | User ID: d0654022-129c-4851-9b06-00cf05181723 | Details: Verified email: verifyuser@example.com
INFO 2026-07-25 13:38:35,690 utils 14676 19220 [SECURITY EVENT] Type: GOOGLE_AUTH_FAILURE | User ID: ANONYMOUS | Details: Token verification failed: Wrong number of segments in token: b'real_unverified_token'
INFO 2026-07-25 13:38:35,692 utils 14676 19220 [SECURITY EVENT] Type: USER_REGISTRATION_GOOGLE | User ID: 64976bd4-3fbb-4a59-9054-30668dfadc6c | Details: Registered via Google OAuth: googletest (googletest@example.com)
INFO 2026-07-25 13:38:35,694 utils 14676 19220 [SECURITY EVENT] Type: LOGIN_SUCCESS_GOOGLE | User ID: 64976bd4-3fbb-4a59-9054-30668dfadc6c | Details: Logged in user googletest via Google OAuth.
INFO 2026-07-25 13:38:36,698 utils 14676 19220 [SECURITY EVENT] Type: LOGIN_FAILURE_INACTIVE | User ID: 9da188fb-8f10-4096-b33d-e8f813b150a1 | Details: Attempted login on inactive account: loginuser
INFO 2026-07-25 13:38:37,673 utils 14676 19220 [SECURITY EVENT] Type: LOGIN_FAILURE | User ID: 2813977e-3a31-44ed-be1c-3a580528f2a5 | Details: Incorrect password attempt for user: loginuser
INFO 2026-07-25 13:38:38,663 utils 14676 19220 [SECURITY EVENT] Type: LOGIN_SUCCESS | User ID: 88adcfcb-1db0-4c73-8fcf-8147c25c6422 | Details: User loginuser logged in successfully.
INFO 2026-07-25 13:38:39,596 utils 14676 19220 [SECURITY EVENT] Type: LOGIN_SUCCESS | User ID: 2c750463-bd7b-4ff3-bfcb-849a7ae21836 | Details: User loginuser logged in successfully.
INFO 2026-07-25 13:38:40,045 utils 14676 19220 [SECURITY EVENT] Type: PASSWORD_RESET_REQUESTED | User ID: b463dd82-1fb5-4fd4-b2b9-b4391e1cf33d | Details: Issued password reset token.
INFO 2026-07-25 13:38:40,520 utils 14676 19220 [SECURITY EVENT] Type: PASSWORD_RESET_REQUESTED | User ID: 8ff1d59c-0e42-4ad1-8b66-4f465eaa53ef | Details: Issued password reset token.
INFO 2026-07-25 13:38:40,971 utils 14676 19220 [SECURITY EVENT] Type: PASSWORD_RESET_REQUESTED | User ID: de9535c5-56e2-4275-83a0-1b8f5ed97986 | Details: Issued password reset token.
INFO 2026-07-25 13:38:41,435 utils 14676 19220 [SECURITY EVENT] Type: PASSWORD_RESET_SUCCESS | User ID: de9535c5-56e2-4275-83a0-1b8f5ed97986 | Details: Password successfully reset via token.
INFO 2026-07-25 13:38:41,880 utils 14676 19220 [SECURITY EVENT] Type: LOGIN_SUCCESS | User ID: de9535c5-56e2-4275-83a0-1b8f5ed97986 | Details: User resetuser logged in successfully.
INFO 2026-07-25 13:38:42,361 utils 14676 19220 [SECURITY EVENT] Type: USER_REGISTRATION | User ID: ba0d5c52-6741-4a3e-8a6e-bf6346378480 | Details: Registered: valid_user1 | Email: validemail@example.com
INFO 2026-07-25 13:38:42,362 utils 14676 19220 [SECURITY EVENT] Type: EMAIL_VERIFICATION_SENT | User ID: ba0d5c52-6741-4a3e-8a6e-bf6346378480 | Details: Verification code generated.
WARNING 2026-07-25 13:38:43,316 log 14676 19220 Bad Request: /api/mood/
INFO 2026-07-25 13:43:40,625 utils 11720 2432 [SECURITY EVENT] Type: EMAIL_VERIFICATION_SENT | User ID: dd1e49a2-5fce-4918-b184-c3c8211ba72c | Details: Verification code generated.
INFO 2026-07-25 13:43:41,118 utils 11720 2432 [SECURITY EVENT] Type: EMAIL_VERIFICATION_SENT | User ID: 32b809db-a1e9-489d-b48b-842a7adf40bd | Details: Verification code generated.
INFO 2026-07-25 13:43:41,120 utils 11720 2432 [SECURITY EVENT] Type: EMAIL_VERIFICATION_SUCCESS | User ID: 32b809db-a1e9-489d-b48b-842a7adf40bd | Details: Verified email: verifyuser@example.com
INFO 2026-07-25 13:43:41,617 utils 11720 2432 [SECURITY EVENT] Type: GOOGLE_AUTH_FAILURE | User ID: ANONYMOUS | Details: Token verification failed: Wrong number of segments in token: b'real_unverified_token'
INFO 2026-07-25 13:43:41,619 utils 11720 2432 [SECURITY EVENT] Type: USER_REGISTRATION_GOOGLE | User ID: 59b9058e-07d2-4476-b0ca-9d6e515579a4 | Details: Registered via Google OAuth: googletest (googletest@example.com)
INFO 2026-07-25 13:43:41,621 utils 11720 2432 [SECURITY EVENT] Type: LOGIN_SUCCESS_GOOGLE | User ID: 59b9058e-07d2-4476-b0ca-9d6e515579a4 | Details: Logged in user googletest via Google OAuth.
INFO 2026-07-25 13:43:42,596 utils 11720 2432 [SECURITY EVENT] Type: LOGIN_FAILURE_INACTIVE | User ID: 67a097f6-5b63-4198-9b6c-12d820b07a2f | Details: Attempted login on inactive account: loginuser
INFO 2026-07-25 13:43:43,552 utils 11720 2432 [SECURITY EVENT] Type: LOGIN_FAILURE | User ID: 43530112-96a4-4ada-9109-f9d27d475f81 | Details: Incorrect password attempt for user: loginuser
INFO 2026-07-25 13:43:44,442 utils 11720 2432 [SECURITY EVENT] Type: LOGIN_SUCCESS | User ID: d57438eb-0d33-4300-884f-9f5bfe080c88 | Details: User loginuser logged in successfully.
INFO 2026-07-25 13:43:45,337 utils 11720 2432 [SECURITY EVENT] Type: LOGIN_SUCCESS | User ID: 98fbf5e1-5544-446d-9d4b-8beb60eeb6b9 | Details: User loginuser logged in successfully.
INFO 2026-07-25 13:43:45,795 utils 11720 2432 [SECURITY EVENT] Type: PASSWORD_RESET_REQUESTED | User ID: 73d6599b-1bbe-4fa2-b607-edce6c12b0b3 | Details: Issued password reset token.
INFO 2026-07-25 13:43:46,268 utils 11720 2432 [SECURITY EVENT] Type: PASSWORD_RESET_REQUESTED | User ID: 36513b93-c66a-4f35-ade0-e17e24c2d098 | Details: Issued password reset token.
INFO 2026-07-25 13:43:46,740 utils 11720 2432 [SECURITY EVENT] Type: PASSWORD_RESET_REQUESTED | User ID: 69d469d4-3f80-48b0-82b8-20b7f8c9e71e | Details: Issued password reset token.
INFO 2026-07-25 13:43:47,216 utils 11720 2432 [SECURITY EVENT] Type: PASSWORD_RESET_SUCCESS | User ID: 69d469d4-3f80-48b0-82b8-20b7f8c9e71e | Details: Password successfully reset via token.
INFO 2026-07-25 13:43:47,664 utils 11720 2432 [SECURITY EVENT] Type: LOGIN_SUCCESS | User ID: 69d469d4-3f80-48b0-82b8-20b7f8c9e71e | Details: User resetuser logged in successfully.
INFO 2026-07-25 13:43:48,139 utils 11720 2432 [SECURITY EVENT] Type: USER_REGISTRATION | User ID: 5b97a3ea-a855-4584-bc9f-98db961994fb | Details: Registered: valid_user1 | Email: validemail@example.com
INFO 2026-07-25 13:43:48,139 utils 11720 2432 [SECURITY EVENT] Type: EMAIL_VERIFICATION_SENT | User ID: 5b97a3ea-a855-4584-bc9f-98db961994fb | Details: Verification code generated.
WARNING 2026-07-25 13:43:49,082 log 11720 2432 Bad Request: /api/mood/
INFO 2026-07-25 13:44:32,281 utils 13068 5540 [SECURITY EVENT] Type: EMAIL_VERIFICATION_SENT | User ID: d9670e33-01ec-4f80-9552-ebf3c8c789ff | Details: Verification code generated.
INFO 2026-07-25 13:44:32,734 utils 13068 5540 [SECURITY EVENT] Type: EMAIL_VERIFICATION_SENT | User ID: cd81a712-a231-43c1-8250-1bf2c3ff9fd2 | Details: Verification code generated.
INFO 2026-07-25 13:44:32,736 utils 13068 5540 [SECURITY EVENT] Type: EMAIL_VERIFICATION_SUCCESS | User ID: cd81a712-a231-43c1-8250-1bf2c3ff9fd2 | Details: Verified email: verifyuser@example.com
INFO 2026-07-25 13:44:33,215 utils 13068 5540 [SECURITY EVENT] Type: GOOGLE_AUTH_FAILURE | User ID: ANONYMOUS | Details: Token verification failed: Wrong number of segments in token: b'real_unverified_token'
INFO 2026-07-25 13:44:33,218 utils 13068 5540 [SECURITY EVENT] Type: USER_REGISTRATION_GOOGLE | User ID: 350936da-1e66-4b40-a48f-85639b485005 | Details: Registered via Google OAuth: googletest (googletest@example.com)
INFO 2026-07-25 13:44:33,219 utils 13068 5540 [SECURITY EVENT] Type: LOGIN_SUCCESS_GOOGLE | User ID: 350936da-1e66-4b40-a48f-85639b485005 | Details: Logged in user googletest via Google OAuth.
INFO 2026-07-25 13:44:34,136 utils 13068 5540 [SECURITY EVENT] Type: LOGIN_FAILURE_INACTIVE | User ID: 1e87ddd7-2b9f-4ea8-b672-1f8a11d48dfe | Details: Attempted login on inactive account: loginuser
INFO 2026-07-25 13:44:35,035 utils 13068 5540 [SECURITY EVENT] Type: LOGIN_FAILURE | User ID: 956ff92e-622a-49c8-bb24-cd57f4d67121 | Details: Incorrect password attempt for user: loginuser
INFO 2026-07-25 13:44:35,946 utils 13068 5540 [SECURITY EVENT] Type: LOGIN_SUCCESS | User ID: 89cd0cf5-4028-489d-9beb-ac519f62a77e | Details: User loginuser logged in successfully.
INFO 2026-07-25 13:44:36,844 utils 13068 5540 [SECURITY EVENT] Type: LOGIN_SUCCESS | User ID: 46d83e64-0f27-4f8b-9bf7-c5de627a69fb | Details: User loginuser logged in successfully.
INFO 2026-07-25 13:44:37,298 utils 13068 5540 [SECURITY EVENT] Type: PASSWORD_RESET_REQUESTED | User ID: 5f698d96-e4ee-4cf0-86e1-9e06b88cf50a | Details: Issued password reset token.
INFO 2026-07-25 13:44:37,744 utils 13068 5540 [SECURITY EVENT] Type: PASSWORD_RESET_REQUESTED | User ID: 7224efeb-5d52-4f6c-99dd-277fc49f8bef | Details: Issued password reset token.
INFO 2026-07-25 13:44:38,197 utils 13068 5540 [SECURITY EVENT] Type: PASSWORD_RESET_REQUESTED | User ID: 01ab1a1e-4840-4cd7-aaf3-4b628113c1fc | Details: Issued password reset token.
INFO 2026-07-25 13:44:38,649 utils 13068 5540 [SECURITY EVENT] Type: PASSWORD_RESET_SUCCESS | User ID: 01ab1a1e-4840-4cd7-aaf3-4b628113c1fc | Details: Password successfully reset via token.
INFO 2026-07-25 13:44:39,106 utils 13068 5540 [SECURITY EVENT] Type: LOGIN_SUCCESS | User ID: 01ab1a1e-4840-4cd7-aaf3-4b628113c1fc | Details: User resetuser logged in successfully.
INFO 2026-07-25 13:44:39,581 utils 13068 5540 [SECURITY EVENT] Type: USER_REGISTRATION | User ID: cf59542b-ebb2-49c4-97c9-dfd5f9d44b6a | Details: Registered: valid_user1 | Email: validemail@example.com
INFO 2026-07-25 13:44:39,582 utils 13068 5540 [SECURITY EVENT] Type: EMAIL_VERIFICATION_SENT | User ID: cf59542b-ebb2-49c4-97c9-dfd5f9d44b6a | Details: Verification code generated.
WARNING 2026-07-25 13:44:40,496 log 13068 5540 Bad Request: /api/mood/
INFO 2026-07-25 13:45:12,061 utils 7964 20544 [SECURITY EVENT] Type: EMAIL_VERIFICATION_SENT | User ID: 2ce6839c-1b8f-44bf-9f31-e180ab0faf80 | Details: Verification code generated.
INFO 2026-07-25 13:45:12,543 utils 7964 20544 [SECURITY EVENT] Type: EMAIL_VERIFICATION_SENT | User ID: 9e5e0f80-3668-4dea-89e4-9c2850110435 | Details: Verification code generated.
INFO 2026-07-25 13:45:12,545 utils 7964 20544 [SECURITY EVENT] Type: EMAIL_VERIFICATION_SUCCESS | User ID: 9e5e0f80-3668-4dea-89e4-9c2850110435 | Details: Verified email: verifyuser@example.com
INFO 2026-07-25 13:45:12,970 utils 7964 20544 [SECURITY EVENT] Type: GOOGLE_AUTH_FAILURE | User ID: ANONYMOUS | Details: Token verification failed: Wrong number of segments in token: b'real_unverified_token'
INFO 2026-07-25 13:45:12,972 utils 7964 20544 [SECURITY EVENT] Type: USER_REGISTRATION_GOOGLE | User ID: 34cf9298-a744-4db6-b02b-8a490575028f | Details: Registered via Google OAuth: googletest (googletest@example.com)
INFO 2026-07-25 13:45:12,973 utils 7964 20544 [SECURITY EVENT] Type: LOGIN_SUCCESS_GOOGLE | User ID: 34cf9298-a744-4db6-b02b-8a490575028f | Details: Logged in user googletest via Google OAuth.
INFO 2026-07-25 13:45:13,871 utils 7964 20544 [SECURITY EVENT] Type: LOGIN_FAILURE_INACTIVE | User ID: 1d98a3e4-8888-47fc-85df-b3dee5e84471 | Details: Attempted login on inactive account: loginuser
INFO 2026-07-25 13:45:14,773 utils 7964 20544 [SECURITY EVENT] Type: LOGIN_FAILURE | User ID: d93496c7-3b0c-4088-a83b-1b987da1fcb3 | Details: Incorrect password attempt for user: loginuser
INFO 2026-07-25 13:45:15,670 utils 7964 20544 [SECURITY EVENT] Type: LOGIN_SUCCESS | User ID: d5a4b338-7552-4802-994a-4568c7492681 | Details: User loginuser logged in successfully.
INFO 2026-07-25 13:45:16,581 utils 7964 20544 [SECURITY EVENT] Type: LOGIN_SUCCESS | User ID: 418cf39e-2fe9-4ad7-b9f1-198638b37b36 | Details: User loginuser logged in successfully.
INFO 2026-07-25 13:45:17,026 utils 7964 20544 [SECURITY EVENT] Type: PASSWORD_RESET_REQUESTED | User ID: 30970235-8c5c-4015-a418-30ba64be7815 | Details: Issued password reset token.
INFO 2026-07-25 13:45:17,483 utils 7964 20544 [SECURITY EVENT] Type: PASSWORD_RESET_REQUESTED | User ID: 5de686e6-c029-4d14-a49f-a398ad25516a | Details: Issued password reset token.
INFO 2026-07-25 13:45:17,956 utils 7964 20544 [SECURITY EVENT] Type: PASSWORD_RESET_REQUESTED | User ID: ddecb9d4-29df-45d7-a0c2-96e8c78ba0a2 | Details: Issued password reset token.
INFO 2026-07-25 13:45:18,452 utils 7964 20544 [SECURITY EVENT] Type: PASSWORD_RESET_SUCCESS | User ID: ddecb9d4-29df-45d7-a0c2-96e8c78ba0a2 | Details: Password successfully reset via token.
INFO 2026-07-25 13:45:18,919 utils 7964 20544 [SECURITY EVENT] Type: LOGIN_SUCCESS | User ID: ddecb9d4-29df-45d7-a0c2-96e8c78ba0a2 | Details: User resetuser logged in successfully.
INFO 2026-07-25 13:45:19,401 utils 7964 20544 [SECURITY EVENT] Type: USER_REGISTRATION | User ID: 58bdd38b-d78a-4fa3-9887-e566d397296a | Details: Registered: valid_user1 | Email: validemail@example.com
INFO 2026-07-25 13:45:19,401 utils 7964 20544 [SECURITY EVENT] Type: EMAIL_VERIFICATION_SENT | User ID: 58bdd38b-d78a-4fa3-9887-e566d397296a | Details: Verification code generated.
WARNING 2026-07-25 13:45:20,320 log 7964 20544 Bad Request: /api/mood/
WARNING 2026-07-25 13:50:54,853 log 3580 14880 Bad Request: /api/ai/sentiment/
WARNING 2026-07-25 13:51:33,204 log 23540 1504 Bad Request: /api/ai/sentiment/
WARNING 2026-07-25 13:52:19,190 log 3464 16236 Bad Request: /api/ai/sentiment/
WARNING 2026-07-25 13:52:42,929 log 20088 4164 Bad Request: /api/ai/sentiment/
INFO 2026-07-25 13:52:43,373 utils 20088 4164 [SECURITY EVENT] Type: EMAIL_VERIFICATION_SENT | User ID: f0458670-955b-4f30-86f8-cb838c322494 | Details: Verification code generated.
INFO 2026-07-25 13:52:43,820 utils 20088 4164 [SECURITY EVENT] Type: EMAIL_VERIFICATION_SENT | User ID: 5702ce84-bfce-41d1-b437-ae889e71c429 | Details: Verification code generated.
INFO 2026-07-25 13:52:43,822 utils 20088 4164 [SECURITY EVENT] Type: EMAIL_VERIFICATION_SUCCESS | User ID: 5702ce84-bfce-41d1-b437-ae889e71c429 | Details: Verified email: verifyuser@example.com
INFO 2026-07-25 13:52:44,303 utils 20088 4164 [SECURITY EVENT] Type: GOOGLE_AUTH_FAILURE | User ID: ANONYMOUS | Details: Token verification failed: Wrong number of segments in token: b'real_unverified_token'
INFO 2026-07-25 13:52:44,306 utils 20088 4164 [SECURITY EVENT] Type: USER_REGISTRATION_GOOGLE | User ID: 675bbea7-72d5-4585-8fcf-8eccb444466d | Details: Registered via Google OAuth: googletest (googletest@example.com)
INFO 2026-07-25 13:52:44,308 utils 20088 4164 [SECURITY EVENT] Type: LOGIN_SUCCESS_GOOGLE | User ID: 675bbea7-72d5-4585-8fcf-8eccb444466d | Details: Logged in user googletest via Google OAuth.
INFO 2026-07-25 13:52:45,189 utils 20088 4164 [SECURITY EVENT] Type: LOGIN_FAILURE_INACTIVE | User ID: f27a75c4-bc76-462b-9350-e0fa22e5ed48 | Details: Attempted login on inactive account: loginuser
INFO 2026-07-25 13:52:46,075 utils 20088 4164 [SECURITY EVENT] Type: LOGIN_FAILURE | User ID: f15eb086-2a63-41a8-8d52-16967e085cc4 | Details: Incorrect password attempt for user: loginuser
INFO 2026-07-25 13:52:46,994 utils 20088 4164 [SECURITY EVENT] Type: LOGIN_SUCCESS | User ID: 0f5d3d29-2d77-4c57-862e-3e102c8b618d | Details: User loginuser logged in successfully.
INFO 2026-07-25 13:52:47,905 utils 20088 4164 [SECURITY EVENT] Type: LOGIN_SUCCESS | User ID: 751318e4-a072-48eb-9c61-b6133107b00a | Details: User loginuser logged in successfully.
INFO 2026-07-25 13:52:48,378 utils 20088 4164 [SECURITY EVENT] Type: PASSWORD_RESET_REQUESTED | User ID: 5741fcb3-3d60-4ea2-ab3d-1807060f74f7 | Details: Issued password reset token.
INFO 2026-07-25 13:52:48,870 utils 20088 4164 [SECURITY EVENT] Type: PASSWORD_RESET_REQUESTED | User ID: c308501a-f68c-4da1-b6a7-58611666150a | Details: Issued password reset token.
INFO 2026-07-25 13:52:49,356 utils 20088 4164 [SECURITY EVENT] Type: PASSWORD_RESET_REQUESTED | User ID: 6aa8d823-0a9c-452c-ba67-96d3d6fd2971 | Details: Issued password reset token.
INFO 2026-07-25 13:52:49,841 utils 20088 4164 [SECURITY EVENT] Type: PASSWORD_RESET_SUCCESS | User ID: 6aa8d823-0a9c-452c-ba67-96d3d6fd2971 | Details: Password successfully reset via token.
INFO 2026-07-25 13:52:50,307 utils 20088 4164 [SECURITY EVENT] Type: LOGIN_SUCCESS | User ID: 6aa8d823-0a9c-452c-ba67-96d3d6fd2971 | Details: User resetuser logged in successfully.
INFO 2026-07-25 13:52:50,806 utils 20088 4164 [SECURITY EVENT] Type: USER_REGISTRATION | User ID: 41d3ca00-d966-4331-a9d9-1b7895064726 | Details: Registered: valid_user1 | Email: validemail@example.com
INFO 2026-07-25 13:52:50,807 utils 20088 4164 [SECURITY EVENT] Type: EMAIL_VERIFICATION_SENT | User ID: 41d3ca00-d966-4331-a9d9-1b7895064726 | Details: Verification code generated.
WARNING 2026-07-25 13:52:51,759 log 20088 4164 Bad Request: /api/mood/
ERROR 2026-07-25 13:57:38,216 log 18320 12076 Internal Server Error: /api/ai/emotion/
Traceback (most recent call last):
  File "C:\Users\HP\AppData\Roaming\Python\Python314\site-packages\django\core\handlers\exception.py", line 55, in inner
    response = get_response(request)
  File "C:\Users\HP\AppData\Roaming\Python\Python314\site-packages\django\core\handlers\base.py", line 198, in _get_response
    response = wrapped_callback(request, *callback_args, **callback_kwargs)
  File "C:\Users\HP\AppData\Roaming\Python\Python314\site-packages\django\views\decorators\csrf.py", line 65, in _view_wrapper
    return view_func(request, *args, **kwargs)
  File "C:\Users\HP\AppData\Roaming\Python\Python314\site-packages\django\views\generic\base.py", line 106, in view
    return self.dispatch(request, *args, **kwargs)
           ~~~~~~~~~~~~~^^^^^^^^^^^^^^^^^^^^^^^^^^
  File "C:\Users\HP\AppData\Roaming\Python\Python314\site-packages\rest_framework\views.py", line 515, in dispatch
    response = self.handle_exception(exc)
  File "C:\Users\HP\AppData\Roaming\Python\Python314\site-packages\rest_framework\views.py", line 475, in handle_exception
    self.raise_uncaught_exception(exc)
    ~~~~~~~~~~~~~~~~~~~~~~~~~~~~~^^^^^
  File "C:\Users\HP\AppData\Roaming\Python\Python314\site-packages\rest_framework\views.py", line 486, in raise_uncaught_exception
    raise exc
  File "C:\Users\HP\AppData\Roaming\Python\Python314\site-packages\rest_framework\views.py", line 512, in dispatch
    response = handler(request, *args, **kwargs)
  File "C:\Users\HP\Documents\mindCompass\mindcompass-backend\ai\views.py", line 41, in post
    result = EmotionDetectionService.detect(text)
  File "C:\Users\HP\Documents\mindCompass\mindcompass-backend\ai\emotions\services.py", line 27, in detect
    return cls._rule_based_detect(text)
           ~~~~~~~~~~~~~~~~~~~~~~^^^^^^
  File "C:\Users\HP\Documents\mindCompass\mindcompass-backend\ai\emotions\services.py", line 39, in _rule_based_detect
    preprocess_res = preprocess_text(text)
  File "C:\Users\HP\Documents\mindCompass\mindcompass-backend\ai\utils\preprocessing.py", line 41, in preprocess_text
    raw_tokens = word_tokenize(cleaned_spaces)
  File "C:\Users\HP\AppData\Roaming\Python\Python314\site-packages\nltk\tokenize\__init__.py", line 142, in word_tokenize
    sentences = [text] if preserve_line else sent_tokenize(text, language)
                                             ~~~~~~~~~~~~~^^^^^^^^^^^^^^^^
  File "C:\Users\HP\AppData\Roaming\Python\Python314\site-packages\nltk\tokenize\__init__.py", line 119, in sent_tokenize
    tokenizer = _get_punkt_tokenizer(language)
  File "C:\Users\HP\AppData\Roaming\Python\Python314\site-packages\nltk\tokenize\__init__.py", line 105, in _get_punkt_tokenizer
    return PunktTokenizer(language)
  File "C:\Users\HP\AppData\Roaming\Python\Python314\site-packages\nltk\tokenize\punkt.py", line 1744, in __init__
    self.load_lang(lang)
    ~~~~~~~~~~~~~~^^^^^^
  File "C:\Users\HP\AppData\Roaming\Python\Python314\site-packages\nltk\tokenize\punkt.py", line 1749, in load_lang
    lang_dir = find(f"tokenizers/punkt_tab/{lang}/")
  File "C:\Users\HP\AppData\Roaming\Python\Python314\site-packages\nltk\data.py", line 579, in find
    raise LookupError(resource_not_found)
LookupError: 
**********************************************************************
  Resource [93mpunkt_tab[0m not found.
  Please use the NLTK Downloader to obtain the resource:

  [31m>>> import nltk
  >>> nltk.download('punkt_tab')
  [0m
  For more information see: https://www.nltk.org/data.html

  Attempted to load [93mtokenizers/punkt_tab/english/[0m

  Searched in:
    - 'C:\\Users\\HP/nltk_data'
    - 'C:\\Program Files\\Python314\\nltk_data'
    - 'C:\\Program Files\\Python314\\share\\nltk_data'
    - 'C:\\Program Files\\Python314\\lib\\nltk_data'
    - 'C:\\Users\\HP\\AppData\\Roaming\\nltk_data'
    - 'C:\\nltk_data'
    - 'D:\\nltk_data'
    - 'E:\\nltk_data'
**********************************************************************

ERROR 2026-07-25 13:57:40,140 log 18320 12076 Internal Server Error: /api/ai/keywords/
Traceback (most recent call last):
  File "C:\Users\HP\AppData\Roaming\Python\Python314\site-packages\django\core\handlers\exception.py", line 55, in inner
    response = get_response(request)
  File "C:\Users\HP\AppData\Roaming\Python\Python314\site-packages\django\core\handlers\base.py", line 198, in _get_response
    response = wrapped_callback(request, *callback_args, **callback_kwargs)
  File "C:\Users\HP\AppData\Roaming\Python\Python314\site-packages\django\views\decorators\csrf.py", line 65, in _view_wrapper
    return view_func(request, *args, **kwargs)
  File "C:\Users\HP\AppData\Roaming\Python\Python314\site-packages\django\views\generic\base.py", line 106, in view
    return self.dispatch(request, *args, **kwargs)
           ~~~~~~~~~~~~~^^^^^^^^^^^^^^^^^^^^^^^^^^
  File "C:\Users\HP\AppData\Roaming\Python\Python314\site-packages\rest_framework\views.py", line 515, in dispatch
    response = self.handle_exception(exc)
  File "C:\Users\HP\AppData\Roaming\Python\Python314\site-packages\rest_framework\views.py", line 475, in handle_exception
    self.raise_uncaught_exception(exc)
    ~~~~~~~~~~~~~~~~~~~~~~~~~~~~~^^^^^
  File "C:\Users\HP\AppData\Roaming\Python\Python314\site-packages\rest_framework\views.py", line 486, in raise_uncaught_exception
    raise exc
  File "C:\Users\HP\AppData\Roaming\Python\Python314\site-packages\rest_framework\views.py", line 512, in dispatch
    response = handler(request, *args, **kwargs)
  File "C:\Users\HP\Documents\mindCompass\mindcompass-backend\ai\views.py", line 53, in post
    result = KeywordExtractionService.extract(text)
  File "C:\Users\HP\Documents\mindCompass\mindcompass-backend\ai\keywords\services.py", line 46, in extract
    preprocess_res = preprocess_text(text)
  File "C:\Users\HP\Documents\mindCompass\mindcompass-backend\ai\utils\preprocessing.py", line 41, in preprocess_text
    raw_tokens = word_tokenize(cleaned_spaces)
  File "C:\Users\HP\AppData\Roaming\Python\Python314\site-packages\nltk\tokenize\__init__.py", line 142, in word_tokenize
    sentences = [text] if preserve_line else sent_tokenize(text, language)
                                             ~~~~~~~~~~~~~^^^^^^^^^^^^^^^^
  File "C:\Users\HP\AppData\Roaming\Python\Python314\site-packages\nltk\tokenize\__init__.py", line 119, in sent_tokenize
    tokenizer = _get_punkt_tokenizer(language)
  File "C:\Users\HP\AppData\Roaming\Python\Python314\site-packages\nltk\tokenize\__init__.py", line 105, in _get_punkt_tokenizer
    return PunktTokenizer(language)
  File "C:\Users\HP\AppData\Roaming\Python\Python314\site-packages\nltk\tokenize\punkt.py", line 1744, in __init__
    self.load_lang(lang)
    ~~~~~~~~~~~~~~^^^^^^
  File "C:\Users\HP\AppData\Roaming\Python\Python314\site-packages\nltk\tokenize\punkt.py", line 1749, in load_lang
    lang_dir = find(f"tokenizers/punkt_tab/{lang}/")
  File "C:\Users\HP\AppData\Roaming\Python\Python314\site-packages\nltk\data.py", line 579, in find
    raise LookupError(resource_not_found)
LookupError: 
**********************************************************************
  Resource [93mpunkt_tab[0m not found.
  Please use the NLTK Downloader to obtain the resource:

  [31m>>> import nltk
  >>> nltk.download('punkt_tab')
  [0m
  For more information see: https://www.nltk.org/data.html

  Attempted to load [93mtokenizers/punkt_tab/english/[0m

  Searched in:
    - 'C:\\Users\\HP/nltk_data'
    - 'C:\\Program Files\\Python314\\nltk_data'
    - 'C:\\Program Files\\Python314\\share\\nltk_data'
    - 'C:\\Program Files\\Python314\\lib\\nltk_data'
    - 'C:\\Users\\HP\\AppData\\Roaming\\nltk_data'
    - 'C:\\nltk_data'
    - 'D:\\nltk_data'
    - 'E:\\nltk_data'
**********************************************************************

ERROR 2026-07-25 13:57:42,966 log 18320 12076 Internal Server Error: /api/ai/sentiment/
Traceback (most recent call last):
  File "C:\Users\HP\AppData\Roaming\Python\Python314\site-packages\django\core\handlers\exception.py", line 55, in inner
    response = get_response(request)
  File "C:\Users\HP\AppData\Roaming\Python\Python314\site-packages\django\core\handlers\base.py", line 198, in _get_response
    response = wrapped_callback(request, *callback_args, **callback_kwargs)
  File "C:\Users\HP\AppData\Roaming\Python\Python314\site-packages\django\views\decorators\csrf.py", line 65, in _view_wrapper
    return view_func(request, *args, **kwargs)
  File "C:\Users\HP\AppData\Roaming\Python\Python314\site-packages\django\views\generic\base.py", line 106, in view
    return self.dispatch(request, *args, **kwargs)
           ~~~~~~~~~~~~~^^^^^^^^^^^^^^^^^^^^^^^^^^
  File "C:\Users\HP\AppData\Roaming\Python\Python314\site-packages\rest_framework\views.py", line 515, in dispatch
    response = self.handle_exception(exc)
  File "C:\Users\HP\AppData\Roaming\Python\Python314\site-packages\rest_framework\views.py", line 475, in handle_exception
    self.raise_uncaught_exception(exc)
    ~~~~~~~~~~~~~~~~~~~~~~~~~~~~~^^^^^
  File "C:\Users\HP\AppData\Roaming\Python\Python314\site-packages\rest_framework\views.py", line 486, in raise_uncaught_exception
    raise exc
  File "C:\Users\HP\AppData\Roaming\Python\Python314\site-packages\rest_framework\views.py", line 512, in dispatch
    response = handler(request, *args, **kwargs)
  File "C:\Users\HP\Documents\mindCompass\mindcompass-backend\ai\views.py", line 29, in post
    result = SentimentAnalysisService.analyze(text)
  File "C:\Users\HP\Documents\mindCompass\mindcompass-backend\ai\sentiment\services.py", line 43, in analyze
    preprocess_res = preprocess_text(text)
  File "C:\Users\HP\Documents\mindCompass\mindcompass-backend\ai\utils\preprocessing.py", line 41, in preprocess_text
    raw_tokens = word_tokenize(cleaned_spaces)
  File "C:\Users\HP\AppData\Roaming\Python\Python314\site-packages\nltk\tokenize\__init__.py", line 142, in word_tokenize
    sentences = [text] if preserve_line else sent_tokenize(text, language)
                                             ~~~~~~~~~~~~~^^^^^^^^^^^^^^^^
  File "C:\Users\HP\AppData\Roaming\Python\Python314\site-packages\nltk\tokenize\__init__.py", line 119, in sent_tokenize
    tokenizer = _get_punkt_tokenizer(language)
  File "C:\Users\HP\AppData\Roaming\Python\Python314\site-packages\nltk\tokenize\__init__.py", line 105, in _get_punkt_tokenizer
    return PunktTokenizer(language)
  File "C:\Users\HP\AppData\Roaming\Python\Python314\site-packages\nltk\tokenize\punkt.py", line 1744, in __init__
    self.load_lang(lang)
    ~~~~~~~~~~~~~~^^^^^^
  File "C:\Users\HP\AppData\Roaming\Python\Python314\site-packages\nltk\tokenize\punkt.py", line 1749, in load_lang
    lang_dir = find(f"tokenizers/punkt_tab/{lang}/")
  File "C:\Users\HP\AppData\Roaming\Python\Python314\site-packages\nltk\data.py", line 579, in find
    raise LookupError(resource_not_found)
LookupError: 
**********************************************************************
  Resource [93mpunkt_tab[0m not found.
  Please use the NLTK Downloader to obtain the resource:

  [31m>>> import nltk
  >>> nltk.download('punkt_tab')
  [0m
  For more information see: https://www.nltk.org/data.html

  Attempted to load [93mtokenizers/punkt_tab/english/[0m

  Searched in:
    - 'C:\\Users\\HP/nltk_data'
    - 'C:\\Program Files\\Python314\\nltk_data'
    - 'C:\\Program Files\\Python314\\share\\nltk_data'
    - 'C:\\Program Files\\Python314\\lib\\nltk_data'
    - 'C:\\Users\\HP\\AppData\\Roaming\\nltk_data'
    - 'C:\\nltk_data'
    - 'D:\\nltk_data'
    - 'E:\\nltk_data'
**********************************************************************

INFO 2026-07-25 13:57:43,958 utils 18320 12076 [SECURITY EVENT] Type: EMAIL_VERIFICATION_SENT | User ID: fa435817-754d-42d2-b6cf-046ceca2f957 | Details: Verification code generated.
INFO 2026-07-25 13:57:44,456 utils 18320 12076 [SECURITY EVENT] Type: EMAIL_VERIFICATION_SENT | User ID: 4b68ab64-a633-47fa-92c0-14efa7f7423c | Details: Verification code generated.
INFO 2026-07-25 13:57:44,458 utils 18320 12076 [SECURITY EVENT] Type: EMAIL_VERIFICATION_SUCCESS | User ID: 4b68ab64-a633-47fa-92c0-14efa7f7423c | Details: Verified email: verifyuser@example.com
INFO 2026-07-25 13:57:45,018 utils 18320 12076 [SECURITY EVENT] Type: GOOGLE_AUTH_FAILURE | User ID: ANONYMOUS | Details: Token verification failed: Wrong number of segments in token: b'real_unverified_token'
INFO 2026-07-25 13:57:45,020 utils 18320 12076 [SECURITY EVENT] Type: USER_REGISTRATION_GOOGLE | User ID: f50b031a-057c-4142-a3e7-67d184818eaf | Details: Registered via Google OAuth: googletest (googletest@example.com)
INFO 2026-07-25 13:57:45,021 utils 18320 12076 [SECURITY EVENT] Type: LOGIN_SUCCESS_GOOGLE | User ID: f50b031a-057c-4142-a3e7-67d184818eaf | Details: Logged in user googletest via Google OAuth.
INFO 2026-07-25 13:57:45,998 utils 18320 12076 [SECURITY EVENT] Type: LOGIN_FAILURE_INACTIVE | User ID: dc7dbe24-8e08-4af2-88eb-aaa0ce734e03 | Details: Attempted login on inactive account: loginuser
INFO 2026-07-25 13:57:46,938 utils 18320 12076 [SECURITY EVENT] Type: LOGIN_FAILURE | User ID: 0ee941e5-4bf2-43c7-97c0-bd9fb887fb9a | Details: Incorrect password attempt for user: loginuser
INFO 2026-07-25 13:57:47,899 utils 18320 12076 [SECURITY EVENT] Type: LOGIN_SUCCESS | User ID: 20b70fe7-03b0-44c4-bb89-54ebcb38c887 | Details: User loginuser logged in successfully.
INFO 2026-07-25 13:57:48,790 utils 18320 12076 [SECURITY EVENT] Type: LOGIN_SUCCESS | User ID: 2d0af87f-331c-4a91-899b-85d7ad4b946b | Details: User loginuser logged in successfully.
INFO 2026-07-25 13:57:49,249 utils 18320 12076 [SECURITY EVENT] Type: PASSWORD_RESET_REQUESTED | User ID: 747b2b10-00d1-418c-9674-c54a36d7aac9 | Details: Issued password reset token.
INFO 2026-07-25 13:57:49,704 utils 18320 12076 [SECURITY EVENT] Type: PASSWORD_RESET_REQUESTED | User ID: 3b64e6c8-c9db-4545-a2a0-4f078581d1d3 | Details: Issued password reset token.
INFO 2026-07-25 13:57:50,157 utils 18320 12076 [SECURITY EVENT] Type: PASSWORD_RESET_REQUESTED | User ID: 153775c5-e515-4c1b-8e93-3f554596f2ca | Details: Issued password reset token.
INFO 2026-07-25 13:57:50,615 utils 18320 12076 [SECURITY EVENT] Type: PASSWORD_RESET_SUCCESS | User ID: 153775c5-e515-4c1b-8e93-3f554596f2ca | Details: Password successfully reset via token.
INFO 2026-07-25 13:57:51,084 utils 18320 12076 [SECURITY EVENT] Type: LOGIN_SUCCESS | User ID: 153775c5-e515-4c1b-8e93-3f554596f2ca | Details: User resetuser logged in successfully.
INFO 2026-07-25 13:57:51,575 utils 18320 12076 [SECURITY EVENT] Type: USER_REGISTRATION | User ID: d9a4d601-9a39-4076-bd7e-5ab94860f328 | Details: Registered: valid_user1 | Email: validemail@example.com
INFO 2026-07-25 13:57:51,576 utils 18320 12076 [SECURITY EVENT] Type: EMAIL_VERIFICATION_SENT | User ID: d9a4d601-9a39-4076-bd7e-5ab94860f328 | Details: Verification code generated.
WARNING 2026-07-25 13:57:52,540 log 18320 12076 Bad Request: /api/mood/
INFO 2026-07-25 13:58:16,631 utils 19248 22956 [SECURITY EVENT] Type: EMAIL_VERIFICATION_SENT | User ID: e011e524-33f6-4188-810b-a36d52080ea8 | Details: Verification code generated.
INFO 2026-07-25 13:58:17,087 utils 19248 22956 [SECURITY EVENT] Type: EMAIL_VERIFICATION_SENT | User ID: 1e23e3f8-d67c-407b-8568-181f6d2fbfd2 | Details: Verification code generated.
INFO 2026-07-25 13:58:17,088 utils 19248 22956 [SECURITY EVENT] Type: EMAIL_VERIFICATION_SUCCESS | User ID: 1e23e3f8-d67c-407b-8568-181f6d2fbfd2 | Details: Verified email: verifyuser@example.com
INFO 2026-07-25 13:58:17,607 utils 19248 22956 [SECURITY EVENT] Type: GOOGLE_AUTH_FAILURE | User ID: ANONYMOUS | Details: Token verification failed: Wrong number of segments in token: b'real_unverified_token'
INFO 2026-07-25 13:58:17,609 utils 19248 22956 [SECURITY EVENT] Type: USER_REGISTRATION_GOOGLE | User ID: cbbe9fcb-1328-4c77-9c71-b544924b630e | Details: Registered via Google OAuth: googletest (googletest@example.com)
INFO 2026-07-25 13:58:17,611 utils 19248 22956 [SECURITY EVENT] Type: LOGIN_SUCCESS_GOOGLE | User ID: cbbe9fcb-1328-4c77-9c71-b544924b630e | Details: Logged in user googletest via Google OAuth.
INFO 2026-07-25 13:58:18,508 utils 19248 22956 [SECURITY EVENT] Type: LOGIN_FAILURE_INACTIVE | User ID: 6abfe564-d337-474c-a4af-ea4b796547a9 | Details: Attempted login on inactive account: loginuser
INFO 2026-07-25 13:58:19,405 utils 19248 22956 [SECURITY EVENT] Type: LOGIN_FAILURE | User ID: 6439c0af-f13f-479f-a7ee-43b2312b7e55 | Details: Incorrect password attempt for user: loginuser
INFO 2026-07-25 13:58:20,300 utils 19248 22956 [SECURITY EVENT] Type: LOGIN_SUCCESS | User ID: 7eb3855e-254e-46bf-a8e8-ef7c2ce26de3 | Details: User loginuser logged in successfully.
INFO 2026-07-25 13:58:21,221 utils 19248 22956 [SECURITY EVENT] Type: LOGIN_SUCCESS | User ID: fee87f8a-a599-4f08-8b1d-18355e200700 | Details: User loginuser logged in successfully.
INFO 2026-07-25 13:58:21,679 utils 19248 22956 [SECURITY EVENT] Type: PASSWORD_RESET_REQUESTED | User ID: 3a5ecd0b-f6c5-4b5c-b865-22e63ca6da96 | Details: Issued password reset token.
INFO 2026-07-25 13:58:22,133 utils 19248 22956 [SECURITY EVENT] Type: PASSWORD_RESET_REQUESTED | User ID: ac424907-9392-44fb-bfcb-579e4c66ff23 | Details: Issued password reset token.
INFO 2026-07-25 13:58:22,591 utils 19248 22956 [SECURITY EVENT] Type: PASSWORD_RESET_REQUESTED | User ID: 30436d7c-1a19-4db4-bc7a-9f2e4243dbe2 | Details: Issued password reset token.
INFO 2026-07-25 13:58:23,052 utils 19248 22956 [SECURITY EVENT] Type: PASSWORD_RESET_SUCCESS | User ID: 30436d7c-1a19-4db4-bc7a-9f2e4243dbe2 | Details: Password successfully reset via token.
INFO 2026-07-25 13:58:23,505 utils 19248 22956 [SECURITY EVENT] Type: LOGIN_SUCCESS | User ID: 30436d7c-1a19-4db4-bc7a-9f2e4243dbe2 | Details: User resetuser logged in successfully.
INFO 2026-07-25 13:58:23,976 utils 19248 22956 [SECURITY EVENT] Type: USER_REGISTRATION | User ID: 736a1dbf-721f-4748-aa9b-1d39b93c73cb | Details: Registered: valid_user1 | Email: validemail@example.com
INFO 2026-07-25 13:58:23,977 utils 19248 22956 [SECURITY EVENT] Type: EMAIL_VERIFICATION_SENT | User ID: 736a1dbf-721f-4748-aa9b-1d39b93c73cb | Details: Verification code generated.
WARNING 2026-07-25 13:58:24,892 log 19248 22956 Bad Request: /api/mood/
INFO 2026-07-25 14:11:18,715 utils 22084 6192 [SECURITY EVENT] Type: EMAIL_VERIFICATION_SENT | User ID: 80927d7e-6edc-4a66-937b-06ca25067a9f | Details: Verification code generated.
INFO 2026-07-25 14:11:19,179 utils 22084 6192 [SECURITY EVENT] Type: EMAIL_VERIFICATION_SENT | User ID: adf6b078-dd6b-4fff-864e-8ce58ebfb7d4 | Details: Verification code generated.
INFO 2026-07-25 14:11:19,181 utils 22084 6192 [SECURITY EVENT] Type: EMAIL_VERIFICATION_SUCCESS | User ID: adf6b078-dd6b-4fff-864e-8ce58ebfb7d4 | Details: Verified email: verifyuser@example.com
INFO 2026-07-25 14:11:19,708 utils 22084 6192 [SECURITY EVENT] Type: GOOGLE_AUTH_FAILURE | User ID: ANONYMOUS | Details: Token verification failed: Wrong number of segments in token: b'real_unverified_token'
INFO 2026-07-25 14:11:19,714 utils 22084 6192 [SECURITY EVENT] Type: USER_REGISTRATION_GOOGLE | User ID: 9efecec2-9433-4c76-ab7d-8e85ed5d20f1 | Details: Registered via Google OAuth: googletest (googletest@example.com)
INFO 2026-07-25 14:11:19,716 utils 22084 6192 [SECURITY EVENT] Type: LOGIN_SUCCESS_GOOGLE | User ID: 9efecec2-9433-4c76-ab7d-8e85ed5d20f1 | Details: Logged in user googletest via Google OAuth.
INFO 2026-07-25 14:11:20,653 utils 22084 6192 [SECURITY EVENT] Type: LOGIN_FAILURE_INACTIVE | User ID: f361382b-4bb3-4be8-9c6c-98add96a5dd6 | Details: Attempted login on inactive account: loginuser
INFO 2026-07-25 14:11:21,570 utils 22084 6192 [SECURITY EVENT] Type: LOGIN_FAILURE | User ID: 4e16eb16-86d0-4460-ada7-78bc469340a4 | Details: Incorrect password attempt for user: loginuser
INFO 2026-07-25 14:11:22,517 utils 22084 6192 [SECURITY EVENT] Type: LOGIN_SUCCESS | User ID: 668aa993-d975-4825-9668-75d7fa4dbe02 | Details: User loginuser logged in successfully.
INFO 2026-07-25 14:11:23,432 utils 22084 6192 [SECURITY EVENT] Type: LOGIN_SUCCESS | User ID: 909c629c-1718-4858-ad2c-aed2dae24c66 | Details: User loginuser logged in successfully.
INFO 2026-07-25 14:11:23,900 utils 22084 6192 [SECURITY EVENT] Type: PASSWORD_RESET_REQUESTED | User ID: d0f6441b-0c8d-4620-a351-955b1b48ad85 | Details: Issued password reset token.
INFO 2026-07-25 14:11:24,375 utils 22084 6192 [SECURITY EVENT] Type: PASSWORD_RESET_REQUESTED | User ID: 0959d1a4-8450-45bf-a76f-ba4f961a9f4f | Details: Issued password reset token.
INFO 2026-07-25 14:11:24,843 utils 22084 6192 [SECURITY EVENT] Type: PASSWORD_RESET_REQUESTED | User ID: 55b93f15-5701-4544-be77-0c9db420cf28 | Details: Issued password reset token.
INFO 2026-07-25 14:11:25,320 utils 22084 6192 [SECURITY EVENT] Type: PASSWORD_RESET_SUCCESS | User ID: 55b93f15-5701-4544-be77-0c9db420cf28 | Details: Password successfully reset via token.
INFO 2026-07-25 14:11:25,796 utils 22084 6192 [SECURITY EVENT] Type: LOGIN_SUCCESS | User ID: 55b93f15-5701-4544-be77-0c9db420cf28 | Details: User resetuser logged in successfully.
INFO 2026-07-25 14:11:26,283 utils 22084 6192 [SECURITY EVENT] Type: USER_REGISTRATION | User ID: f470525e-6da3-46f3-919d-3bf8a82f4779 | Details: Registered: valid_user1 | Email: validemail@example.com
INFO 2026-07-25 14:11:26,284 utils 22084 6192 [SECURITY EVENT] Type: EMAIL_VERIFICATION_SENT | User ID: f470525e-6da3-46f3-919d-3bf8a82f4779 | Details: Verification code generated.
WARNING 2026-07-25 14:11:27,220 log 22084 6192 Bad Request: /api/mood/
INFO 2026-07-25 14:36:12,230 utils 17448 7240 [SECURITY EVENT] Type: EMAIL_VERIFICATION_SENT | User ID: 249fb1ac-254b-410c-a860-3d7a1e581155 | Details: Verification code generated.
INFO 2026-07-25 14:36:12,674 utils 17448 7240 [SECURITY EVENT] Type: EMAIL_VERIFICATION_SENT | User ID: d54a3e34-4085-49e0-ab9e-e60d8f59ab96 | Details: Verification code generated.
INFO 2026-07-25 14:36:12,676 utils 17448 7240 [SECURITY EVENT] Type: EMAIL_VERIFICATION_SUCCESS | User ID: d54a3e34-4085-49e0-ab9e-e60d8f59ab96 | Details: Verified email: verifyuser@example.com
INFO 2026-07-25 14:36:13,180 utils 17448 7240 [SECURITY EVENT] Type: GOOGLE_AUTH_FAILURE | User ID: ANONYMOUS | Details: Token verification failed: Wrong number of segments in token: b'real_unverified_token'
INFO 2026-07-25 14:36:13,183 utils 17448 7240 [SECURITY EVENT] Type: USER_REGISTRATION_GOOGLE | User ID: 5b53eeb1-da8d-48a0-bf32-ab551dc79ee8 | Details: Registered via Google OAuth: googletest (googletest@example.com)
INFO 2026-07-25 14:36:13,184 utils 17448 7240 [SECURITY EVENT] Type: LOGIN_SUCCESS_GOOGLE | User ID: 5b53eeb1-da8d-48a0-bf32-ab551dc79ee8 | Details: Logged in user googletest via Google OAuth.
INFO 2026-07-25 14:36:14,074 utils 17448 7240 [SECURITY EVENT] Type: LOGIN_FAILURE_INACTIVE | User ID: e041ca71-8d52-4872-9a20-061b2f33c13a | Details: Attempted login on inactive account: loginuser
INFO 2026-07-25 14:36:14,954 utils 17448 7240 [SECURITY EVENT] Type: LOGIN_FAILURE | User ID: f683c2df-8fd3-478c-8212-819178c318c4 | Details: Incorrect password attempt for user: loginuser
INFO 2026-07-25 14:36:15,842 utils 17448 7240 [SECURITY EVENT] Type: LOGIN_SUCCESS | User ID: 406d9a3a-f90e-4d3b-9bc6-afc354dbb483 | Details: User loginuser logged in successfully.
INFO 2026-07-25 14:36:16,732 utils 17448 7240 [SECURITY EVENT] Type: LOGIN_SUCCESS | User ID: 394d0a00-ec27-4c0c-bb0a-be3b09fa0e30 | Details: User loginuser logged in successfully.
INFO 2026-07-25 14:36:17,176 utils 17448 7240 [SECURITY EVENT] Type: PASSWORD_RESET_REQUESTED | User ID: b6c005c9-b4fb-43a0-9dfc-bf14117aad70 | Details: Issued password reset token.
INFO 2026-07-25 14:36:17,625 utils 17448 7240 [SECURITY EVENT] Type: PASSWORD_RESET_REQUESTED | User ID: 6bd3e1d9-1d7f-4ae0-abbd-e5c87e3f48d9 | Details: Issued password reset token.
INFO 2026-07-25 14:36:18,070 utils 17448 7240 [SECURITY EVENT] Type: PASSWORD_RESET_REQUESTED | User ID: 2b9818f1-d8e6-4570-9b29-db30bcad5925 | Details: Issued password reset token.
INFO 2026-07-25 14:36:18,515 utils 17448 7240 [SECURITY EVENT] Type: PASSWORD_RESET_SUCCESS | User ID: 2b9818f1-d8e6-4570-9b29-db30bcad5925 | Details: Password successfully reset via token.
INFO 2026-07-25 14:36:18,961 utils 17448 7240 [SECURITY EVENT] Type: LOGIN_SUCCESS | User ID: 2b9818f1-d8e6-4570-9b29-db30bcad5925 | Details: User resetuser logged in successfully.
INFO 2026-07-25 14:36:19,426 utils 17448 7240 [SECURITY EVENT] Type: USER_REGISTRATION | User ID: e6491620-1ce8-4c7e-8eaa-cc268683eaad | Details: Registered: valid_user1 | Email: validemail@example.com
INFO 2026-07-25 14:36:19,426 utils 17448 7240 [SECURITY EVENT] Type: EMAIL_VERIFICATION_SENT | User ID: e6491620-1ce8-4c7e-8eaa-cc268683eaad | Details: Verification code generated.
WARNING 2026-07-25 14:36:20,315 log 17448 7240 Bad Request: /api/mood/
INFO 2026-07-25 14:37:58,083 utils 22584 11624 [SECURITY EVENT] Type: EMAIL_VERIFICATION_SENT | User ID: f22a3047-71f0-451f-9f22-18450671acac | Details: Verification code generated.
INFO 2026-07-25 14:37:58,538 utils 22584 11624 [SECURITY EVENT] Type: EMAIL_VERIFICATION_SENT | User ID: 2d9b9d24-d68f-4f72-9aa9-94bdd6181add | Details: Verification code generated.
INFO 2026-07-25 14:37:58,540 utils 22584 11624 [SECURITY EVENT] Type: EMAIL_VERIFICATION_SUCCESS | User ID: 2d9b9d24-d68f-4f72-9aa9-94bdd6181add | Details: Verified email: verifyuser@example.com
INFO 2026-07-25 14:37:58,980 utils 22584 11624 [SECURITY EVENT] Type: GOOGLE_AUTH_FAILURE | User ID: ANONYMOUS | Details: Token verification failed: Wrong number of segments in token: b'real_unverified_token'
INFO 2026-07-25 14:37:58,982 utils 22584 11624 [SECURITY EVENT] Type: USER_REGISTRATION_GOOGLE | User ID: 78a23a92-5575-4d78-8eca-bb8f27233ffc | Details: Registered via Google OAuth: googletest (googletest@example.com)
INFO 2026-07-25 14:37:58,983 utils 22584 11624 [SECURITY EVENT] Type: LOGIN_SUCCESS_GOOGLE | User ID: 78a23a92-5575-4d78-8eca-bb8f27233ffc | Details: Logged in user googletest via Google OAuth.
INFO 2026-07-25 14:37:59,947 utils 22584 11624 [SECURITY EVENT] Type: LOGIN_FAILURE_INACTIVE | User ID: fafd9d2b-b76e-41e7-bfd8-1747adefb069 | Details: Attempted login on inactive account: loginuser
INFO 2026-07-25 14:38:00,904 utils 22584 11624 [SECURITY EVENT] Type: LOGIN_FAILURE | User ID: 03f0ec92-27b4-4388-9dbb-755160a2e16b | Details: Incorrect password attempt for user: loginuser
INFO 2026-07-25 14:38:01,839 utils 22584 11624 [SECURITY EVENT] Type: LOGIN_SUCCESS | User ID: 3785adfe-3a97-48bf-9fb0-e2b74ae8bb0b | Details: User loginuser logged in successfully.
INFO 2026-07-25 14:38:02,781 utils 22584 11624 [SECURITY EVENT] Type: LOGIN_SUCCESS | User ID: e0d007ed-8adc-4ae9-8c19-6db0e1b7dc2b | Details: User loginuser logged in successfully.
INFO 2026-07-25 14:38:03,257 utils 22584 11624 [SECURITY EVENT] Type: PASSWORD_RESET_REQUESTED | User ID: 956dce09-32f9-47a8-8bb5-f28d74853271 | Details: Issued password reset token.
INFO 2026-07-25 14:38:03,720 utils 22584 11624 [SECURITY EVENT] Type: PASSWORD_RESET_REQUESTED | User ID: fb38f321-c5b8-4c40-bfb4-930ee2920492 | Details: Issued password reset token.
INFO 2026-07-25 14:38:04,199 utils 22584 11624 [SECURITY EVENT] Type: PASSWORD_RESET_REQUESTED | User ID: 20f35458-c9c5-48f3-8d26-12112ff11a0a | Details: Issued password reset token.
INFO 2026-07-25 14:38:04,712 utils 22584 11624 [SECURITY EVENT] Type: PASSWORD_RESET_SUCCESS | User ID: 20f35458-c9c5-48f3-8d26-12112ff11a0a | Details: Password successfully reset via token.
INFO 2026-07-25 14:38:05,194 utils 22584 11624 [SECURITY EVENT] Type: LOGIN_SUCCESS | User ID: 20f35458-c9c5-48f3-8d26-12112ff11a0a | Details: User resetuser logged in successfully.
INFO 2026-07-25 14:38:05,698 utils 22584 11624 [SECURITY EVENT] Type: USER_REGISTRATION | User ID: f2497d72-bff9-4f59-8414-939372b158c4 | Details: Registered: valid_user1 | Email: validemail@example.com
INFO 2026-07-25 14:38:05,699 utils 22584 11624 [SECURITY EVENT] Type: EMAIL_VERIFICATION_SENT | User ID: f2497d72-bff9-4f59-8414-939372b158c4 | Details: Verification code generated.
WARNING 2026-07-25 14:38:06,644 log 22584 11624 Bad Request: /api/mood/
INFO 2026-07-25 14:48:57,525 autoreload 12412 6300 Watching for file changes with StatReloader
WARNING 2026-07-25 14:49:02,060 log 12412 13604 Not Found: /
WARNING 2026-07-25 14:49:02,129 log 12412 13604 Not Found: /favicon.ico
INFO 2026-07-25 14:49:11,250 utils 12412 18932 [SECURITY EVENT] Type: USER_REGISTRATION_GOOGLE | User ID: 85e1ba0c-a40c-4701-a39f-21579ecf47be | Details: Registered via Google OAuth: jane.doe (jane.doe@example.com)
INFO 2026-07-25 14:49:11,264 utils 12412 18932 [SECURITY EVENT] Type: LOGIN_SUCCESS_GOOGLE | User ID: 85e1ba0c-a40c-4701-a39f-21579ecf47be | Details: Logged in user jane.doe via Google OAuth.
INFO 2026-07-25 14:50:15,261 utils 12412 24476 [SECURITY EVENT] Type: USER_REGISTRATION | User ID: 7bebddec-28c1-4288-ab0e-2f50900e4178 | Details: Registered: virat | Email: virat18@gmail.com
INFO 2026-07-25 14:50:15,274 utils 12412 24476 [SECURITY EVENT] Type: EMAIL_VERIFICATION_SENT | User ID: 7bebddec-28c1-4288-ab0e-2f50900e4178 | Details: Verification code generated.
INFO 2026-07-25 14:50:33,922 utils 12412 24476 [SECURITY EVENT] Type: LOGIN_SUCCESS | User ID: 7bebddec-28c1-4288-ab0e-2f50900e4178 | Details: User virat logged in successfully.
WARNING 2026-07-25 14:51:18,172 log 12412 24476 Not Found: /api/assessment/
WARNING 2026-07-25 18:46:02,329 log 1100 22304 Bad Request: /api/ai/sentiment/
WARNING 2026-07-25 18:46:11,337 log 1100 22304 Unauthorized: /api/ai/sentiment/
WARNING 2026-07-25 18:46:11,340 log 1100 22304 Unauthorized: /api/ai/emotion/
WARNING 2026-07-25 18:46:11,343 log 1100 22304 Unauthorized: /api/ai/keywords/
WARNING 2026-07-25 18:46:11,346 log 1100 22304 Unauthorized: /api/ai/prediction/
WARNING 2026-07-25 18:46:11,349 log 1100 22304 Unauthorized: /api/ai/insights/
INFO 2026-07-25 18:46:13,463 utils 1100 22304 [SECURITY EVENT] Type: EMAIL_VERIFICATION_SENT | User ID: 8b67798f-4c46-4b88-bfcf-be1dded26f7f | Details: Verification code generated.
INFO 2026-07-25 18:46:15,545 utils 1100 22304 [SECURITY EVENT] Type: EMAIL_VERIFICATION_SENT | User ID: 9b4d7757-b35d-44a0-a703-483616d41263 | Details: Verification code generated.
INFO 2026-07-25 18:46:15,554 utils 1100 22304 [SECURITY EVENT] Type: EMAIL_VERIFICATION_SUCCESS | User ID: 9b4d7757-b35d-44a0-a703-483616d41263 | Details: Verified email: verifyuser@example.com
INFO 2026-07-25 18:46:17,679 utils 1100 22304 [SECURITY EVENT] Type: GOOGLE_AUTH_FAILURE | User ID: ANONYMOUS | Details: Token verification failed: Wrong number of segments in token: b'real_unverified_token'
INFO 2026-07-25 18:46:17,693 utils 1100 22304 [SECURITY EVENT] Type: USER_REGISTRATION_GOOGLE | User ID: d2c159ab-809f-41a8-bfb8-99601ce6eccf | Details: Registered via Google OAuth: googletest (googletest@example.com)
INFO 2026-07-25 18:46:17,702 utils 1100 22304 [SECURITY EVENT] Type: LOGIN_SUCCESS_GOOGLE | User ID: d2c159ab-809f-41a8-bfb8-99601ce6eccf | Details: Logged in user googletest via Google OAuth.
INFO 2026-07-25 18:46:22,481 utils 1100 22304 [SECURITY EVENT] Type: LOGIN_FAILURE_INACTIVE | User ID: 9b3148c6-0866-4ac0-bb5d-3cdb71228e84 | Details: Attempted login on inactive account: loginuser
INFO 2026-07-25 18:46:27,628 utils 1100 22304 [SECURITY EVENT] Type: LOGIN_FAILURE | User ID: 1be75ebd-fc5f-4939-ab67-86c3180c8d03 | Details: Incorrect password attempt for user: loginuser
INFO 2026-07-25 18:46:32,288 utils 1100 22304 [SECURITY EVENT] Type: LOGIN_SUCCESS | User ID: ff53f658-54aa-48bd-b25a-2f466ff683f2 | Details: User loginuser logged in successfully.
INFO 2026-07-25 18:46:36,673 utils 1100 22304 [SECURITY EVENT] Type: LOGIN_SUCCESS | User ID: 49062f68-c6f1-4596-9102-40a5eda0325e | Details: User loginuser logged in successfully.
INFO 2026-07-25 18:46:38,936 utils 1100 22304 [SECURITY EVENT] Type: PASSWORD_RESET_REQUESTED | User ID: 0339a700-79fa-4ad0-b78d-2d8623e866a6 | Details: Issued password reset token.
INFO 2026-07-25 18:46:41,213 utils 1100 22304 [SECURITY EVENT] Type: PASSWORD_RESET_REQUESTED | User ID: 7e2639fe-45f6-48fc-80cf-ac9baab44ae6 | Details: Issued password reset token.
INFO 2026-07-25 18:46:43,630 utils 1100 22304 [SECURITY EVENT] Type: PASSWORD_RESET_REQUESTED | User ID: 2dac578e-88a6-471a-ab97-60ff43daeca2 | Details: Issued password reset token.
INFO 2026-07-25 18:46:46,040 utils 1100 22304 [SECURITY EVENT] Type: PASSWORD_RESET_SUCCESS | User ID: 2dac578e-88a6-471a-ab97-60ff43daeca2 | Details: Password successfully reset via token.
INFO 2026-07-25 18:46:48,239 utils 1100 22304 [SECURITY EVENT] Type: LOGIN_SUCCESS | User ID: 2dac578e-88a6-471a-ab97-60ff43daeca2 | Details: User resetuser logged in successfully.
INFO 2026-07-25 18:46:50,717 utils 1100 22304 [SECURITY EVENT] Type: USER_REGISTRATION | User ID: 84135584-69c3-4016-8a09-5f51d792f29e | Details: Registered: valid_user1 | Email: validemail@example.com
INFO 2026-07-25 18:46:50,721 utils 1100 22304 [SECURITY EVENT] Type: EMAIL_VERIFICATION_SENT | User ID: 84135584-69c3-4016-8a09-5f51d792f29e | Details: Verification code generated.
WARNING 2026-07-25 18:46:55,861 log 1100 22304 Bad Request: /api/mood/
INFO 2026-07-25 19:30:11,876 autoreload 17112 25924 Watching for file changes with StatReloader
INFO 2026-07-25 19:33:47,332 autoreload 15756 26200 Watching for file changes with StatReloader
WARNING 2026-07-25 19:35:06,186 log 15756 29080 Method Not Allowed: /api/auth/register/
WARNING 2026-07-25 19:39:31,656 log 15756 20996 Bad Request: /api/auth/register/
WARNING 2026-07-25 20:45:21,337 log 15756 23880 Bad Request: /api/auth/register/
INFO 2026-07-25 20:46:03,084 autoreload 15756 26200 C:\Users\HP\Documents\mindCompass\mindcompass-backend\config\settings.py changed, reloading.
INFO 2026-07-25 20:46:05,169 autoreload 4848 18740 Watching for file changes with StatReloader
INFO 2026-07-25 20:47:32,767 utils 4848 21108 [SECURITY EVENT] Type: LOGIN_SUCCESS | User ID: 7bebddec-28c1-4288-ab0e-2f50900e4178 | Details: User virat logged in successfully.
WARNING 2026-07-25 20:48:31,469 log 4848 20948 Bad Request: /api/mood/
INFO 2026-07-25 20:55:50,733 autoreload 4848 18740 C:\Users\HP\Documents\mindCompass\mindcompass-backend\users\serializers.py changed, reloading.
INFO 2026-07-25 20:55:52,487 autoreload 20392 24036 Watching for file changes with StatReloader
INFO 2026-07-25 20:55:58,271 autoreload 20392 24036 C:\Users\HP\Documents\mindCompass\mindcompass-backend\assessment\views.py changed, reloading.
INFO 2026-07-25 20:56:00,056 autoreload 29308 18924 Watching for file changes with StatReloader
WARNING 2026-07-25 21:31:15,944 log 26676 18964 Bad Request: /api/assessment/
INFO 2026-07-26 00:32:16,613 autoreload 8904 8936 Watching for file changes with StatReloader
INFO 2026-07-26 00:42:02,181 autoreload 27020 908 Watching for file changes with StatReloader
WARNING 2026-07-26 00:42:06,829 log 27020 24724 Not Found: /
WARNING 2026-07-26 00:42:06,891 log 27020 24724 Not Found: /favicon.ico
INFO 2026-07-26 00:44:56,640 autoreload 24940 13656 Watching for file changes with StatReloader
INFO 2026-07-26 00:45:29,725 utils 24940 27092 [SECURITY EVENT] Type: LOGIN_SUCCESS | User ID: 7bebddec-28c1-4288-ab0e-2f50900e4178 | Details: User virat logged in successfully.
WARNING 2026-07-26 00:45:35,293 log 11036 2128 Bad Request: /api/ai/sentiment/
WARNING 2026-07-26 00:45:47,019 log 11036 2128 Unauthorized: /api/ai/sentiment/
WARNING 2026-07-26 00:45:47,021 log 11036 2128 Unauthorized: /api/ai/emotion/
WARNING 2026-07-26 00:45:47,023 log 11036 2128 Unauthorized: /api/ai/keywords/
WARNING 2026-07-26 00:45:47,025 log 11036 2128 Unauthorized: /api/ai/prediction/
WARNING 2026-07-26 00:45:47,027 log 11036 2128 Unauthorized: /api/ai/insights/
INFO 2026-07-26 00:50:29,591 utils 24940 4176 [SECURITY EVENT] Type: LOGIN_SUCCESS | User ID: d66e27a3-c639-43e9-9448-8e07ca00f1a4 | Details: User alex_student logged in successfully.
INFO 2026-07-26 00:55:42,275 autoreload 24940 13656 C:\Users\HP\Documents\mindCompass\mindcompass-backend\recommendation\models.py changed, reloading.
INFO 2026-07-26 00:55:44,501 autoreload 16360 20944 Watching for file changes with StatReloader
INFO 2026-07-26 01:00:42,271 autoreload 16360 20944 C:\Users\HP\Documents\mindCompass\mindcompass-backend\activities\services.py changed, reloading.
INFO 2026-07-26 01:00:43,367 autoreload 17652 22752 Watching for file changes with StatReloader
INFO 2026-07-26 01:01:07,182 autoreload 17652 22752 C:\Users\HP\Documents\mindCompass\mindcompass-backend\recommendation\services.py changed, reloading.
INFO 2026-07-26 01:01:08,309 autoreload 15928 15972 Watching for file changes with StatReloader
INFO 2026-07-26 01:01:15,580 autoreload 15928 15972 C:\Users\HP\Documents\mindCompass\mindcompass-backend\recommendation\serializers.py changed, reloading.
INFO 2026-07-26 01:01:16,663 autoreload 18880 17304 Watching for file changes with StatReloader
WARNING 2026-07-26 01:03:50,681 log 29444 28432 Bad Request: /api/ai/sentiment/
WARNING 2026-07-26 01:03:54,922 log 29444 28432 Unauthorized: /api/ai/sentiment/
WARNING 2026-07-26 01:03:54,923 log 29444 28432 Unauthorized: /api/ai/emotion/
WARNING 2026-07-26 01:03:54,924 log 29444 28432 Unauthorized: /api/ai/keywords/
WARNING 2026-07-26 01:03:54,924 log 29444 28432 Unauthorized: /api/ai/prediction/
WARNING 2026-07-26 01:03:54,924 log 29444 28432 Unauthorized: /api/ai/insights/
WARNING 2026-07-26 01:07:19,729 log 18880 11920 Unauthorized: /api/profile/
WARNING 2026-07-26 01:07:19,823 log 18880 11920 Unauthorized: /api/profile/
ERROR 2026-07-26 01:07:20,305 log 18880 17908 Internal Server Error: /api/auth/refresh/
Traceback (most recent call last):
  File "C:\Users\HP\AppData\Roaming\Python\Python314\site-packages\django\core\handlers\exception.py", line 55, in inner
    response = get_response(request)
  File "C:\Users\HP\AppData\Roaming\Python\Python314\site-packages\django\core\handlers\base.py", line 198, in _get_response
    response = wrapped_callback(request, *callback_args, **callback_kwargs)
  File "C:\Users\HP\AppData\Roaming\Python\Python314\site-packages\django\views\decorators\csrf.py", line 65, in _view_wrapper
    return view_func(request, *args, **kwargs)
  File "C:\Users\HP\AppData\Roaming\Python\Python314\site-packages\django\views\generic\base.py", line 106, in view
    return self.dispatch(request, *args, **kwargs)
           ~~~~~~~~~~~~~^^^^^^^^^^^^^^^^^^^^^^^^^^
  File "C:\Users\HP\AppData\Roaming\Python\Python314\site-packages\rest_framework\views.py", line 515, in dispatch
    response = self.handle_exception(exc)
  File "C:\Users\HP\AppData\Roaming\Python\Python314\site-packages\rest_framework\views.py", line 475, in handle_exception
    self.raise_uncaught_exception(exc)
    ~~~~~~~~~~~~~~~~~~~~~~~~~~~~~^^^^^
  File "C:\Users\HP\AppData\Roaming\Python\Python314\site-packages\rest_framework\views.py", line 486, in raise_uncaught_exception
    raise exc
  File "C:\Users\HP\AppData\Roaming\Python\Python314\site-packages\rest_framework\views.py", line 512, in dispatch
    response = handler(request, *args, **kwargs)
  File "C:\Users\HP\AppData\Roaming\Python\Python314\site-packages\rest_framework_simplejwt\views.py", line 46, in post
    serializer.is_valid(raise_exception=True)
    ~~~~~~~~~~~~~~~~~~~^^^^^^^^^^^^^^^^^^^^^^
  File "C:\Users\HP\AppData\Roaming\Python\Python314\site-packages\rest_framework\serializers.py", line 225, in is_valid
    self._validated_data = self.run_validation(self.initial_data)
                           ~~~~~~~~~~~~~~~~~~~^^^^^^^^^^^^^^^^^^^
  File "C:\Users\HP\AppData\Roaming\Python\Python314\site-packages\rest_framework\serializers.py", line 459, in run_validation
    value = self.validate(value)
  File "C:\Users\HP\AppData\Roaming\Python\Python314\site-packages\rest_framework_simplejwt\serializers.py", line 116, in validate
    user := get_user_model().objects.get(
            ~~~~~~~~~~~~~~~~~~~~~~~~~~~~^
        **{api_settings.USER_ID_FIELD: user_id}
        ^^^^^^^^^^^^^^^^^^^^^^^^^^^^^^^^^^^^^^^
    )
    ^
  File "C:\Users\HP\AppData\Roaming\Python\Python314\site-packages\django\db\models\manager.py", line 87, in manager_method
    return getattr(self.get_queryset(), name)(*args, **kwargs)
           ~~~~~~~~~~~~~~~~~~~~~~~~~~~~~~~~~~^^^^^^^^^^^^^^^^^
  File "C:\Users\HP\AppData\Roaming\Python\Python314\site-packages\django\db\models\query.py", line 639, in get
    raise self.model.DoesNotExist(
        "%s matching query does not exist." % self.model._meta.object_name
    )
users.models.User.DoesNotExist: User matching query does not exist.
ERROR 2026-07-26 01:07:20,316 log 18880 11920 Internal Server Error: /api/auth/refresh/
Traceback (most recent call last):
  File "C:\Users\HP\AppData\Roaming\Python\Python314\site-packages\django\core\handlers\exception.py", line 55, in inner
    response = get_response(request)
  File "C:\Users\HP\AppData\Roaming\Python\Python314\site-packages\django\core\handlers\base.py", line 198, in _get_response
    response = wrapped_callback(request, *callback_args, **callback_kwargs)
  File "C:\Users\HP\AppData\Roaming\Python\Python314\site-packages\django\views\decorators\csrf.py", line 65, in _view_wrapper
    return view_func(request, *args, **kwargs)
  File "C:\Users\HP\AppData\Roaming\Python\Python314\site-packages\django\views\generic\base.py", line 106, in view
    return self.dispatch(request, *args, **kwargs)
           ~~~~~~~~~~~~~^^^^^^^^^^^^^^^^^^^^^^^^^^
  File "C:\Users\HP\AppData\Roaming\Python\Python314\site-packages\rest_framework\views.py", line 515, in dispatch
    response = self.handle_exception(exc)
  File "C:\Users\HP\AppData\Roaming\Python\Python314\site-packages\rest_framework\views.py", line 475, in handle_exception
    self.raise_uncaught_exception(exc)
    ~~~~~~~~~~~~~~~~~~~~~~~~~~~~~^^^^^
  File "C:\Users\HP\AppData\Roaming\Python\Python314\site-packages\rest_framework\views.py", line 486, in raise_uncaught_exception
    raise exc
  File "C:\Users\HP\AppData\Roaming\Python\Python314\site-packages\rest_framework\views.py", line 512, in dispatch
    response = handler(request, *args, **kwargs)
  File "C:\Users\HP\AppData\Roaming\Python\Python314\site-packages\rest_framework_simplejwt\views.py", line 46, in post
    serializer.is_valid(raise_exception=True)
    ~~~~~~~~~~~~~~~~~~~^^^^^^^^^^^^^^^^^^^^^^
  File "C:\Users\HP\AppData\Roaming\Python\Python314\site-packages\rest_framework\serializers.py", line 225, in is_valid
    self._validated_data = self.run_validation(self.initial_data)
                           ~~~~~~~~~~~~~~~~~~~^^^^^^^^^^^^^^^^^^^
  File "C:\Users\HP\AppData\Roaming\Python\Python314\site-packages\rest_framework\serializers.py", line 459, in run_validation
    value = self.validate(value)
  File "C:\Users\HP\AppData\Roaming\Python\Python314\site-packages\rest_framework_simplejwt\serializers.py", line 116, in validate
    user := get_user_model().objects.get(
            ~~~~~~~~~~~~~~~~~~~~~~~~~~~~^
        **{api_settings.USER_ID_FIELD: user_id}
        ^^^^^^^^^^^^^^^^^^^^^^^^^^^^^^^^^^^^^^^
    )
    ^
  File "C:\Users\HP\AppData\Roaming\Python\Python314\site-packages\django\db\models\manager.py", line 87, in manager_method
    return getattr(self.get_queryset(), name)(*args, **kwargs)
           ~~~~~~~~~~~~~~~~~~~~~~~~~~~~~~~~~~^^^^^^^^^^^^^^^^^
  File "C:\Users\HP\AppData\Roaming\Python\Python314\site-packages\django\db\models\query.py", line 639, in get
    raise self.model.DoesNotExist(
        "%s matching query does not exist." % self.model._meta.object_name
    )
users.models.User.DoesNotExist: User matching query does not exist.
WARNING 2026-07-26 01:07:20,348 log 18880 11920 Unauthorized: /api/mood/history/
WARNING 2026-07-26 01:07:20,352 log 18880 11920 Unauthorized: /api/mood/history/
INFO 2026-07-26 01:07:35,244 utils 18880 11920 [SECURITY EVENT] Type: LOGIN_FAILURE | User ID: 8e449933-c64a-411f-ae8e-0e4d11b55202 | Details: Incorrect password attempt for user: alex_student
WARNING 2026-07-26 01:07:35,247 log 18880 11920 Bad Request: /api/auth/login/
INFO 2026-07-26 01:07:40,129 utils 18880 11920 [SECURITY EVENT] Type: LOGIN_FAILURE | User ID: 8e449933-c64a-411f-ae8e-0e4d11b55202 | Details: Incorrect password attempt for user: alex_student
WARNING 2026-07-26 01:07:40,131 log 18880 11920 Bad Request: /api/auth/login/
INFO 2026-07-26 01:07:46,903 utils 18880 11920 [SECURITY EVENT] Type: LOGIN_FAILURE | User ID: 8e449933-c64a-411f-ae8e-0e4d11b55202 | Details: Incorrect password attempt for user: alex_student
WARNING 2026-07-26 01:07:46,907 log 18880 11920 Bad Request: /api/auth/login/
INFO 2026-07-26 01:07:51,943 utils 18880 11920 [SECURITY EVENT] Type: LOGIN_SUCCESS | User ID: 8e449933-c64a-411f-ae8e-0e4d11b55202 | Details: User alex_student logged in successfully.
WARNING 2026-07-26 22:23:46,336 log 14372 26840 Bad Request: /api/ai/sentiment/
WARNING 2026-07-26 22:24:00,325 log 14372 26840 Unauthorized: /api/ai/sentiment/
WARNING 2026-07-26 22:24:00,329 log 14372 26840 Unauthorized: /api/ai/emotion/
WARNING 2026-07-26 22:24:00,333 log 14372 26840 Unauthorized: /api/ai/keywords/
WARNING 2026-07-26 22:24:00,336 log 14372 26840 Unauthorized: /api/ai/prediction/
WARNING 2026-07-26 22:24:00,339 log 14372 26840 Unauthorized: /api/ai/insights/
WARNING 2026-07-26 22:24:02,706 log 14372 26840 Bad Request: /api/assessment/
INFO 2026-07-26 22:24:09,498 utils 14372 26840 [SECURITY EVENT] Type: EMAIL_VERIFICATION_SENT | User ID: 5e0a6e16-d8c6-4709-a7a0-09049f6a7778 | Details: Verification code generated.
INFO 2026-07-26 22:24:11,526 utils 14372 26840 [SECURITY EVENT] Type: EMAIL_VERIFICATION_SENT | User ID: 998e58b2-c864-4fb1-87c0-7d9a7d9549df | Details: Verification code generated.
INFO 2026-07-26 22:24:11,549 utils 14372 26840 [SECURITY EVENT] Type: EMAIL_VERIFICATION_SUCCESS | User ID: 998e58b2-c864-4fb1-87c0-7d9a7d9549df | Details: Verified email: verifyuser@example.com
INFO 2026-07-26 22:24:14,373 utils 14372 26840 [SECURITY EVENT] Type: GOOGLE_AUTH_FAILURE | User ID: ANONYMOUS | Details: Token verification failed: Wrong number of segments in token: b'real_unverified_token'
INFO 2026-07-26 22:24:14,388 utils 14372 26840 [SECURITY EVENT] Type: USER_REGISTRATION_GOOGLE | User ID: ba5db470-2f7b-43e0-a4bc-4d0023fa8c26 | Details: Registered via Google OAuth: googletest (googletest@example.com)
INFO 2026-07-26 22:24:14,399 utils 14372 26840 [SECURITY EVENT] Type: LOGIN_SUCCESS_GOOGLE | User ID: ba5db470-2f7b-43e0-a4bc-4d0023fa8c26 | Details: Logged in user googletest via Google OAuth.
INFO 2026-07-26 22:24:19,075 utils 14372 26840 [SECURITY EVENT] Type: LOGIN_FAILURE_INACTIVE | User ID: 644bb348-fe9a-4de4-a587-5c62d215832e | Details: Attempted login on inactive account: loginuser
INFO 2026-07-26 22:24:23,587 utils 14372 26840 [SECURITY EVENT] Type: LOGIN_FAILURE | User ID: fe780326-37b0-4bc4-bbef-8b7ac0c6a28b | Details: Incorrect password attempt for user: loginuser
INFO 2026-07-26 22:24:25,461 utils 14372 26840 [SECURITY EVENT] Type: LOGIN_SUCCESS | User ID: 27d5010f-bfc9-4f4d-80ad-ab8b96da2621 | Details: User loginuser logged in successfully.
INFO 2026-07-26 22:24:26,547 utils 14372 26840 [SECURITY EVENT] Type: LOGIN_SUCCESS | User ID: 24b8d7a6-82f3-41e7-b3c7-acf881b50de7 | Details: User loginuser logged in successfully.
INFO 2026-07-26 22:24:27,111 utils 14372 26840 [SECURITY EVENT] Type: PASSWORD_RESET_REQUESTED | User ID: 3157ab2a-2f11-4d18-b316-4c6855df1013 | Details: Issued password reset token.
INFO 2026-07-26 22:24:27,666 utils 14372 26840 [SECURITY EVENT] Type: PASSWORD_RESET_REQUESTED | User ID: 73866ab6-102c-448c-88fd-6a65e9aacab7 | Details: Issued password reset token.
INFO 2026-07-26 22:24:28,219 utils 14372 26840 [SECURITY EVENT] Type: PASSWORD_RESET_REQUESTED | User ID: f570763a-2811-47df-a029-7d4f472b4037 | Details: Issued password reset token.
INFO 2026-07-26 22:24:28,809 utils 14372 26840 [SECURITY EVENT] Type: PASSWORD_RESET_SUCCESS | User ID: f570763a-2811-47df-a029-7d4f472b4037 | Details: Password successfully reset via token.
INFO 2026-07-26 22:24:31,143 utils 14372 26840 [SECURITY EVENT] Type: LOGIN_SUCCESS | User ID: f570763a-2811-47df-a029-7d4f472b4037 | Details: User resetuser logged in successfully.
INFO 2026-07-26 22:24:33,623 utils 14372 26840 [SECURITY EVENT] Type: USER_REGISTRATION | User ID: 9930badc-eab7-4880-b840-70884398d89f | Details: Registered: valid_user1 | Email: validemail@example.com
INFO 2026-07-26 22:24:33,625 utils 14372 26840 [SECURITY EVENT] Type: EMAIL_VERIFICATION_SENT | User ID: 9930badc-eab7-4880-b840-70884398d89f | Details: Verification code generated.
WARNING 2026-07-26 22:24:38,459 log 14372 26840 Bad Request: /api/mood/
WARNING 2026-07-26 22:27:04,712 log 21532 12172 Bad Request: /api/ai/sentiment/
WARNING 2026-07-26 22:27:10,036 log 21532 12172 Unauthorized: /api/ai/sentiment/
WARNING 2026-07-26 22:27:10,040 log 21532 12172 Unauthorized: /api/ai/emotion/
WARNING 2026-07-26 22:27:10,043 log 21532 12172 Unauthorized: /api/ai/keywords/
WARNING 2026-07-26 22:27:10,047 log 21532 12172 Unauthorized: /api/ai/prediction/
WARNING 2026-07-26 22:27:10,052 log 21532 12172 Unauthorized: /api/ai/insights/
WARNING 2026-07-26 22:27:12,366 log 21532 12172 Bad Request: /api/assessment/
INFO 2026-07-26 22:27:20,603 utils 21532 12172 [SECURITY EVENT] Type: EMAIL_VERIFICATION_SENT | User ID: 6177b031-f17d-437b-8820-b3f2dc5ea407 | Details: Verification code generated.
INFO 2026-07-26 22:27:23,000 utils 21532 12172 [SECURITY EVENT] Type: EMAIL_VERIFICATION_SENT | User ID: c8a94bf8-7ba8-4013-8753-2cad13057579 | Details: Verification code generated.
INFO 2026-07-26 22:27:23,011 utils 21532 12172 [SECURITY EVENT] Type: EMAIL_VERIFICATION_SUCCESS | User ID: c8a94bf8-7ba8-4013-8753-2cad13057579 | Details: Verified email: verifyuser@example.com
INFO 2026-07-26 22:27:26,957 utils 21532 12172 [SECURITY EVENT] Type: GOOGLE_AUTH_FAILURE | User ID: ANONYMOUS | Details: Token verification failed: Wrong number of segments in token: b'real_unverified_token'
INFO 2026-07-26 22:27:26,970 utils 21532 12172 [SECURITY EVENT] Type: USER_REGISTRATION_GOOGLE | User ID: 75be80c6-fe73-4676-a55a-f63340e616cd | Details: Registered via Google OAuth: googletest (googletest@example.com)
INFO 2026-07-26 22:27:26,978 utils 21532 12172 [SECURITY EVENT] Type: LOGIN_SUCCESS_GOOGLE | User ID: 75be80c6-fe73-4676-a55a-f63340e616cd | Details: Logged in user googletest via Google OAuth.
INFO 2026-07-26 22:27:31,954 utils 21532 12172 [SECURITY EVENT] Type: LOGIN_FAILURE_INACTIVE | User ID: 5ef1d260-789e-471c-816d-7ee71ad25d35 | Details: Attempted login on inactive account: loginuser
INFO 2026-07-26 22:27:36,743 utils 21532 12172 [SECURITY EVENT] Type: LOGIN_FAILURE | User ID: 76564459-c8d3-45ab-8ad0-f585ee75c15c | Details: Incorrect password attempt for user: loginuser
INFO 2026-07-26 22:27:41,342 utils 21532 12172 [SECURITY EVENT] Type: LOGIN_SUCCESS | User ID: 0abe4b77-2d4e-49c9-8ee6-ae7ed8d62aa2 | Details: User loginuser logged in successfully.
INFO 2026-07-26 22:27:46,112 utils 21532 12172 [SECURITY EVENT] Type: LOGIN_SUCCESS | User ID: dd4b918e-18a3-4ca6-8ae2-2b304b4be28d | Details: User loginuser logged in successfully.
INFO 2026-07-26 22:27:48,368 utils 21532 12172 [SECURITY EVENT] Type: PASSWORD_RESET_REQUESTED | User ID: 70c450b1-7b67-4822-877e-03420fb41086 | Details: Issued password reset token.
INFO 2026-07-26 22:27:50,818 utils 21532 12172 [SECURITY EVENT] Type: PASSWORD_RESET_REQUESTED | User ID: 650bfecb-16c0-4654-bce5-71369530fb5c | Details: Issued password reset token.
INFO 2026-07-26 22:27:53,224 utils 21532 12172 [SECURITY EVENT] Type: PASSWORD_RESET_REQUESTED | User ID: ec9ee017-db84-41b3-94ac-642d59596840 | Details: Issued password reset token.
INFO 2026-07-26 22:27:55,563 utils 21532 12172 [SECURITY EVENT] Type: PASSWORD_RESET_SUCCESS | User ID: ec9ee017-db84-41b3-94ac-642d59596840 | Details: Password successfully reset via token.
INFO 2026-07-26 22:27:58,097 utils 21532 12172 [SECURITY EVENT] Type: LOGIN_SUCCESS | User ID: ec9ee017-db84-41b3-94ac-642d59596840 | Details: User resetuser logged in successfully.
INFO 2026-07-26 22:28:00,672 utils 21532 12172 [SECURITY EVENT] Type: USER_REGISTRATION | User ID: 2d70560a-22c7-4b07-a923-dee0597ef7d0 | Details: Registered: valid_user1 | Email: validemail@example.com
INFO 2026-07-26 22:28:00,675 utils 21532 12172 [SECURITY EVENT] Type: EMAIL_VERIFICATION_SENT | User ID: 2d70560a-22c7-4b07-a923-dee0597ef7d0 | Details: Verification code generated.
WARNING 2026-07-26 22:28:05,963 log 21532 12172 Bad Request: /api/mood/
WARNING 2026-07-26 22:32:28,827 log 31016 24512 Bad Request: /api/ai/sentiment/
WARNING 2026-07-26 22:32:53,695 log 31016 24512 Unauthorized: /api/ai/sentiment/
WARNING 2026-07-26 22:32:53,700 log 31016 24512 Unauthorized: /api/ai/emotion/
WARNING 2026-07-26 22:32:53,703 log 31016 24512 Unauthorized: /api/ai/keywords/
WARNING 2026-07-26 22:32:53,708 log 31016 24512 Unauthorized: /api/ai/prediction/
WARNING 2026-07-26 22:32:53,711 log 31016 24512 Unauthorized: /api/ai/insights/
WARNING 2026-07-26 22:32:56,229 log 31016 24512 Bad Request: /api/assessment/
INFO 2026-07-26 22:33:03,582 utils 31016 24512 [SECURITY EVENT] Type: EMAIL_VERIFICATION_SENT | User ID: 7311c800-2879-459c-8839-7d0d276986c1 | Details: Verification code generated.
INFO 2026-07-26 22:33:05,902 utils 31016 24512 [SECURITY EVENT] Type: EMAIL_VERIFICATION_SENT | User ID: 1071458b-cc66-4b75-834a-6382f2f32479 | Details: Verification code generated.
INFO 2026-07-26 22:33:05,912 utils 31016 24512 [SECURITY EVENT] Type: EMAIL_VERIFICATION_SUCCESS | User ID: 1071458b-cc66-4b75-834a-6382f2f32479 | Details: Verified email: verifyuser@example.com
INFO 2026-07-26 22:33:08,141 utils 31016 24512 [SECURITY EVENT] Type: GOOGLE_AUTH_FAILURE | User ID: ANONYMOUS | Details: Token verification failed: Wrong number of segments in token: b'real_unverified_token'
INFO 2026-07-26 22:33:08,154 utils 31016 24512 [SECURITY EVENT] Type: USER_REGISTRATION_GOOGLE | User ID: f8b3668f-c501-487d-93b7-d4c17b36ddba | Details: Registered via Google OAuth: googletest (googletest@example.com)
INFO 2026-07-26 22:33:08,165 utils 31016 24512 [SECURITY EVENT] Type: LOGIN_SUCCESS_GOOGLE | User ID: f8b3668f-c501-487d-93b7-d4c17b36ddba | Details: Logged in user googletest via Google OAuth.
INFO 2026-07-26 22:33:13,215 utils 31016 24512 [SECURITY EVENT] Type: LOGIN_FAILURE_INACTIVE | User ID: f66d5e08-529e-4e62-b472-3368a91590ab | Details: Attempted login on inactive account: loginuser
INFO 2026-07-26 22:33:15,623 utils 31016 24512 [SECURITY EVENT] Type: LOGIN_FAILURE | User ID: 8524f6a1-1e40-4bfd-b395-708ea6effdf7 | Details: Incorrect password attempt for user: loginuser
INFO 2026-07-26 22:33:16,723 utils 31016 24512 [SECURITY EVENT] Type: LOGIN_SUCCESS | User ID: e94b19b7-698e-41fb-854b-a5332fffb306 | Details: User loginuser logged in successfully.
INFO 2026-07-26 22:33:17,829 utils 31016 24512 [SECURITY EVENT] Type: LOGIN_SUCCESS | User ID: 4a3c7e19-6c9f-4467-9b42-dfe17f951d17 | Details: User loginuser logged in successfully.
INFO 2026-07-26 22:33:19,696 utils 31016 24512 [SECURITY EVENT] Type: PASSWORD_RESET_REQUESTED | User ID: 45bd4dfa-01da-4190-b407-7f4d2126e8b9 | Details: Issued password reset token.
INFO 2026-07-26 22:33:21,982 utils 31016 24512 [SECURITY EVENT] Type: PASSWORD_RESET_REQUESTED | User ID: 9dd3736c-5f8d-4527-8596-50c339832a45 | Details: Issued password reset token.
INFO 2026-07-26 22:33:24,523 utils 31016 24512 [SECURITY EVENT] Type: PASSWORD_RESET_REQUESTED | User ID: 3a94ca3c-9842-4c4d-aa5a-ec60ae682e2a | Details: Issued password reset token.
INFO 2026-07-26 22:33:26,887 utils 31016 24512 [SECURITY EVENT] Type: PASSWORD_RESET_SUCCESS | User ID: 3a94ca3c-9842-4c4d-aa5a-ec60ae682e2a | Details: Password successfully reset via token.
INFO 2026-07-26 22:33:29,779 utils 31016 24512 [SECURITY EVENT] Type: LOGIN_SUCCESS | User ID: 3a94ca3c-9842-4c4d-aa5a-ec60ae682e2a | Details: User resetuser logged in successfully.
INFO 2026-07-26 22:33:32,134 utils 31016 24512 [SECURITY EVENT] Type: USER_REGISTRATION | User ID: f343f430-559c-4f72-b4cf-d941998b340b | Details: Registered: valid_user1 | Email: validemail@example.com
INFO 2026-07-26 22:33:32,137 utils 31016 24512 [SECURITY EVENT] Type: EMAIL_VERIFICATION_SENT | User ID: f343f430-559c-4f72-b4cf-d941998b340b | Details: Verification code generated.
WARNING 2026-07-26 22:33:36,569 log 31016 24512 Bad Request: /api/mood/
INFO 2026-07-26 22:39:01,762 autoreload 23968 29636 Watching for file changes with StatReloader
WARNING 2026-07-26 22:39:14,134 log 23968 12296 Not Found: /
WARNING 2026-07-26 22:39:14,192 log 23968 12296 Not Found: /favicon.ico
INFO 2026-07-26 22:39:17,184 utils 23968 26680 [SECURITY EVENT] Type: LOGIN_FAILURE | User ID: ANONYMOUS | Details: Attempted username/email: demo_user (User not found)
WARNING 2026-07-26 22:39:17,186 log 23968 26680 Bad Request: /api/auth/login/
INFO 2026-07-26 22:39:24,502 utils 23968 26680 [SECURITY EVENT] Type: LOGIN_FAILURE | User ID: ANONYMOUS | Details: Attempted username/email: user_demo (User not found)
WARNING 2026-07-26 22:39:24,504 log 23968 26680 Bad Request: /api/auth/login/
INFO 2026-07-26 22:39:46,849 autoreload 23968 29636 C:\Users\HP\Documents\mindCompass\mindcompass-backend\recommendation\services.py changed, reloading.
INFO 2026-07-26 22:39:48,744 autoreload 19928 28592 Watching for file changes with StatReloader
INFO 2026-07-26 22:40:16,043 utils 19928 25108 [SECURITY EVENT] Type: LOGIN_SUCCESS | User ID: 8e449933-c64a-411f-ae8e-0e4d11b55202 | Details: User alex_student logged in successfully.
WARNING 2026-07-26 22:40:17,025 log 19928 25108 Not Found: /api/recommendation/today/
WARNING 2026-07-26 22:40:18,340 log 19928 5108 Not Found: /api/recommendation/today/
WARNING 2026-07-26 22:40:18,657 log 19928 26060 Not Found: /api/recommendation/today/
INFO 2026-07-26 22:40:22,407 autoreload 19928 28592 C:\Users\HP\Documents\mindCompass\mindcompass-backend\journal\views.py changed, reloading.
INFO 2026-07-26 22:40:24,832 autoreload 9148 24436 Watching for file changes with StatReloader
INFO 2026-07-26 22:40:29,124 autoreload 9148 24436 C:\Users\HP\Documents\mindCompass\mindcompass-backend\ai\views.py changed, reloading.
INFO 2026-07-26 22:40:30,493 autoreload 28472 15396 Watching for file changes with StatReloader
WARNING 2026-07-26 22:43:50,684 log 11292 13444 Bad Request: /api/ai/sentiment/
WARNING 2026-07-26 22:44:14,916 log 11292 13444 Unauthorized: /api/ai/sentiment/
WARNING 2026-07-26 22:44:14,917 log 11292 13444 Unauthorized: /api/ai/emotion/
WARNING 2026-07-26 22:44:14,919 log 11292 13444 Unauthorized: /api/ai/keywords/
WARNING 2026-07-26 22:44:14,920 log 11292 13444 Unauthorized: /api/ai/prediction/
WARNING 2026-07-26 22:44:14,920 log 11292 13444 Unauthorized: /api/ai/insights/
WARNING 2026-07-26 22:44:15,464 log 11292 13444 Bad Request: /api/assessment/
INFO 2026-07-26 22:44:18,720 utils 11292 13444 [SECURITY EVENT] Type: EMAIL_VERIFICATION_SENT | User ID: ed4e6186-6918-44c2-86f2-a9b0d6b581ec | Details: Verification code generated.
INFO 2026-07-26 22:44:21,399 utils 11292 13444 [SECURITY EVENT] Type: EMAIL_VERIFICATION_SENT | User ID: 26fed153-0aab-48f4-abb2-c2397311b6cd | Details: Verification code generated.
INFO 2026-07-26 22:44:21,410 utils 11292 13444 [SECURITY EVENT] Type: EMAIL_VERIFICATION_SUCCESS | User ID: 26fed153-0aab-48f4-abb2-c2397311b6cd | Details: Verified email: verifyuser@example.com
INFO 2026-07-26 22:44:23,610 utils 11292 13444 [SECURITY EVENT] Type: GOOGLE_AUTH_FAILURE | User ID: ANONYMOUS | Details: Token verification failed: Wrong number of segments in token: b'real_unverified_token'
INFO 2026-07-26 22:44:23,625 utils 11292 13444 [SECURITY EVENT] Type: USER_REGISTRATION_GOOGLE | User ID: 99422e6c-4379-4e22-abf8-7a35f0894998 | Details: Registered via Google OAuth: googletest (googletest@example.com)
INFO 2026-07-26 22:44:23,632 utils 11292 13444 [SECURITY EVENT] Type: LOGIN_SUCCESS_GOOGLE | User ID: 99422e6c-4379-4e22-abf8-7a35f0894998 | Details: Logged in user googletest via Google OAuth.
INFO 2026-07-26 22:44:28,337 utils 11292 13444 [SECURITY EVENT] Type: LOGIN_FAILURE_INACTIVE | User ID: faf6cb47-9269-4121-bf98-a0c66b707170 | Details: Attempted login on inactive account: loginuser
INFO 2026-07-26 22:44:33,044 utils 11292 13444 [SECURITY EVENT] Type: LOGIN_FAILURE | User ID: ac79833b-83d6-4d8e-8427-550d74246406 | Details: Incorrect password attempt for user: loginuser
INFO 2026-07-26 22:44:37,039 utils 11292 13444 [SECURITY EVENT] Type: LOGIN_SUCCESS | User ID: 2efafced-f5e2-4417-9617-14a46d8e7ff5 | Details: User loginuser logged in successfully.
INFO 2026-07-26 22:44:38,111 utils 11292 13444 [SECURITY EVENT] Type: LOGIN_SUCCESS | User ID: a632117c-1c39-4ade-bbaa-b898f45f1423 | Details: User loginuser logged in successfully.
INFO 2026-07-26 22:44:38,660 utils 11292 13444 [SECURITY EVENT] Type: PASSWORD_RESET_REQUESTED | User ID: decee701-67c5-4a15-be94-92c2dfca3695 | Details: Issued password reset token.
INFO 2026-07-26 22:44:39,220 utils 11292 13444 [SECURITY EVENT] Type: PASSWORD_RESET_REQUESTED | User ID: a34aebdd-4f51-40a9-9fea-64fabdbdb549 | Details: Issued password reset token.
INFO 2026-07-26 22:44:41,240 utils 11292 13444 [SECURITY EVENT] Type: PASSWORD_RESET_REQUESTED | User ID: 6cb51827-c15c-4304-8bfe-d0f9fd0beefe | Details: Issued password reset token.
INFO 2026-07-26 22:44:43,601 utils 11292 13444 [SECURITY EVENT] Type: PASSWORD_RESET_SUCCESS | User ID: 6cb51827-c15c-4304-8bfe-d0f9fd0beefe | Details: Password successfully reset via token.
INFO 2026-07-26 22:44:46,188 utils 11292 13444 [SECURITY EVENT] Type: LOGIN_SUCCESS | User ID: 6cb51827-c15c-4304-8bfe-d0f9fd0beefe | Details: User resetuser logged in successfully.
INFO 2026-07-26 22:44:49,012 utils 11292 13444 [SECURITY EVENT] Type: USER_REGISTRATION | User ID: 1ef387fc-a84b-45ca-83b0-674513099080 | Details: Registered: valid_user1 | Email: validemail@example.com
INFO 2026-07-26 22:44:49,017 utils 11292 13444 [SECURITY EVENT] Type: EMAIL_VERIFICATION_SENT | User ID: 1ef387fc-a84b-45ca-83b0-674513099080 | Details: Verification code generated.
WARNING 2026-07-26 22:44:54,069 log 11292 13444 Bad Request: /api/mood/
WARNING 2026-07-26 22:46:42,379 log 16160 7216 Bad Request: /api/ai/sentiment/
WARNING 2026-07-26 22:47:01,539 log 16160 7216 Unauthorized: /api/ai/sentiment/
WARNING 2026-07-26 22:47:01,541 log 16160 7216 Unauthorized: /api/ai/emotion/
WARNING 2026-07-26 22:47:01,542 log 16160 7216 Unauthorized: /api/ai/keywords/
WARNING 2026-07-26 22:47:01,543 log 16160 7216 Unauthorized: /api/ai/prediction/
WARNING 2026-07-26 22:47:01,544 log 16160 7216 Unauthorized: /api/ai/insights/
WARNING 2026-07-26 22:47:02,138 log 16160 7216 Bad Request: /api/assessment/
INFO 2026-07-26 22:47:03,888 utils 16160 7216 [SECURITY EVENT] Type: EMAIL_VERIFICATION_SENT | User ID: ec0a76ed-b8c3-4e33-af45-35bd2e3ab549 | Details: Verification code generated.
INFO 2026-07-26 22:47:04,463 utils 16160 7216 [SECURITY EVENT] Type: EMAIL_VERIFICATION_SENT | User ID: 279cfa1c-87fd-4fd1-897c-95d75d053174 | Details: Verification code generated.
INFO 2026-07-26 22:47:04,465 utils 16160 7216 [SECURITY EVENT] Type: EMAIL_VERIFICATION_SUCCESS | User ID: 279cfa1c-87fd-4fd1-897c-95d75d053174 | Details: Verified email: verifyuser@example.com
INFO 2026-07-26 22:47:06,740 utils 16160 7216 [SECURITY EVENT] Type: GOOGLE_AUTH_FAILURE | User ID: ANONYMOUS | Details: Token verification failed: Wrong number of segments in token: b'real_unverified_token'
INFO 2026-07-26 22:47:06,757 utils 16160 7216 [SECURITY EVENT] Type: USER_REGISTRATION_GOOGLE | User ID: ecd4bae0-5b85-44c9-99b9-85bca3b5cf51 | Details: Registered via Google OAuth: googletest (googletest@example.com)
INFO 2026-07-26 22:47:06,770 utils 16160 7216 [SECURITY EVENT] Type: LOGIN_SUCCESS_GOOGLE | User ID: ecd4bae0-5b85-44c9-99b9-85bca3b5cf51 | Details: Logged in user googletest via Google OAuth.
INFO 2026-07-26 22:47:12,417 utils 16160 7216 [SECURITY EVENT] Type: LOGIN_FAILURE_INACTIVE | User ID: b9a39b9e-87ca-4323-8201-f320dcab97e9 | Details: Attempted login on inactive account: loginuser
INFO 2026-07-26 22:47:17,409 utils 16160 7216 [SECURITY EVENT] Type: LOGIN_FAILURE | User ID: ff0cc65b-a76c-4fd5-8e53-49c894012ab7 | Details: Incorrect password attempt for user: loginuser
INFO 2026-07-26 22:47:23,278 utils 16160 7216 [SECURITY EVENT] Type: LOGIN_SUCCESS | User ID: 7cccc281-5b6d-45dc-b755-8aaecc5a53f8 | Details: User loginuser logged in successfully.
INFO 2026-07-26 22:47:28,782 utils 16160 7216 [SECURITY EVENT] Type: LOGIN_SUCCESS | User ID: aaeac8f0-784b-4ea5-a0a7-3bad1ee83c53 | Details: User loginuser logged in successfully.
INFO 2026-07-26 22:47:31,424 utils 16160 7216 [SECURITY EVENT] Type: PASSWORD_RESET_REQUESTED | User ID: 849c9a7e-8c05-4f15-887f-dc753dfbd1b1 | Details: Issued password reset token.
INFO 2026-07-26 22:47:33,933 utils 16160 7216 [SECURITY EVENT] Type: PASSWORD_RESET_REQUESTED | User ID: a372957f-5564-4ab8-8276-a407e6658d4e | Details: Issued password reset token.
INFO 2026-07-26 22:47:36,773 utils 16160 7216 [SECURITY EVENT] Type: PASSWORD_RESET_REQUESTED | User ID: 194fccde-5fc2-4754-9218-20e08ad3ab4f | Details: Issued password reset token.
INFO 2026-07-26 22:47:39,883 utils 16160 7216 [SECURITY EVENT] Type: PASSWORD_RESET_SUCCESS | User ID: 194fccde-5fc2-4754-9218-20e08ad3ab4f | Details: Password successfully reset via token.
INFO 2026-07-26 22:47:42,390 utils 16160 7216 [SECURITY EVENT] Type: LOGIN_SUCCESS | User ID: 194fccde-5fc2-4754-9218-20e08ad3ab4f | Details: User resetuser logged in successfully.
INFO 2026-07-26 22:47:45,300 utils 16160 7216 [SECURITY EVENT] Type: USER_REGISTRATION | User ID: b7c71a8d-eafc-47e5-9f0a-d10d7adb09da | Details: Registered: valid_user1 | Email: validemail@example.com
INFO 2026-07-26 22:47:45,306 utils 16160 7216 [SECURITY EVENT] Type: EMAIL_VERIFICATION_SENT | User ID: b7c71a8d-eafc-47e5-9f0a-d10d7adb09da | Details: Verification code generated.
WARNING 2026-07-26 22:47:50,815 log 16160 7216 Bad Request: /api/mood/
INFO 2026-07-26 22:49:43,889 autoreload 28472 15396 C:\Users\HP\Documents\mindCompass\mindcompass-backend\recommendation\services.py changed, reloading.
INFO 2026-07-26 22:49:45,316 autoreload 13120 17668 Watching for file changes with StatReloader
INFO 2026-07-26 22:51:50,473 autoreload 13120 17668 C:\Users\HP\Documents\mindCompass\mindcompass-backend\recommendation\services.py changed, reloading.
INFO 2026-07-26 22:51:52,232 autoreload 24420 4852 Watching for file changes with StatReloader
WARNING 2026-07-26 22:53:26,484 log 20428 4440 Bad Request: /api/ai/sentiment/
WARNING 2026-07-26 22:53:50,126 log 20428 4440 Unauthorized: /api/ai/sentiment/
WARNING 2026-07-26 22:53:50,130 log 20428 4440 Unauthorized: /api/ai/emotion/
WARNING 2026-07-26 22:53:50,134 log 20428 4440 Unauthorized: /api/ai/keywords/
WARNING 2026-07-26 22:53:50,138 log 20428 4440 Unauthorized: /api/ai/prediction/
WARNING 2026-07-26 22:53:50,141 log 20428 4440 Unauthorized: /api/ai/insights/
WARNING 2026-07-26 22:53:52,646 log 20428 4440 Bad Request: /api/assessment/
INFO 2026-07-26 22:54:00,900 utils 20428 4440 [SECURITY EVENT] Type: EMAIL_VERIFICATION_SENT | User ID: b27c9b03-b2b9-4200-8ad0-b4cd9fa6bb1e | Details: Verification code generated.
INFO 2026-07-26 22:54:03,368 utils 20428 4440 [SECURITY EVENT] Type: EMAIL_VERIFICATION_SENT | User ID: 1392849e-4c95-416d-be4f-b6ffe87fc549 | Details: Verification code generated.
INFO 2026-07-26 22:54:03,379 utils 20428 4440 [SECURITY EVENT] Type: EMAIL_VERIFICATION_SUCCESS | User ID: 1392849e-4c95-416d-be4f-b6ffe87fc549 | Details: Verified email: verifyuser@example.com
INFO 2026-07-26 22:54:06,236 utils 20428 4440 [SECURITY EVENT] Type: GOOGLE_AUTH_FAILURE | User ID: ANONYMOUS | Details: Token verification failed: Wrong number of segments in token: b'real_unverified_token'
INFO 2026-07-26 22:54:06,253 utils 20428 4440 [SECURITY EVENT] Type: USER_REGISTRATION_GOOGLE | User ID: ba102609-c8fe-4617-b864-21734d1020c5 | Details: Registered via Google OAuth: googletest (googletest@example.com)
INFO 2026-07-26 22:54:06,265 utils 20428 4440 [SECURITY EVENT] Type: LOGIN_SUCCESS_GOOGLE | User ID: ba102609-c8fe-4617-b864-21734d1020c5 | Details: Logged in user googletest via Google OAuth.
INFO 2026-07-26 22:54:11,691 utils 20428 4440 [SECURITY EVENT] Type: LOGIN_FAILURE_INACTIVE | User ID: 4f66f56d-80b1-4e52-b3a8-0c19f7c8162a | Details: Attempted login on inactive account: loginuser
INFO 2026-07-26 22:54:17,014 utils 20428 4440 [SECURITY EVENT] Type: LOGIN_FAILURE | User ID: f2760085-76f4-4636-89d7-d28451dfabf4 | Details: Incorrect password attempt for user: loginuser
INFO 2026-07-26 22:54:21,143 utils 20428 4440 [SECURITY EVENT] Type: LOGIN_SUCCESS | User ID: fd21f9f3-f420-476f-a6ca-97704b82de14 | Details: User loginuser logged in successfully.
INFO 2026-07-26 22:54:22,317 utils 20428 4440 [SECURITY EVENT] Type: LOGIN_SUCCESS | User ID: 6f00ff56-7b81-4945-b725-f83bd6602844 | Details: User loginuser logged in successfully.
INFO 2026-07-26 22:54:22,956 utils 20428 4440 [SECURITY EVENT] Type: PASSWORD_RESET_REQUESTED | User ID: d2172f27-daef-446d-9580-db6da5894fd8 | Details: Issued password reset token.
INFO 2026-07-26 22:54:23,555 utils 20428 4440 [SECURITY EVENT] Type: PASSWORD_RESET_REQUESTED | User ID: 89b2101d-00af-43a2-b41a-e7bea88e92bf | Details: Issued password reset token.
INFO 2026-07-26 22:54:24,140 utils 20428 4440 [SECURITY EVENT] Type: PASSWORD_RESET_REQUESTED | User ID: 31a181d9-826f-4aa2-8420-4813c22f83d3 | Details: Issued password reset token.
INFO 2026-07-26 22:54:24,692 utils 20428 4440 [SECURITY EVENT] Type: PASSWORD_RESET_SUCCESS | User ID: 31a181d9-826f-4aa2-8420-4813c22f83d3 | Details: Password successfully reset via token.
INFO 2026-07-26 22:54:25,260 utils 20428 4440 [SECURITY EVENT] Type: LOGIN_SUCCESS | User ID: 31a181d9-826f-4aa2-8420-4813c22f83d3 | Details: User resetuser logged in successfully.
INFO 2026-07-26 22:54:25,867 utils 20428 4440 [SECURITY EVENT] Type: USER_REGISTRATION | User ID: 68e8c015-c58a-45ca-a806-92bc199cf5d3 | Details: Registered: valid_user1 | Email: validemail@example.com
INFO 2026-07-26 22:54:25,868 utils 20428 4440 [SECURITY EVENT] Type: EMAIL_VERIFICATION_SENT | User ID: 68e8c015-c58a-45ca-a806-92bc199cf5d3 | Details: Verification code generated.
WARNING 2026-07-26 22:54:27,024 log 20428 4440 Bad Request: /api/mood/
WARNING 2026-07-26 22:56:58,060 log 22168 13332 Bad Request: /api/ai/sentiment/
WARNING 2026-07-26 22:57:23,465 log 22168 13332 Unauthorized: /api/ai/sentiment/
WARNING 2026-07-26 22:57:23,468 log 22168 13332 Unauthorized: /api/ai/emotion/
WARNING 2026-07-26 22:57:23,473 log 22168 13332 Unauthorized: /api/ai/keywords/
WARNING 2026-07-26 22:57:23,477 log 22168 13332 Unauthorized: /api/ai/prediction/
WARNING 2026-07-26 22:57:23,480 log 22168 13332 Unauthorized: /api/ai/insights/
WARNING 2026-07-26 22:57:26,738 log 22168 13332 Bad Request: /api/assessment/
INFO 2026-07-26 22:57:34,285 utils 22168 13332 [SECURITY EVENT] Type: EMAIL_VERIFICATION_SENT | User ID: 898a4d19-3ce8-4582-9bd3-e1b5ed4ad708 | Details: Verification code generated.
INFO 2026-07-26 22:57:36,787 utils 22168 13332 [SECURITY EVENT] Type: EMAIL_VERIFICATION_SENT | User ID: ca660994-31cf-4c06-83c4-b5b5f9dae082 | Details: Verification code generated.
INFO 2026-07-26 22:57:36,800 utils 22168 13332 [SECURITY EVENT] Type: EMAIL_VERIFICATION_SUCCESS | User ID: ca660994-31cf-4c06-83c4-b5b5f9dae082 | Details: Verified email: verifyuser@example.com
INFO 2026-07-26 22:57:39,567 utils 22168 13332 [SECURITY EVENT] Type: GOOGLE_AUTH_FAILURE | User ID: ANONYMOUS | Details: Token verification failed: Wrong number of segments in token: b'real_unverified_token'
INFO 2026-07-26 22:57:39,582 utils 22168 13332 [SECURITY EVENT] Type: USER_REGISTRATION_GOOGLE | User ID: 493a30a9-841c-4a47-ada3-0d0fca1e0f19 | Details: Registered via Google OAuth: googletest (googletest@example.com)
INFO 2026-07-26 22:57:39,590 utils 22168 13332 [SECURITY EVENT] Type: LOGIN_SUCCESS_GOOGLE | User ID: 493a30a9-841c-4a47-ada3-0d0fca1e0f19 | Details: Logged in user googletest via Google OAuth.
INFO 2026-07-26 22:57:45,252 utils 22168 13332 [SECURITY EVENT] Type: LOGIN_FAILURE_INACTIVE | User ID: 414cc88a-d79c-41c4-8bad-d7887b8f70ed | Details: Attempted login on inactive account: loginuser
INFO 2026-07-26 22:57:50,388 utils 22168 13332 [SECURITY EVENT] Type: LOGIN_FAILURE | User ID: c0e88b8f-3b6d-4430-b185-ec5d79ee3dae | Details: Incorrect password attempt for user: loginuser
INFO 2026-07-26 22:57:55,336 utils 22168 13332 [SECURITY EVENT] Type: LOGIN_SUCCESS | User ID: 220a51e0-760f-4c5c-9c1a-8183e300bbd1 | Details: User loginuser logged in successfully.
INFO 2026-07-26 22:58:00,772 utils 22168 13332 [SECURITY EVENT] Type: LOGIN_SUCCESS | User ID: 596f9679-a9e8-4fd0-9ee7-a67468db18cb | Details: User loginuser logged in successfully.
INFO 2026-07-26 22:58:03,431 utils 22168 13332 [SECURITY EVENT] Type: PASSWORD_RESET_REQUESTED | User ID: be5dee28-0ac3-4686-bcd0-97164a7604ff | Details: Issued password reset token.
INFO 2026-07-26 22:58:05,978 utils 22168 13332 [SECURITY EVENT] Type: PASSWORD_RESET_REQUESTED | User ID: f5a25484-a4ce-410e-80d1-f661ff7e874c | Details: Issued password reset token.
INFO 2026-07-26 22:58:08,369 utils 22168 13332 [SECURITY EVENT] Type: PASSWORD_RESET_REQUESTED | User ID: 4e6492d9-13d3-4a41-97fa-2c0891d348f2 | Details: Issued password reset token.
INFO 2026-07-26 22:58:10,830 utils 22168 13332 [SECURITY EVENT] Type: PASSWORD_RESET_SUCCESS | User ID: 4e6492d9-13d3-4a41-97fa-2c0891d348f2 | Details: Password successfully reset via token.
INFO 2026-07-26 22:58:13,544 utils 22168 13332 [SECURITY EVENT] Type: LOGIN_SUCCESS | User ID: 4e6492d9-13d3-4a41-97fa-2c0891d348f2 | Details: User resetuser logged in successfully.
INFO 2026-07-26 22:58:16,477 utils 22168 13332 [SECURITY EVENT] Type: USER_REGISTRATION | User ID: 2e008c42-a4f9-4f15-931f-c81bd3a9f011 | Details: Registered: valid_user1 | Email: validemail@example.com
INFO 2026-07-26 22:58:16,480 utils 22168 13332 [SECURITY EVENT] Type: EMAIL_VERIFICATION_SENT | User ID: 2e008c42-a4f9-4f15-931f-c81bd3a9f011 | Details: Verification code generated.
WARNING 2026-07-26 22:58:22,305 log 22168 13332 Bad Request: /api/mood/
INFO 2026-07-26 23:07:55,602 autoreload 24420 4852 C:\Users\HP\Documents\mindCompass\mindcompass-backend\recommendation\models.py changed, reloading.
INFO 2026-07-26 23:07:57,785 autoreload 24080 31020 Watching for file changes with StatReloader
INFO 2026-07-26 23:16:19,534 autoreload 24080 31020 C:\Users\HP\Documents\mindCompass\mindcompass-backend\recommendation\services.py changed, reloading.
INFO 2026-07-26 23:16:22,476 autoreload 20252 9164 Watching for file changes with StatReloader
INFO 2026-07-26 23:16:41,233 autoreload 20252 9164 C:\Users\HP\Documents\mindCompass\mindcompass-backend\recommendation\serializers.py changed, reloading.
INFO 2026-07-26 23:16:44,597 autoreload 2060 9208 Watching for file changes with StatReloader
WARNING 2026-07-26 23:19:01,433 log 17712 25044 Bad Request: /api/ai/sentiment/
WARNING 2026-07-26 23:19:25,970 log 2060 16272 Bad Request: /api/auth/logout/
WARNING 2026-07-26 23:19:27,929 log 17712 25044 Unauthorized: /api/ai/sentiment/
WARNING 2026-07-26 23:19:27,934 log 17712 25044 Unauthorized: /api/ai/emotion/
WARNING 2026-07-26 23:19:27,940 log 17712 25044 Unauthorized: /api/ai/keywords/
WARNING 2026-07-26 23:19:27,945 log 17712 25044 Unauthorized: /api/ai/prediction/
WARNING 2026-07-26 23:19:27,953 log 17712 25044 Unauthorized: /api/ai/insights/
WARNING 2026-07-26 23:19:30,678 log 17712 25044 Bad Request: /api/assessment/
INFO 2026-07-26 23:19:32,322 utils 17712 25044 [SECURITY EVENT] Type: EMAIL_VERIFICATION_SENT | User ID: 8e7b043b-ee65-4f6f-8596-62a43c0a3525 | Details: Verification code generated.
INFO 2026-07-26 23:19:32,879 utils 17712 25044 [SECURITY EVENT] Type: EMAIL_VERIFICATION_SENT | User ID: f4ff6c47-625d-49ff-a79a-c28c66eb8159 | Details: Verification code generated.
INFO 2026-07-26 23:19:32,881 utils 17712 25044 [SECURITY EVENT] Type: EMAIL_VERIFICATION_SUCCESS | User ID: f4ff6c47-625d-49ff-a79a-c28c66eb8159 | Details: Verified email: verifyuser@example.com
INFO 2026-07-26 23:19:33,480 utils 17712 25044 [SECURITY EVENT] Type: GOOGLE_AUTH_FAILURE | User ID: ANONYMOUS | Details: Token verification failed: Wrong number of segments in token: b'real_unverified_token'
INFO 2026-07-26 23:19:33,483 utils 17712 25044 [SECURITY EVENT] Type: USER_REGISTRATION_GOOGLE | User ID: 58e45be2-b612-49b2-a649-b8ed3ed7f992 | Details: Registered via Google OAuth: googletest (googletest@example.com)
INFO 2026-07-26 23:19:33,485 utils 17712 25044 [SECURITY EVENT] Type: LOGIN_SUCCESS_GOOGLE | User ID: 58e45be2-b612-49b2-a649-b8ed3ed7f992 | Details: Logged in user googletest via Google OAuth.
INFO 2026-07-26 23:19:34,617 utils 17712 25044 [SECURITY EVENT] Type: LOGIN_FAILURE_INACTIVE | User ID: a158401b-884f-4529-b9a7-d5a7c83835dd | Details: Attempted login on inactive account: loginuser
INFO 2026-07-26 23:19:35,670 utils 17712 25044 [SECURITY EVENT] Type: LOGIN_FAILURE | User ID: c26f4b30-76b2-4eac-8ffe-58518b95b021 | Details: Incorrect password attempt for user: loginuser
INFO 2026-07-26 23:19:36,722 utils 17712 25044 [SECURITY EVENT] Type: LOGIN_SUCCESS | User ID: d0e9ed1f-d96a-4769-98d7-1a9cfddbc25e | Details: User loginuser logged in successfully.
INFO 2026-07-26 23:19:38,430 utils 17712 25044 [SECURITY EVENT] Type: LOGIN_SUCCESS | User ID: ebb526a7-5695-4419-bbc3-6f7afeb44de7 | Details: User loginuser logged in successfully.
INFO 2026-07-26 23:19:39,972 utils 17712 25044 [SECURITY EVENT] Type: PASSWORD_RESET_REQUESTED | User ID: 94093034-c52f-4d00-b9c6-e1e57d57c703 | Details: Issued password reset token.
INFO 2026-07-26 23:19:43,031 utils 17712 25044 [SECURITY EVENT] Type: PASSWORD_RESET_REQUESTED | User ID: e31ab085-f347-4cb5-9823-35f3151bb974 | Details: Issued password reset token.
INFO 2026-07-26 23:19:46,079 utils 17712 25044 [SECURITY EVENT] Type: PASSWORD_RESET_REQUESTED | User ID: f15fc6e9-4d91-48ec-a9f9-258078ddc1aa | Details: Issued password reset token.
INFO 2026-07-26 23:19:48,396 utils 17712 25044 [SECURITY EVENT] Type: PASSWORD_RESET_SUCCESS | User ID: f15fc6e9-4d91-48ec-a9f9-258078ddc1aa | Details: Password successfully reset via token.
INFO 2026-07-26 23:19:50,916 utils 17712 25044 [SECURITY EVENT] Type: LOGIN_SUCCESS | User ID: f15fc6e9-4d91-48ec-a9f9-258078ddc1aa | Details: User resetuser logged in successfully.
INFO 2026-07-26 23:19:56,458 utils 17712 25044 [SECURITY EVENT] Type: USER_REGISTRATION | User ID: c43753fa-050c-4911-a34f-3d61e9622193 | Details: Registered: valid_user1 | Email: validemail@example.com
INFO 2026-07-26 23:19:56,463 utils 17712 25044 [SECURITY EVENT] Type: EMAIL_VERIFICATION_SENT | User ID: c43753fa-050c-4911-a34f-3d61e9622193 | Details: Verification code generated.
WARNING 2026-07-26 23:20:09,127 log 17712 25044 Bad Request: /api/mood/
INFO 2026-07-26 23:20:10,189 utils 2060 16272 [SECURITY EVENT] Type: LOGIN_SUCCESS | User ID: 8e449933-c64a-411f-ae8e-0e4d11b55202 | Details: User alex_student logged in successfully.
INFO 2026-07-26 23:32:21,682 autoreload 2060 9208 C:\Users\HP\Documents\mindCompass\mindcompass-backend\recommendation\serializers.py changed, reloading.
INFO 2026-07-26 23:32:23,490 autoreload 22624 11836 Watching for file changes with StatReloader
INFO 2026-07-26 23:32:37,185 autoreload 22624 11836 C:\Users\HP\Documents\mindCompass\mindcompass-backend\recommendation\services.py changed, reloading.
INFO 2026-07-26 23:32:41,323 autoreload 19528 30564 Watching for file changes with StatReloader
INFO 2026-07-26 23:39:17,471 autoreload 19528 30564 C:\Users\HP\Documents\mindCompass\mindcompass-backend\ai\keywords\services.py changed, reloading.
INFO 2026-07-26 23:39:18,794 autoreload 29980 25136 Watching for file changes with StatReloader
INFO 2026-07-26 23:39:45,622 autoreload 29980 25136 C:\Users\HP\Documents\mindCompass\mindcompass-backend\ai\insights\services.py changed, reloading.
INFO 2026-07-26 23:39:46,863 autoreload 11456 6000 Watching for file changes with StatReloader
INFO 2026-07-26 23:39:55,713 autoreload 11456 6000 C:\Users\HP\Documents\mindCompass\mindcompass-backend\ai\serializers.py changed, reloading.
INFO 2026-07-26 23:39:57,063 autoreload 20700 13928 Watching for file changes with StatReloader
WARNING 2026-07-26 23:43:59,205 log 6868 14040 Bad Request: /api/ai/sentiment/
WARNING 2026-07-26 23:44:10,050 log 6868 14040 Unauthorized: /api/ai/sentiment/
WARNING 2026-07-26 23:44:10,051 log 6868 14040 Unauthorized: /api/ai/emotion/
WARNING 2026-07-26 23:44:10,054 log 6868 14040 Unauthorized: /api/ai/keywords/
WARNING 2026-07-26 23:44:10,056 log 6868 14040 Unauthorized: /api/ai/prediction/
WARNING 2026-07-26 23:44:10,057 log 6868 14040 Unauthorized: /api/ai/insights/
WARNING 2026-07-26 23:44:11,239 log 6868 14040 Bad Request: /api/assessment/
INFO 2026-07-26 23:44:14,697 utils 6868 14040 [SECURITY EVENT] Type: EMAIL_VERIFICATION_SENT | User ID: 2388c52b-ba25-4c1b-b512-5f769c74e920 | Details: Verification code generated.
INFO 2026-07-26 23:44:15,818 utils 6868 14040 [SECURITY EVENT] Type: EMAIL_VERIFICATION_SENT | User ID: 5f092a6a-cb38-440a-9860-746f73495c8e | Details: Verification code generated.
INFO 2026-07-26 23:44:15,823 utils 6868 14040 [SECURITY EVENT] Type: EMAIL_VERIFICATION_SUCCESS | User ID: 5f092a6a-cb38-440a-9860-746f73495c8e | Details: Verified email: verifyuser@example.com
INFO 2026-07-26 23:44:17,097 utils 6868 14040 [SECURITY EVENT] Type: GOOGLE_AUTH_FAILURE | User ID: ANONYMOUS | Details: Token verification failed: Wrong number of segments in token: b'real_unverified_token'
INFO 2026-07-26 23:44:17,104 utils 6868 14040 [SECURITY EVENT] Type: USER_REGISTRATION_GOOGLE | User ID: eeb113e4-10f4-4dbb-85cb-7e1772f62e35 | Details: Registered via Google OAuth: googletest (googletest@example.com)
INFO 2026-07-26 23:44:17,108 utils 6868 14040 [SECURITY EVENT] Type: LOGIN_SUCCESS_GOOGLE | User ID: eeb113e4-10f4-4dbb-85cb-7e1772f62e35 | Details: Logged in user googletest via Google OAuth.
INFO 2026-07-26 23:44:19,413 utils 6868 14040 [SECURITY EVENT] Type: LOGIN_FAILURE_INACTIVE | User ID: dc5d4ba5-9bac-4466-97e4-b5433fd1f934 | Details: Attempted login on inactive account: loginuser
INFO 2026-07-26 23:44:21,687 utils 6868 14040 [SECURITY EVENT] Type: LOGIN_FAILURE | User ID: 645a4b32-8cba-4055-a0a5-7ae9e086d408 | Details: Incorrect password attempt for user: loginuser
INFO 2026-07-26 23:44:24,052 utils 6868 14040 [SECURITY EVENT] Type: LOGIN_SUCCESS | User ID: 030722c6-8801-4f15-abff-7368fa7e8930 | Details: User loginuser logged in successfully.
INFO 2026-07-26 23:44:26,094 utils 6868 14040 [SECURITY EVENT] Type: LOGIN_SUCCESS | User ID: d3e62bc3-1cc8-45b0-8dbd-72e620f9ee2a | Details: User loginuser logged in successfully.
INFO 2026-07-26 23:44:27,181 utils 6868 14040 [SECURITY EVENT] Type: PASSWORD_RESET_REQUESTED | User ID: 56316b44-9a5c-48a8-a236-67555386c2af | Details: Issued password reset token.
INFO 2026-07-26 23:44:28,281 utils 6868 14040 [SECURITY EVENT] Type: PASSWORD_RESET_REQUESTED | User ID: 5e38ace8-97e8-45cb-bbb6-e150f9e97e91 | Details: Issued password reset token.
INFO 2026-07-26 23:44:29,474 utils 6868 14040 [SECURITY EVENT] Type: PASSWORD_RESET_REQUESTED | User ID: c2229f04-1cd0-498b-a3c9-4add03c71278 | Details: Issued password reset token.
INFO 2026-07-26 23:44:30,649 utils 6868 14040 [SECURITY EVENT] Type: PASSWORD_RESET_SUCCESS | User ID: c2229f04-1cd0-498b-a3c9-4add03c71278 | Details: Password successfully reset via token.
INFO 2026-07-26 23:44:31,833 utils 6868 14040 [SECURITY EVENT] Type: LOGIN_SUCCESS | User ID: c2229f04-1cd0-498b-a3c9-4add03c71278 | Details: User resetuser logged in successfully.
INFO 2026-07-26 23:44:33,059 utils 6868 14040 [SECURITY EVENT] Type: USER_REGISTRATION | User ID: 679cbddc-d459-436a-9075-5d2deafd1a96 | Details: Registered: valid_user1 | Email: validemail@example.com
INFO 2026-07-26 23:44:33,061 utils 6868 14040 [SECURITY EVENT] Type: EMAIL_VERIFICATION_SENT | User ID: 679cbddc-d459-436a-9075-5d2deafd1a96 | Details: Verification code generated.
WARNING 2026-07-26 23:44:35,403 log 6868 14040 Bad Request: /api/mood/
WARNING 2026-07-26 23:45:48,094 log 16948 21288 Bad Request: /api/ai/sentiment/
WARNING 2026-07-26 23:45:59,092 log 16948 21288 Unauthorized: /api/ai/sentiment/
WARNING 2026-07-26 23:45:59,094 log 16948 21288 Unauthorized: /api/ai/emotion/
WARNING 2026-07-26 23:45:59,096 log 16948 21288 Unauthorized: /api/ai/keywords/
WARNING 2026-07-26 23:45:59,097 log 16948 21288 Unauthorized: /api/ai/prediction/
WARNING 2026-07-26 23:45:59,100 log 16948 21288 Unauthorized: /api/ai/insights/
INFO 2026-07-26 23:46:15,774 autoreload 20700 13928 C:\Users\HP\Documents\mindCompass\mindcompass-backend\ai\keywords\services.py changed, reloading.
INFO 2026-07-26 23:46:17,746 autoreload 12312 26264 Watching for file changes with StatReloader
WARNING 2026-07-26 23:47:04,219 log 2668 9628 Bad Request: /api/ai/sentiment/
WARNING 2026-07-26 23:47:14,087 log 2668 9628 Unauthorized: /api/ai/sentiment/
WARNING 2026-07-26 23:47:14,088 log 2668 9628 Unauthorized: /api/ai/emotion/
WARNING 2026-07-26 23:47:14,088 log 2668 9628 Unauthorized: /api/ai/keywords/
WARNING 2026-07-26 23:47:14,089 log 2668 9628 Unauthorized: /api/ai/prediction/
WARNING 2026-07-26 23:47:14,090 log 2668 9628 Unauthorized: /api/ai/insights/
INFO 2026-07-26 23:47:26,093 autoreload 12312 26264 C:\Users\HP\Documents\mindCompass\mindcompass-backend\ai\insights\services.py changed, reloading.
INFO 2026-07-26 23:47:28,018 autoreload 23292 17836 Watching for file changes with StatReloader
WARNING 2026-07-26 23:48:24,562 log 26864 22504 Bad Request: /api/ai/sentiment/
WARNING 2026-07-26 23:48:35,243 log 26864 22504 Unauthorized: /api/ai/sentiment/
WARNING 2026-07-26 23:48:35,245 log 26864 22504 Unauthorized: /api/ai/emotion/
WARNING 2026-07-26 23:48:35,246 log 26864 22504 Unauthorized: /api/ai/keywords/
WARNING 2026-07-26 23:48:35,248 log 26864 22504 Unauthorized: /api/ai/prediction/
WARNING 2026-07-26 23:48:35,250 log 26864 22504 Unauthorized: /api/ai/insights/
INFO 2026-07-31 22:05:38,082 autoreload 29720 12364 Watching for file changes with StatReloader
WARNING 2026-07-31 22:06:19,160 log 29720 32136 Unauthorized: /api/profile/
WARNING 2026-07-31 22:06:19,166 log 29720 32136 Unauthorized: /api/profile/
WARNING 2026-07-31 22:06:32,163 log 29720 22904 Unauthorized: /api/profile/
WARNING 2026-07-31 22:06:32,167 log 29720 22904 Unauthorized: /api/profile/
WARNING 2026-07-31 22:06:50,370 log 29720 31632 Not Found: /
WARNING 2026-07-31 22:06:50,436 log 29720 31632 Not Found: /favicon.ico
INFO 2026-07-31 22:07:17,476 utils 29720 28068 [SECURITY EVENT] Type: LOGIN_SUCCESS | User ID: 8e449933-c64a-411f-ae8e-0e4d11b55202 | Details: User alex_student logged in successfully.
INFO 2026-07-31 22:10:19,032 autoreload 29720 12364 C:\Users\HP\Documents\mindCompass\mindcompass-backend\ai\keywords\services.py changed, reloading.
INFO 2026-07-31 22:10:21,618 autoreload 22016 13124 Watching for file changes with StatReloader
INFO 2026-07-31 22:20:45,448 autoreload 22016 13124 C:\Users\HP\Documents\mindCompass\mindcompass-backend\recommendation\services.py changed, reloading.
INFO 2026-07-31 22:20:47,336 autoreload 28080 16844 Watching for file changes with StatReloader
INFO 2026-07-31 22:20:51,171 autoreload 28080 16844 C:\Users\HP\Documents\mindCompass\mindcompass-backend\recommendation\serializers.py changed, reloading.
INFO 2026-07-31 22:20:52,529 autoreload 24052 17568 Watching for file changes with StatReloader
INFO 2026-07-31 22:20:58,660 autoreload 24052 17568 C:\Users\HP\Documents\mindCompass\mindcompass-backend\recommendation\views.py changed, reloading.
INFO 2026-07-31 22:21:00,106 autoreload 30700 23112 Watching for file changes with StatReloader
WARNING 2026-07-31 22:28:39,353 log 20916 12132 Bad Request: /api/ai/sentiment/
WARNING 2026-07-31 22:28:44,242 log 20916 12132 Unauthorized: /api/ai/sentiment/
WARNING 2026-07-31 22:28:44,242 log 20916 12132 Unauthorized: /api/ai/emotion/
WARNING 2026-07-31 22:28:44,243 log 20916 12132 Unauthorized: /api/ai/keywords/
WARNING 2026-07-31 22:28:44,244 log 20916 12132 Unauthorized: /api/ai/prediction/
WARNING 2026-07-31 22:28:44,244 log 20916 12132 Unauthorized: /api/ai/insights/
WARNING 2026-07-31 22:28:44,777 log 20916 12132 Bad Request: /api/assessment/
INFO 2026-07-31 22:28:46,364 utils 20916 12132 [SECURITY EVENT] Type: EMAIL_VERIFICATION_SENT | User ID: ca83652f-0baa-4a97-870a-d4fe04d623eb | Details: Verification code generated.
INFO 2026-07-31 22:28:46,882 utils 20916 12132 [SECURITY EVENT] Type: EMAIL_VERIFICATION_SENT | User ID: d0c2dc11-e805-4362-be0d-9419ba5efc1f | Details: Verification code generated.
INFO 2026-07-31 22:28:46,883 utils 20916 12132 [SECURITY EVENT] Type: EMAIL_VERIFICATION_SUCCESS | User ID: d0c2dc11-e805-4362-be0d-9419ba5efc1f | Details: Verified email: verifyuser@example.com
INFO 2026-07-31 22:28:47,576 utils 20916 12132 [SECURITY EVENT] Type: GOOGLE_AUTH_FAILURE | User ID: ANONYMOUS | Details: Token verification failed: Wrong number of segments in token: b'real_unverified_token'
INFO 2026-07-31 22:28:47,582 utils 20916 12132 [SECURITY EVENT] Type: USER_REGISTRATION_GOOGLE | User ID: ac74c64e-36fd-4757-bbc4-8839c6b15cba | Details: Registered via Google OAuth: googletest (googletest@example.com)
INFO 2026-07-31 22:28:47,585 utils 20916 12132 [SECURITY EVENT] Type: LOGIN_SUCCESS_GOOGLE | User ID: ac74c64e-36fd-4757-bbc4-8839c6b15cba | Details: Logged in user googletest via Google OAuth.
INFO 2026-07-31 22:28:48,672 utils 20916 12132 [SECURITY EVENT] Type: LOGIN_FAILURE_INACTIVE | User ID: dcb905ac-8fc8-4ebc-ba36-246993708af4 | Details: Attempted login on inactive account: loginuser
INFO 2026-07-31 22:28:49,731 utils 20916 12132 [SECURITY EVENT] Type: LOGIN_FAILURE | User ID: 2e086838-7e17-456f-ba77-44eb89e48ddb | Details: Incorrect password attempt for user: loginuser
INFO 2026-07-31 22:28:50,787 utils 20916 12132 [SECURITY EVENT] Type: LOGIN_SUCCESS | User ID: a35001de-ba78-4722-b997-27eb51b9838b | Details: User loginuser logged in successfully.
INFO 2026-07-31 22:28:51,847 utils 20916 12132 [SECURITY EVENT] Type: LOGIN_SUCCESS | User ID: 6843ad48-4673-4e02-9d8b-39bbd2dab626 | Details: User loginuser logged in successfully.
INFO 2026-07-31 22:28:52,406 utils 20916 12132 [SECURITY EVENT] Type: PASSWORD_RESET_REQUESTED | User ID: 08f47ff0-0e6f-40c8-beed-959c7a5d5dad | Details: Issued password reset token.
INFO 2026-07-31 22:28:52,937 utils 20916 12132 [SECURITY EVENT] Type: PASSWORD_RESET_REQUESTED | User ID: f2e06845-d70b-471c-98b4-ab7e1e07adab | Details: Issued password reset token.
INFO 2026-07-31 22:28:53,466 utils 20916 12132 [SECURITY EVENT] Type: PASSWORD_RESET_REQUESTED | User ID: efbbd504-7d74-4288-b494-2fdc3abfbffa | Details: Issued password reset token.
INFO 2026-07-31 22:28:54,005 utils 20916 12132 [SECURITY EVENT] Type: PASSWORD_RESET_SUCCESS | User ID: efbbd504-7d74-4288-b494-2fdc3abfbffa | Details: Password successfully reset via token.
INFO 2026-07-31 22:28:54,533 utils 20916 12132 [SECURITY EVENT] Type: LOGIN_SUCCESS | User ID: efbbd504-7d74-4288-b494-2fdc3abfbffa | Details: User resetuser logged in successfully.
INFO 2026-07-31 22:28:55,093 utils 20916 12132 [SECURITY EVENT] Type: USER_REGISTRATION | User ID: 7d427836-776d-4e8a-a3c2-f0d958694295 | Details: Registered: valid_user1 | Email: validemail@example.com
INFO 2026-07-31 22:28:55,094 utils 20916 12132 [SECURITY EVENT] Type: EMAIL_VERIFICATION_SENT | User ID: 7d427836-776d-4e8a-a3c2-f0d958694295 | Details: Verification code generated.
WARNING 2026-07-31 22:28:56,187 log 20916 12132 Bad Request: /api/mood/
INFO 2026-07-31 22:31:30,428 autoreload 30700 23112 C:\Users\HP\Documents\mindCompass\mindcompass-backend\recommendation\services.py changed, reloading.
INFO 2026-07-31 22:31:31,800 autoreload 5528 13836 Watching for file changes with StatReloader
INFO 2026-07-31 22:33:03,257 autoreload 5528 13836 C:\Users\HP\Documents\mindCompass\mindcompass-backend\recommendation\services.py changed, reloading.
INFO 2026-07-31 22:33:04,606 autoreload 30240 17192 Watching for file changes with StatReloader
INFO 2026-07-31 22:34:38,385 autoreload 30240 17192 C:\Users\HP\Documents\mindCompass\mindcompass-backend\recommendation\services.py changed, reloading.
INFO 2026-07-31 22:34:39,778 autoreload 26244 19692 Watching for file changes with StatReloader
INFO 2026-07-31 22:35:53,044 autoreload 26244 19692 C:\Users\HP\Documents\mindCompass\mindcompass-backend\recommendation\services.py changed, reloading.
INFO 2026-07-31 22:35:54,411 autoreload 14540 29648 Watching for file changes with StatReloader
ERROR 2026-07-31 22:36:12,357 log 23104 31816 Internal Server Error: /api/recommendation/today/
Traceback (most recent call last):
  File "C:\Users\HP\AppData\Roaming\Python\Python314\site-packages\django\core\handlers\exception.py", line 55, in inner
    response = get_response(request)
  File "C:\Users\HP\AppData\Roaming\Python\Python314\site-packages\django\core\handlers\base.py", line 198, in _get_response
    response = wrapped_callback(request, *callback_args, **callback_kwargs)
  File "C:\Users\HP\AppData\Roaming\Python\Python314\site-packages\django\views\decorators\csrf.py", line 65, in _view_wrapper
    return view_func(request, *args, **kwargs)
  File "C:\Users\HP\AppData\Roaming\Python\Python314\site-packages\django\views\generic\base.py", line 106, in view
    return self.dispatch(request, *args, **kwargs)
           ~~~~~~~~~~~~~^^^^^^^^^^^^^^^^^^^^^^^^^^
  File "C:\Users\HP\AppData\Roaming\Python\Python314\site-packages\rest_framework\views.py", line 515, in dispatch
    response = self.handle_exception(exc)
  File "C:\Users\HP\AppData\Roaming\Python\Python314\site-packages\rest_framework\views.py", line 475, in handle_exception
    self.raise_uncaught_exception(exc)
    ~~~~~~~~~~~~~~~~~~~~~~~~~~~~~^^^^^
  File "C:\Users\HP\AppData\Roaming\Python\Python314\site-packages\rest_framework\views.py", line 486, in raise_uncaught_exception
    raise exc
  File "C:\Users\HP\AppData\Roaming\Python\Python314\site-packages\rest_framework\views.py", line 512, in dispatch
    response = handler(request, *args, **kwargs)
  File "C:\Users\HP\Documents\mindCompass\mindcompass-backend\recommendation\views.py", line 66, in get
    rec = QuickRecommendationService.get_quick_recommendation(request.user)
  File "C:\Users\HP\Documents\mindCompass\mindcompass-backend\recommendation\services.py", line 541, in get_quick_recommendation
    return cls._generate_recommendation_logic(user, is_quick=True)
           ~~~~~~~~~~~~~~~~~~~~~~~~~~~~~~~~~~^^^^^^^^^^^^^^^^^^^^^
  File "C:\Users\HP\Documents\mindCompass\mindcompass-backend\recommendation\services.py", line 102, in _generate_recommendation_logic
    feedbacks = ActivityFeedback.objects.filter(user=user)
                ^^^^^^^^^^^^^^^^
UnboundLocalError: cannot access local variable 'ActivityFeedback' where it is not associated with a value
INFO 2026-07-31 22:36:31,872 autoreload 14540 29648 C:\Users\HP\Documents\mindCompass\mindcompass-backend\recommendation\services.py changed, reloading.
INFO 2026-07-31 22:36:33,245 autoreload 29888 26380 Watching for file changes with StatReloader
WARNING 2026-07-31 22:37:47,935 log 11188 18592 Bad Request: /api/ai/sentiment/
WARNING 2026-07-31 22:38:11,265 log 11188 18592 Unauthorized: /api/ai/sentiment/
WARNING 2026-07-31 22:38:11,269 log 11188 18592 Unauthorized: /api/ai/emotion/
WARNING 2026-07-31 22:38:11,273 log 11188 18592 Unauthorized: /api/ai/keywords/
WARNING 2026-07-31 22:38:11,278 log 11188 18592 Unauthorized: /api/ai/prediction/
WARNING 2026-07-31 22:38:11,280 log 11188 18592 Unauthorized: /api/ai/insights/
WARNING 2026-07-31 22:38:13,027 log 11188 18592 Bad Request: /api/assessment/
INFO 2026-07-31 22:38:14,753 utils 11188 18592 [SECURITY EVENT] Type: EMAIL_VERIFICATION_SENT | User ID: 8121b757-ee88-4f21-bd94-c7a539d4c9fa | Details: Verification code generated.
INFO 2026-07-31 22:38:15,332 utils 11188 18592 [SECURITY EVENT] Type: EMAIL_VERIFICATION_SENT | User ID: 84ca1f3c-f4e3-45ca-b2db-3614379e25e7 | Details: Verification code generated.
INFO 2026-07-31 22:38:15,334 utils 11188 18592 [SECURITY EVENT] Type: EMAIL_VERIFICATION_SUCCESS | User ID: 84ca1f3c-f4e3-45ca-b2db-3614379e25e7 | Details: Verified email: verifyuser@example.com
INFO 2026-07-31 22:38:17,495 utils 11188 18592 [SECURITY EVENT] Type: GOOGLE_AUTH_FAILURE | User ID: ANONYMOUS | Details: Token verification failed: Wrong number of segments in token: b'real_unverified_token'
INFO 2026-07-31 22:38:17,508 utils 11188 18592 [SECURITY EVENT] Type: USER_REGISTRATION_GOOGLE | User ID: 33dcf874-93e8-4905-8093-564816ac6466 | Details: Registered via Google OAuth: googletest (googletest@example.com)
INFO 2026-07-31 22:38:17,517 utils 11188 18592 [SECURITY EVENT] Type: LOGIN_SUCCESS_GOOGLE | User ID: 33dcf874-93e8-4905-8093-564816ac6466 | Details: Logged in user googletest via Google OAuth.
INFO 2026-07-31 22:38:22,597 utils 11188 18592 [SECURITY EVENT] Type: LOGIN_FAILURE_INACTIVE | User ID: 85f9f3fe-d824-43c1-ba47-91962ab76878 | Details: Attempted login on inactive account: loginuser
INFO 2026-07-31 22:38:27,320 utils 11188 18592 [SECURITY EVENT] Type: LOGIN_FAILURE | User ID: 85e8d14e-d73d-4f21-baae-df962c76a318 | Details: Incorrect password attempt for user: loginuser
INFO 2026-07-31 22:38:31,489 utils 11188 18592 [SECURITY EVENT] Type: LOGIN_SUCCESS | User ID: 16ef7b4b-bc89-44d0-862b-003a900eda5a | Details: User loginuser logged in successfully.
INFO 2026-07-31 22:38:32,611 utils 11188 18592 [SECURITY EVENT] Type: LOGIN_SUCCESS | User ID: a9a8a68a-3374-4d5f-9b94-ac7bfc874249 | Details: User loginuser logged in successfully.
INFO 2026-07-31 22:38:33,208 utils 11188 18592 [SECURITY EVENT] Type: PASSWORD_RESET_REQUESTED | User ID: b5f6fd55-3c78-4b01-a6df-3cd83c7ffec3 | Details: Issued password reset token.
INFO 2026-07-31 22:38:33,792 utils 11188 18592 [SECURITY EVENT] Type: PASSWORD_RESET_REQUESTED | User ID: 4e613562-79d4-4af8-a366-49b018accd5a | Details: Issued password reset token.
INFO 2026-07-31 22:38:34,345 utils 11188 18592 [SECURITY EVENT] Type: PASSWORD_RESET_REQUESTED | User ID: e5f852b2-e0cc-499b-88ba-4f08fca36d84 | Details: Issued password reset token.
INFO 2026-07-31 22:38:34,912 utils 11188 18592 [SECURITY EVENT] Type: PASSWORD_RESET_SUCCESS | User ID: e5f852b2-e0cc-499b-88ba-4f08fca36d84 | Details: Password successfully reset via token.
INFO 2026-07-31 22:38:35,476 utils 11188 18592 [SECURITY EVENT] Type: LOGIN_SUCCESS | User ID: e5f852b2-e0cc-499b-88ba-4f08fca36d84 | Details: User resetuser logged in successfully.
INFO 2026-07-31 22:38:36,046 utils 11188 18592 [SECURITY EVENT] Type: USER_REGISTRATION | User ID: 38dbbd4e-8582-4b7e-96e3-e43ee4565b3a | Details: Registered: valid_user1 | Email: validemail@example.com
INFO 2026-07-31 22:38:36,047 utils 11188 18592 [SECURITY EVENT] Type: EMAIL_VERIFICATION_SENT | User ID: 38dbbd4e-8582-4b7e-96e3-e43ee4565b3a | Details: Verification code generated.
WARNING 2026-07-31 22:38:37,213 log 11188 18592 Bad Request: /api/mood/
INFO 2026-07-31 22:47:20,755 autoreload 29888 26380 C:\Users\HP\Documents\mindCompass\mindcompass-backend\recommendation\services.py changed, reloading.
INFO 2026-07-31 22:47:22,916 autoreload 11240 25672 Watching for file changes with StatReloader
INFO 2026-07-31 22:48:12,603 autoreload 11240 25672 C:\Users\HP\Documents\mindCompass\mindcompass-backend\recommendation\services.py changed, reloading.
INFO 2026-07-31 22:48:14,266 autoreload 27856 10372 Watching for file changes with StatReloader
WARNING 2026-07-31 22:51:15,110 log 17980 2592 Bad Request: /api/ai/sentiment/
WARNING 2026-07-31 22:51:36,309 log 17980 2592 Unauthorized: /api/ai/sentiment/
WARNING 2026-07-31 22:51:36,314 log 17980 2592 Unauthorized: /api/ai/emotion/
WARNING 2026-07-31 22:51:36,317 log 17980 2592 Unauthorized: /api/ai/keywords/
WARNING 2026-07-31 22:51:36,321 log 17980 2592 Unauthorized: /api/ai/prediction/
WARNING 2026-07-31 22:51:36,323 log 17980 2592 Unauthorized: /api/ai/insights/
WARNING 2026-07-31 22:51:38,506 log 17980 2592 Bad Request: /api/assessment/
INFO 2026-07-31 22:51:45,211 utils 17980 2592 [SECURITY EVENT] Type: EMAIL_VERIFICATION_SENT | User ID: f3511ff4-eabb-42ad-b5ee-c7cbea627724 | Details: Verification code generated.
INFO 2026-07-31 22:51:47,768 utils 17980 2592 [SECURITY EVENT] Type: EMAIL_VERIFICATION_SENT | User ID: 8849bcb0-de39-4887-9891-e7434ca800fd | Details: Verification code generated.
INFO 2026-07-31 22:51:47,779 utils 17980 2592 [SECURITY EVENT] Type: EMAIL_VERIFICATION_SUCCESS | User ID: 8849bcb0-de39-4887-9891-e7434ca800fd | Details: Verified email: verifyuser@example.com
INFO 2026-07-31 22:51:50,118 utils 17980 2592 [SECURITY EVENT] Type: GOOGLE_AUTH_FAILURE | User ID: ANONYMOUS | Details: Token verification failed: Wrong number of segments in token: b'real_unverified_token'
INFO 2026-07-31 22:51:50,143 utils 17980 2592 [SECURITY EVENT] Type: USER_REGISTRATION_GOOGLE | User ID: 5a05e861-f750-4626-bdb9-c4c638700510 | Details: Registered via Google OAuth: googletest (googletest@example.com)
INFO 2026-07-31 22:51:50,164 utils 17980 2592 [SECURITY EVENT] Type: LOGIN_SUCCESS_GOOGLE | User ID: 5a05e861-f750-4626-bdb9-c4c638700510 | Details: Logged in user googletest via Google OAuth.
INFO 2026-07-31 22:51:55,526 utils 17980 2592 [SECURITY EVENT] Type: LOGIN_FAILURE_INACTIVE | User ID: 7efd6964-72f6-4b24-85d4-420653f140be | Details: Attempted login on inactive account: loginuser
INFO 2026-07-31 22:52:00,152 utils 17980 2592 [SECURITY EVENT] Type: LOGIN_FAILURE | User ID: 766cf42e-c052-4830-9d69-0e505cb73e39 | Details: Incorrect password attempt for user: loginuser
INFO 2026-07-31 22:52:04,691 utils 17980 2592 [SECURITY EVENT] Type: LOGIN_SUCCESS | User ID: 8b993faf-c9a1-4c55-99b9-5873100d8c52 | Details: User loginuser logged in successfully.
INFO 2026-07-31 22:52:09,199 utils 17980 2592 [SECURITY EVENT] Type: LOGIN_SUCCESS | User ID: b07223cd-a399-439c-b1db-c95cdd7bfe67 | Details: User loginuser logged in successfully.
INFO 2026-07-31 22:52:11,697 utils 17980 2592 [SECURITY EVENT] Type: PASSWORD_RESET_REQUESTED | User ID: f6c27fb9-7b36-4746-966b-ac76491c481b | Details: Issued password reset token.
INFO 2026-07-31 22:52:14,410 utils 17980 2592 [SECURITY EVENT] Type: PASSWORD_RESET_REQUESTED | User ID: 962825c6-c3b0-42c9-9533-c52df9254f9d | Details: Issued password reset token.
INFO 2026-07-31 22:52:16,637 utils 17980 2592 [SECURITY EVENT] Type: PASSWORD_RESET_REQUESTED | User ID: 8b720c78-7165-43fb-8ae4-49a35f966da6 | Details: Issued password reset token.
INFO 2026-07-31 22:52:18,920 utils 17980 2592 [SECURITY EVENT] Type: PASSWORD_RESET_SUCCESS | User ID: 8b720c78-7165-43fb-8ae4-49a35f966da6 | Details: Password successfully reset via token.
INFO 2026-07-31 22:52:21,570 utils 17980 2592 [SECURITY EVENT] Type: LOGIN_SUCCESS | User ID: 8b720c78-7165-43fb-8ae4-49a35f966da6 | Details: User resetuser logged in successfully.
INFO 2026-07-31 22:52:23,891 utils 17980 2592 [SECURITY EVENT] Type: USER_REGISTRATION | User ID: 619c9e37-0c18-4857-b532-5296c0c9b12b | Details: Registered: valid_user1 | Email: validemail@example.com
INFO 2026-07-31 22:52:23,895 utils 17980 2592 [SECURITY EVENT] Type: EMAIL_VERIFICATION_SENT | User ID: 619c9e37-0c18-4857-b532-5296c0c9b12b | Details: Verification code generated.
WARNING 2026-07-31 22:52:28,524 log 17980 2592 Bad Request: /api/mood/
INFO 2026-07-31 23:05:14,281 autoreload 27856 10372 C:\Users\HP\Documents\mindCompass\mindcompass-backend\ai\sentiment\services.py changed, reloading.
INFO 2026-07-31 23:05:15,948 autoreload 27364 2548 Watching for file changes with StatReloader
INFO 2026-07-31 23:06:12,697 autoreload 27364 2548 C:\Users\HP\Documents\mindCompass\mindcompass-backend\recommendation\services.py changed, reloading.
INFO 2026-07-31 23:06:13,984 autoreload 12392 15596 Watching for file changes with StatReloader
INFO 2026-07-31 23:06:19,833 autoreload 12392 15596 C:\Users\HP\Documents\mindCompass\mindcompass-backend\recommendation\services.py changed, reloading.
INFO 2026-07-31 23:06:21,149 autoreload 8100 6252 Watching for file changes with StatReloader
INFO 2026-07-31 23:06:25,922 autoreload 8100 6252 C:\Users\HP\Documents\mindCompass\mindcompass-backend\recommendation\views.py changed, reloading.
INFO 2026-07-31 23:06:27,260 autoreload 24848 14264 Watching for file changes with StatReloader
INFO 2026-07-31 23:06:31,973 autoreload 24848 14264 C:\Users\HP\Documents\mindCompass\mindcompass-backend\insights\services.py changed, reloading.
INFO 2026-07-31 23:06:33,218 autoreload 2356 2040 Watching for file changes with StatReloader
INFO 2026-07-31 23:06:48,795 autoreload 2356 2040 C:\Users\HP\Documents\mindCompass\mindcompass-backend\users\views.py changed, reloading.
INFO 2026-07-31 23:06:50,061 autoreload 34572 2192 Watching for file changes with StatReloader
ERROR 2026-07-31 23:07:45,037 log 28196 31964 Internal Server Error: /api/ai/emotion/
Traceback (most recent call last):
  File "C:\Users\HP\AppData\Roaming\Python\Python314\site-packages\django\core\handlers\exception.py", line 55, in inner
    response = get_response(request)
  File "C:\Users\HP\AppData\Roaming\Python\Python314\site-packages\django\core\handlers\base.py", line 198, in _get_response
    response = wrapped_callback(request, *callback_args, **callback_kwargs)
  File "C:\Users\HP\AppData\Roaming\Python\Python314\site-packages\django\views\decorators\csrf.py", line 65, in _view_wrapper
    return view_func(request, *args, **kwargs)
  File "C:\Users\HP\AppData\Roaming\Python\Python314\site-packages\django\views\generic\base.py", line 106, in view
    return self.dispatch(request, *args, **kwargs)
           ~~~~~~~~~~~~~^^^^^^^^^^^^^^^^^^^^^^^^^^
  File "C:\Users\HP\AppData\Roaming\Python\Python314\site-packages\rest_framework\views.py", line 515, in dispatch
    response = self.handle_exception(exc)
  File "C:\Users\HP\AppData\Roaming\Python\Python314\site-packages\rest_framework\views.py", line 475, in handle_exception
    self.raise_uncaught_exception(exc)
    ~~~~~~~~~~~~~~~~~~~~~~~~~~~~~^^^^^
  File "C:\Users\HP\AppData\Roaming\Python\Python314\site-packages\rest_framework\views.py", line 486, in raise_uncaught_exception
    raise exc
  File "C:\Users\HP\AppData\Roaming\Python\Python314\site-packages\rest_framework\views.py", line 512, in dispatch
    response = handler(request, *args, **kwargs)
  File "C:\Users\HP\Documents\mindCompass\mindcompass-backend\ai\views.py", line 41, in post
    result = EmotionDetectionService.detect(text)
  File "C:\Users\HP\Documents\mindCompass\mindcompass-backend\ai\emotions\services.py", line 27, in detect
    return cls._rule_based_detect(text)
           ~~~~~~~~~~~~~~~~~~~~~~^^^^^^
  File "C:\Users\HP\Documents\mindCompass\mindcompass-backend\ai\emotions\services.py", line 44, in _rule_based_detect
    sentiment_res = SentimentAnalysisService.analyze(text)
  File "C:\Users\HP\Documents\mindCompass\mindcompass-backend\ai\sentiment\services.py", line 68, in analyze
    em_res = EmotionDetectionService.detect(text)
  File "C:\Users\HP\Documents\mindCompass\mindcompass-backend\ai\emotions\services.py", line 27, in detect
    return cls._rule_based_detect(text)
           ~~~~~~~~~~~~~~~~~~~~~~^^^^^^
  File "C:\Users\HP\Documents\mindCompass\mindcompass-backend\ai\emotions\services.py", line 44, in _rule_based_detect
    sentiment_res = SentimentAnalysisService.analyze(text)
  File "C:\Users\HP\Documents\mindCompass\mindcompass-backend\ai\sentiment\services.py", line 68, in analyze
    em_res = EmotionDetectionService.detect(text)
  File "C:\Users\HP\Documents\mindCompass\mindcompass-backend\ai\emotions\services.py", line 27, in detect
    return cls._rule_based_detect(text)
           ~~~~~~~~~~~~~~~~~~~~~~^^^^^^
  File "C:\Users\HP\Documents\mindCompass\mindcompass-backend\ai\emotions\services.py", line 44, in _rule_based_detect
    sentiment_res = SentimentAnalysisService.analyze(text)
  File "C:\Users\HP\Documents\mindCompass\mindcompass-backend\ai\sentiment\services.py", line 68, in analyze
    em_res = EmotionDetectionService.detect(text)
  File "C:\Users\HP\Documents\mindCompass\mindcompass-backend\ai\emotions\services.py", line 27, in detect
    return cls._rule_based_detect(text)
           ~~~~~~~~~~~~~~~~~~~~~~^^^^^^
  File "C:\Users\HP\Documents\mindCompass\mindcompass-backend\ai\emotions\services.py", line 44, in _rule_based_detect
    sentiment_res = SentimentAnalysisService.analyze(text)
  File "C:\Users\HP\Documents\mindCompass\mindcompass-backend\ai\sentiment\services.py", line 68, in analyze
    em_res = EmotionDetectionService.detect(text)
  File "C:\Users\HP\Documents\mindCompass\mindcompass-backend\ai\emotions\services.py", line 27, in detect
    return cls._rule_based_detect(text)
           ~~~~~~~~~~~~~~~~~~~~~~^^^^^^
  File "C:\Users\HP\Documents\mindCompass\mindcompass-backend\ai\emotions\services.py", line 44, in _rule_based_detect
    sentiment_res = SentimentAnalysisService.analyze(text)
  File "C:\Users\HP\Documents\mindCompass\mindcompass-backend\ai\sentiment\services.py", line 68, in analyze
    em_res = EmotionDetectionService.detect(text)
  File "C:\Users\HP\Documents\mindCompass\mindcompass-backend\ai\emotions\services.py", line 27, in detect
    return cls._rule_based_detect(text)
           ~~~~~~~~~~~~~~~~~~~~~~^^^^^^
  File "C:\Users\HP\Documents\mindCompass\mindcompass-backend\ai\emotions\services.py", line 44, in _rule_based_detect
    sentiment_res = SentimentAnalysisService.analyze(text)
  File "C:\Users\HP\Documents\mindCompass\mindcompass-backend\ai\sentiment\services.py", line 68, in analyze
    em_res = EmotionDetectionService.detect(text)
  File "C:\Users\HP\Documents\mindCompass\mindcompass-backend\ai\emotions\services.py", line 27, in detect
    return cls._rule_based_detect(text)
           ~~~~~~~~~~~~~~~~~~~~~~^^^^^^
  File "C:\Users\HP\Documents\mindCompass\mindcompass-backend\ai\emotions\services.py", line 44, in _rule_based_detect
    sentiment_res = SentimentAnalysisService.analyze(text)
  File "C:\Users\HP\Documents\mindCompass\mindcompass-backend\ai\sentiment\services.py", line 68, in analyze
    em_res = EmotionDetectionService.detect(text)
  File "C:\Users\HP\Documents\mindCompass\mindcompass-backend\ai\emotions\services.py", line 27, in detect
    return cls._rule_based_detect(text)
           ~~~~~~~~~~~~~~~~~~~~~~^^^^^^
  File "C:\Users\HP\Documents\mindCompass\mindcompass-backend\ai\emotions\services.py", line 44, in _rule_based_detect
    sentiment_res = SentimentAnalysisService.analyze(text)
  File "C:\Users\HP\Documents\mindCompass\mindcompass-backend\ai\sentiment\services.py", line 68, in analyze
    em_res = EmotionDetectionService.detect(text)
  File "C:\Users\HP\Documents\mindCompass\mindcompass-backend\ai\emotions\services.py", line 27, in detect
    return cls._rule_based_detect(text)
           ~~~~~~~~~~~~~~~~~~~~~~^^^^^^
  File "C:\Users\HP\Documents\mindCompass\mindcompass-backend\ai\emotions\services.py", line 44, in _rule_based_detect
    sentiment_res = SentimentAnalysisService.analyze(text)
  File "C:\Users\HP\Documents\mindCompass\mindcompass-backend\ai\sentiment\services.py", line 68, in analyze
    em_res = EmotionDetectionService.detect(text)
  File "C:\Users\HP\Documents\mindCompass\mindcompass-backend\ai\emotions\services.py", line 27, in detect
    return cls._rule_based_detect(text)
           ~~~~~~~~~~~~~~~~~~~~~~^^^^^^
  File "C:\Users\HP\Documents\mindCompass\mindcompass-backend\ai\emotions\services.py", line 44, in _rule_based_detect
    sentiment_res = SentimentAnalysisService.analyze(text)
  File "C:\Users\HP\Documents\mindCompass\mindcompass-backend\ai\sentiment\services.py", line 68, in analyze
    em_res = EmotionDetectionService.detect(text)
  File "C:\Users\HP\Documents\mindCompass\mindcompass-backend\ai\emotions\services.py", line 27, in detect
    return cls._rule_based_detect(text)
           ~~~~~~~~~~~~~~~~~~~~~~^^^^^^
  File "C:\Users\HP\Documents\mindCompass\mindcompass-backend\ai\emotions\services.py", line 44, in _rule_based_detect
    sentiment_res = SentimentAnalysisService.analyze(text)
  File "C:\Users\HP\Documents\mindCompass\mindcompass-backend\ai\sentiment\services.py", line 68, in analyze
    em_res = EmotionDetectionService.detect(text)
  File "C:\Users\HP\Documents\mindCompass\mindcompass-backend\ai\emotions\services.py", line 27, in detect
    return cls._rule_based_detect(text)
           ~~~~~~~~~~~~~~~~~~~~~~^^^^^^
  File "C:\Users\HP\Documents\mindCompass\mindcompass-backend\ai\emotions\services.py", line 44, in _rule_based_detect
    sentiment_res = SentimentAnalysisService.analyze(text)
  File "C:\Users\HP\Documents\mindCompass\mindcompass-backend\ai\sentiment\services.py", line 68, in analyze
    em_res = EmotionDetectionService.detect(text)
  File "C:\Users\HP\Documents\mindCompass\mindcompass-backend\ai\emotions\services.py", line 27, in detect
    return cls._rule_based_detect(text)
           ~~~~~~~~~~~~~~~~~~~~~~^^^^^^
  File "C:\Users\HP\Documents\mindCompass\mindcompass-backend\ai\emotions\services.py", line 44, in _rule_based_detect
    sentiment_res = SentimentAnalysisService.analyze(text)
  File "C:\Users\HP\Documents\mindCompass\mindcompass-backend\ai\sentiment\services.py", line 68, in analyze
    em_res = EmotionDetectionService.detect(text)
  File "C:\Users\HP\Documents\mindCompass\mindcompass-backend\ai\emotions\services.py", line 27, in detect
    return cls._rule_based_detect(text)
           ~~~~~~~~~~~~~~~~~~~~~~^^^^^^
  File "C:\Users\HP\Documents\mindCompass\mindcompass-backend\ai\emotions\services.py", line 44, in _rule_based_detect
    sentiment_res = SentimentAnalysisService.analyze(text)
  File "C:\Users\HP\Documents\mindCompass\mindcompass-backend\ai\sentiment\services.py", line 68, in analyze
    em_res = EmotionDetectionService.detect(text)
  File "C:\Users\HP\Documents\mindCompass\mindcompass-backend\ai\emotions\services.py", line 27, in detect
    return cls._rule_based_detect(text)
           ~~~~~~~~~~~~~~~~~~~~~~^^^^^^
  File "C:\Users\HP\Documents\mindCompass\mindcompass-backend\ai\emotions\services.py", line 44, in _rule_based_detect
    sentiment_res = SentimentAnalysisService.analyze(text)
  File "C:\Users\HP\Documents\mindCompass\mindcompass-backend\ai\sentiment\services.py", line 68, in analyze
    em_res = EmotionDetectionService.detect(text)
  File "C:\Users\HP\Documents\mindCompass\mindcompass-backend\ai\emotions\services.py", line 27, in detect
    return cls._rule_based_detect(text)
           ~~~~~~~~~~~~~~~~~~~~~~^^^^^^
  File "C:\Users\HP\Documents\mindCompass\mindcompass-backend\ai\emotions\services.py", line 44, in _rule_based_detect
    sentiment_res = SentimentAnalysisService.analyze(text)
  File "C:\Users\HP\Documents\mindCompass\mindcompass-backend\ai\sentiment\services.py", line 68, in analyze
    em_res = EmotionDetectionService.detect(text)
  File "C:\Users\HP\Documents\mindCompass\mindcompass-backend\ai\emotions\services.py", line 27, in detect
    return cls._rule_based_detect(text)
           ~~~~~~~~~~~~~~~~~~~~~~^^^^^^
  File "C:\Users\HP\Documents\mindCompass\mindcompass-backend\ai\emotions\services.py", line 44, in _rule_based_detect
    sentiment_res = SentimentAnalysisService.analyze(text)
  File "C:\Users\HP\Documents\mindCompass\mindcompass-backend\ai\sentiment\services.py", line 68, in analyze
    em_res = EmotionDetectionService.detect(text)
  File "C:\Users\HP\Documents\mindCompass\mindcompass-backend\ai\emotions\services.py", line 27, in detect
    return cls._rule_based_detect(text)
           ~~~~~~~~~~~~~~~~~~~~~~^^^^^^
  File "C:\Users\HP\Documents\mindCompass\mindcompass-backend\ai\emotions\services.py", line 44, in _rule_based_detect
    sentiment_res = SentimentAnalysisService.analyze(text)
  File "C:\Users\HP\Documents\mindCompass\mindcompass-backend\ai\sentiment\services.py", line 68, in analyze
    em_res = EmotionDetectionService.detect(text)
  File "C:\Users\HP\Documents\mindCompass\mindcompass-backend\ai\emotions\services.py", line 27, in detect
    return cls._rule_based_detect(text)
           ~~~~~~~~~~~~~~~~~~~~~~^^^^^^
  File "C:\Users\HP\Documents\mindCompass\mindcompass-backend\ai\emotions\services.py", line 44, in _rule_based_detect
    sentiment_res = SentimentAnalysisService.analyze(text)
  File "C:\Users\HP\Documents\mindCompass\mindcompass-backend\ai\sentiment\services.py", line 68, in analyze
    em_res = EmotionDetectionService.detect(text)
  File "C:\Users\HP\Documents\mindCompass\mindcompass-backend\ai\emotions\services.py", line 27, in detect
    return cls._rule_based_detect(text)
           ~~~~~~~~~~~~~~~~~~~~~~^^^^^^
  File "C:\Users\HP\Documents\mindCompass\mindcompass-backend\ai\emotions\services.py", line 44, in _rule_based_detect
    sentiment_res = SentimentAnalysisService.analyze(text)
  File "C:\Users\HP\Documents\mindCompass\mindcompass-backend\ai\sentiment\services.py", line 68, in analyze
    em_res = EmotionDetectionService.detect(text)
  File "C:\Users\HP\Documents\mindCompass\mindcompass-backend\ai\emotions\services.py", line 27, in detect
    return cls._rule_based_detect(text)
           ~~~~~~~~~~~~~~~~~~~~~~^^^^^^
  File "C:\Users\HP\Documents\mindCompass\mindcompass-backend\ai\emotions\services.py", line 44, in _rule_based_detect
    sentiment_res = SentimentAnalysisService.analyze(text)
  File "C:\Users\HP\Documents\mindCompass\mindcompass-backend\ai\sentiment\services.py", line 68, in analyze
    em_res = EmotionDetectionService.detect(text)
  File "C:\Users\HP\Documents\mindCompass\mindcompass-backend\ai\emotions\services.py", line 27, in detect
    return cls._rule_based_detect(text)
           ~~~~~~~~~~~~~~~~~~~~~~^^^^^^
  File "C:\Users\HP\Documents\mindCompass\mindcompass-backend\ai\emotions\services.py", line 44, in _rule_based_detect
    sentiment_res = SentimentAnalysisService.analyze(text)
  File "C:\Users\HP\Documents\mindCompass\mindcompass-backend\ai\sentiment\services.py", line 68, in analyze
    em_res = EmotionDetectionService.detect(text)
  File "C:\Users\HP\Documents\mindCompass\mindcompass-backend\ai\emotions\services.py", line 27, in detect
    return cls._rule_based_detect(text)
           ~~~~~~~~~~~~~~~~~~~~~~^^^^^^
  File "C:\Users\HP\Documents\mindCompass\mindcompass-backend\ai\emotions\services.py", line 44, in _rule_based_detect
    sentiment_res = SentimentAnalysisService.analyze(text)
  File "C:\Users\HP\Documents\mindCompass\mindcompass-backend\ai\sentiment\services.py", line 68, in analyze
    em_res = EmotionDetectionService.detect(text)
  File "C:\Users\HP\Documents\mindCompass\mindcompass-backend\ai\emotions\services.py", line 27, in detect
    return cls._rule_based_detect(text)
           ~~~~~~~~~~~~~~~~~~~~~~^^^^^^
  File "C:\Users\HP\Documents\mindCompass\mindcompass-backend\ai\emotions\services.py", line 44, in _rule_based_detect
    sentiment_res = SentimentAnalysisService.analyze(text)
  File "C:\Users\HP\Documents\mindCompass\mindcompass-backend\ai\sentiment\services.py", line 68, in analyze
    em_res = EmotionDetectionService.detect(text)
  File "C:\Users\HP\Documents\mindCompass\mindcompass-backend\ai\emotions\services.py", line 27, in detect
    return cls._rule_based_detect(text)
           ~~~~~~~~~~~~~~~~~~~~~~^^^^^^
  File "C:\Users\HP\Documents\mindCompass\mindcompass-backend\ai\emotions\services.py", line 44, in _rule_based_detect
    sentiment_res = SentimentAnalysisService.analyze(text)
  File "C:\Users\HP\Documents\mindCompass\mindcompass-backend\ai\sentiment\services.py", line 68, in analyze
    em_res = EmotionDetectionService.detect(text)
  File "C:\Users\HP\Documents\mindCompass\mindcompass-backend\ai\emotions\services.py", line 27, in detect
    return cls._rule_based_detect(text)
           ~~~~~~~~~~~~~~~~~~~~~~^^^^^^
  File "C:\Users\HP\Documents\mindCompass\mindcompass-backend\ai\emotions\services.py", line 44, in _rule_based_detect
    sentiment_res = SentimentAnalysisService.analyze(text)
  File "C:\Users\HP\Documents\mindCompass\mindcompass-backend\ai\sentiment\services.py", line 68, in analyze
    em_res = EmotionDetectionService.detect(text)
  File "C:\Users\HP\Documents\mindCompass\mindcompass-backend\ai\emotions\services.py", line 27, in detect
    return cls._rule_based_detect(text)
           ~~~~~~~~~~~~~~~~~~~~~~^^^^^^
  File "C:\Users\HP\Documents\mindCompass\mindcompass-backend\ai\emotions\services.py", line 44, in _rule_based_detect
    sentiment_res = SentimentAnalysisService.analyze(text)
  File "C:\Users\HP\Documents\mindCompass\mindcompass-backend\ai\sentiment\services.py", line 68, in analyze
    em_res = EmotionDetectionService.detect(text)
  File "C:\Users\HP\Documents\mindCompass\mindcompass-backend\ai\emotions\services.py", line 27, in detect
    return cls._rule_based_detect(text)
           ~~~~~~~~~~~~~~~~~~~~~~^^^^^^
  File "C:\Users\HP\Documents\mindCompass\mindcompass-backend\ai\emotions\services.py", line 44, in _rule_based_detect
    sentiment_res = SentimentAnalysisService.analyze(text)
  File "C:\Users\HP\Documents\mindCompass\mindcompass-backend\ai\sentiment\services.py", line 68, in analyze
    em_res = EmotionDetectionService.detect(text)
  File "C:\Users\HP\Documents\mindCompass\mindcompass-backend\ai\emotions\services.py", line 27, in detect
    return cls._rule_based_detect(text)
           ~~~~~~~~~~~~~~~~~~~~~~^^^^^^
  File "C:\Users\HP\Documents\mindCompass\mindcompass-backend\ai\emotions\services.py", line 44, in _rule_based_detect
    sentiment_res = SentimentAnalysisService.analyze(text)
  File "C:\Users\HP\Documents\mindCompass\mindcompass-backend\ai\sentiment\services.py", line 68, in analyze
    em_res = EmotionDetectionService.detect(text)
  File "C:\Users\HP\Documents\mindCompass\mindcompass-backend\ai\emotions\services.py", line 27, in detect
    return cls._rule_based_detect(text)
           ~~~~~~~~~~~~~~~~~~~~~~^^^^^^
  File "C:\Users\HP\Documents\mindCompass\mindcompass-backend\ai\emotions\services.py", line 44, in _rule_based_detect
    sentiment_res = SentimentAnalysisService.analyze(text)
  File "C:\Users\HP\Documents\mindCompass\mindcompass-backend\ai\sentiment\services.py", line 68, in analyze
    em_res = EmotionDetectionService.detect(text)
  File "C:\Users\HP\Documents\mindCompass\mindcompass-backend\ai\emotions\services.py", line 27, in detect
    return cls._rule_based_detect(text)
           ~~~~~~~~~~~~~~~~~~~~~~^^^^^^
  File "C:\Users\HP\Documents\mindCompass\mindcompass-backend\ai\emotions\services.py", line 44, in _rule_based_detect
    sentiment_res = SentimentAnalysisService.analyze(text)
  File "C:\Users\HP\Documents\mindCompass\mindcompass-backend\ai\sentiment\services.py", line 68, in analyze
    em_res = EmotionDetectionService.detect(text)
  File "C:\Users\HP\Documents\mindCompass\mindcompass-backend\ai\emotions\services.py", line 27, in detect
    return cls._rule_based_detect(text)
           ~~~~~~~~~~~~~~~~~~~~~~^^^^^^
  File "C:\Users\HP\Documents\mindCompass\mindcompass-backend\ai\emotions\services.py", line 44, in _rule_based_detect
    sentiment_res = SentimentAnalysisService.analyze(text)
  File "C:\Users\HP\Documents\mindCompass\mindcompass-backend\ai\sentiment\services.py", line 68, in analyze
    em_res = EmotionDetectionService.detect(text)
  File "C:\Users\HP\Documents\mindCompass\mindcompass-backend\ai\emotions\services.py", line 27, in detect
    return cls._rule_based_detect(text)
           ~~~~~~~~~~~~~~~~~~~~~~^^^^^^
  File "C:\Users\HP\Documents\mindCompass\mindcompass-backend\ai\emotions\services.py", line 44, in _rule_based_detect
    sentiment_res = SentimentAnalysisService.analyze(text)
  File "C:\Users\HP\Documents\mindCompass\mindcompass-backend\ai\sentiment\services.py", line 68, in analyze
    em_res = EmotionDetectionService.detect(text)
  File "C:\Users\HP\Documents\mindCompass\mindcompass-backend\ai\emotions\services.py", line 27, in detect
    return cls._rule_based_detect(text)
           ~~~~~~~~~~~~~~~~~~~~~~^^^^^^
  File "C:\Users\HP\Documents\mindCompass\mindcompass-backend\ai\emotions\services.py", line 44, in _rule_based_detect
    sentiment_res = SentimentAnalysisService.analyze(text)
  File "C:\Users\HP\Documents\mindCompass\mindcompass-backend\ai\sentiment\services.py", line 68, in analyze
    em_res = EmotionDetectionService.detect(text)
  File "C:\Users\HP\Documents\mindCompass\mindcompass-backend\ai\emotions\services.py", line 27, in detect
    return cls._rule_based_detect(text)
           ~~~~~~~~~~~~~~~~~~~~~~^^^^^^
  File "C:\Users\HP\Documents\mindCompass\mindcompass-backend\ai\emotions\services.py", line 44, in _rule_based_detect
    sentiment_res = SentimentAnalysisService.analyze(text)
  File "C:\Users\HP\Documents\mindCompass\mindcompass-backend\ai\sentiment\services.py", line 68, in analyze
    em_res = EmotionDetectionService.detect(text)
  File "C:\Users\HP\Documents\mindCompass\mindcompass-backend\ai\emotions\services.py", line 27, in detect
    return cls._rule_based_detect(text)
           ~~~~~~~~~~~~~~~~~~~~~~^^^^^^
  File "C:\Users\HP\Documents\mindCompass\mindcompass-backend\ai\emotions\services.py", line 44, in _rule_based_detect
    sentiment_res = SentimentAnalysisService.analyze(text)
  File "C:\Users\HP\Documents\mindCompass\mindcompass-backend\ai\sentiment\services.py", line 68, in analyze
    em_res = EmotionDetectionService.detect(text)
  File "C:\Users\HP\Documents\mindCompass\mindcompass-backend\ai\emotions\services.py", line 27, in detect
    return cls._rule_based_detect(text)
           ~~~~~~~~~~~~~~~~~~~~~~^^^^^^
  File "C:\Users\HP\Documents\mindCompass\mindcompass-backend\ai\emotions\services.py", line 44, in _rule_based_detect
    sentiment_res = SentimentAnalysisService.analyze(text)
  File "C:\Users\HP\Documents\mindCompass\mindcompass-backend\ai\sentiment\services.py", line 68, in analyze
    em_res = EmotionDetectionService.detect(text)
  File "C:\Users\HP\Documents\mindCompass\mindcompass-backend\ai\emotions\services.py", line 27, in detect
    return cls._rule_based_detect(text)
           ~~~~~~~~~~~~~~~~~~~~~~^^^^^^
  File "C:\Users\HP\Documents\mindCompass\mindcompass-backend\ai\emotions\services.py", line 44, in _rule_based_detect
    sentiment_res = SentimentAnalysisService.analyze(text)
  File "C:\Users\HP\Documents\mindCompass\mindcompass-backend\ai\sentiment\services.py", line 68, in analyze
    em_res = EmotionDetectionService.detect(text)
  File "C:\Users\HP\Documents\mindCompass\mindcompass-backend\ai\emotions\services.py", line 27, in detect
    return cls._rule_based_detect(text)
           ~~~~~~~~~~~~~~~~~~~~~~^^^^^^
  File "C:\Users\HP\Documents\mindCompass\mindcompass-backend\ai\emotions\services.py", line 44, in _rule_based_detect
    sentiment_res = SentimentAnalysisService.analyze(text)
  File "C:\Users\HP\Documents\mindCompass\mindcompass-backend\ai\sentiment\services.py", line 68, in analyze
    em_res = EmotionDetectionService.detect(text)
  File "C:\Users\HP\Documents\mindCompass\mindcompass-backend\ai\emotions\services.py", line 27, in detect
    return cls._rule_based_detect(text)
           ~~~~~~~~~~~~~~~~~~~~~~^^^^^^
  File "C:\Users\HP\Documents\mindCompass\mindcompass-backend\ai\emotions\services.py", line 44, in _rule_based_detect
    sentiment_res = SentimentAnalysisService.analyze(text)
  File "C:\Users\HP\Documents\mindCompass\mindcompass-backend\ai\sentiment\services.py", line 68, in analyze
    em_res = EmotionDetectionService.detect(text)
  File "C:\Users\HP\Documents\mindCompass\mindcompass-backend\ai\emotions\services.py", line 27, in detect
    return cls._rule_based_detect(text)
           ~~~~~~~~~~~~~~~~~~~~~~^^^^^^
  File "C:\Users\HP\Documents\mindCompass\mindcompass-backend\ai\emotions\services.py", line 44, in _rule_based_detect
    sentiment_res = SentimentAnalysisService.analyze(text)
  File "C:\Users\HP\Documents\mindCompass\mindcompass-backend\ai\sentiment\services.py", line 68, in analyze
    em_res = EmotionDetectionService.detect(text)
  File "C:\Users\HP\Documents\mindCompass\mindcompass-backend\ai\emotions\services.py", line 27, in detect
    return cls._rule_based_detect(text)
           ~~~~~~~~~~~~~~~~~~~~~~^^^^^^
  File "C:\Users\HP\Documents\mindCompass\mindcompass-backend\ai\emotions\services.py", line 44, in _rule_based_detect
    sentiment_res = SentimentAnalysisService.analyze(text)
  File "C:\Users\HP\Documents\mindCompass\mindcompass-backend\ai\sentiment\services.py", line 68, in analyze
    em_res = EmotionDetectionService.detect(text)
  File "C:\Users\HP\Documents\mindCompass\mindcompass-backend\ai\emotions\services.py", line 27, in detect
    return cls._rule_based_detect(text)
           ~~~~~~~~~~~~~~~~~~~~~~^^^^^^
  File "C:\Users\HP\Documents\mindCompass\mindcompass-backend\ai\emotions\services.py", line 44, in _rule_based_detect
    sentiment_res = SentimentAnalysisService.analyze(text)
  File "C:\Users\HP\Documents\mindCompass\mindcompass-backend\ai\sentiment\services.py", line 68, in analyze
    em_res = EmotionDetectionService.detect(text)
  File "C:\Users\HP\Documents\mindCompass\mindcompass-backend\ai\emotions\services.py", line 27, in detect
    return cls._rule_based_detect(text)
           ~~~~~~~~~~~~~~~~~~~~~~^^^^^^
  File "C:\Users\HP\Documents\mindCompass\mindcompass-backend\ai\emotions\services.py", line 44, in _rule_based_detect
    sentiment_res = SentimentAnalysisService.analyze(text)
  File "C:\Users\HP\Documents\mindCompass\mindcompass-backend\ai\sentiment\services.py", line 68, in analyze
    em_res = EmotionDetectionService.detect(text)
  File "C:\Users\HP\Documents\mindCompass\mindcompass-backend\ai\emotions\services.py", line 27, in detect
    return cls._rule_based_detect(text)
           ~~~~~~~~~~~~~~~~~~~~~~^^^^^^
  File "C:\Users\HP\Documents\mindCompass\mindcompass-backend\ai\emotions\services.py", line 44, in _rule_based_detect
    sentiment_res = SentimentAnalysisService.analyze(text)
  File "C:\Users\HP\Documents\mindCompass\mindcompass-backend\ai\sentiment\services.py", line 68, in analyze
    em_res = EmotionDetectionService.detect(text)
  File "C:\Users\HP\Documents\mindCompass\mindcompass-backend\ai\emotions\services.py", line 27, in detect
    return cls._rule_based_detect(text)
           ~~~~~~~~~~~~~~~~~~~~~~^^^^^^
  File "C:\Users\HP\Documents\mindCompass\mindcompass-backend\ai\emotions\services.py", line 44, in _rule_based_detect
    sentiment_res = SentimentAnalysisService.analyze(text)
  File "C:\Users\HP\Documents\mindCompass\mindcompass-backend\ai\sentiment\services.py", line 68, in analyze
    em_res = EmotionDetectionService.detect(text)
  File "C:\Users\HP\Documents\mindCompass\mindcompass-backend\ai\emotions\services.py", line 27, in detect
    return cls._rule_based_detect(text)
           ~~~~~~~~~~~~~~~~~~~~~~^^^^^^
  File "C:\Users\HP\Documents\mindCompass\mindcompass-backend\ai\emotions\services.py", line 44, in _rule_based_detect
    sentiment_res = SentimentAnalysisService.analyze(text)
  File "C:\Users\HP\Documents\mindCompass\mindcompass-backend\ai\sentiment\services.py", line 68, in analyze
    em_res = EmotionDetectionService.detect(text)
  File "C:\Users\HP\Documents\mindCompass\mindcompass-backend\ai\emotions\services.py", line 27, in detect
    return cls._rule_based_detect(text)
           ~~~~~~~~~~~~~~~~~~~~~~^^^^^^
  File "C:\Users\HP\Documents\mindCompass\mindcompass-backend\ai\emotions\services.py", line 44, in _rule_based_detect
    sentiment_res = SentimentAnalysisService.analyze(text)
  File "C:\Users\HP\Documents\mindCompass\mindcompass-backend\ai\sentiment\services.py", line 68, in analyze
    em_res = EmotionDetectionService.detect(text)
  File "C:\Users\HP\Documents\mindCompass\mindcompass-backend\ai\emotions\services.py", line 27, in detect
    return cls._rule_based_detect(text)
           ~~~~~~~~~~~~~~~~~~~~~~^^^^^^
  File "C:\Users\HP\Documents\mindCompass\mindcompass-backend\ai\emotions\services.py", line 44, in _rule_based_detect
    sentiment_res = SentimentAnalysisService.analyze(text)
  File "C:\Users\HP\Documents\mindCompass\mindcompass-backend\ai\sentiment\services.py", line 68, in analyze
    em_res = EmotionDetectionService.detect(text)
  File "C:\Users\HP\Documents\mindCompass\mindcompass-backend\ai\emotions\services.py", line 27, in detect
    return cls._rule_based_detect(text)
           ~~~~~~~~~~~~~~~~~~~~~~^^^^^^
  File "C:\Users\HP\Documents\mindCompass\mindcompass-backend\ai\emotions\services.py", line 44, in _rule_based_detect
    sentiment_res = SentimentAnalysisService.analyze(text)
  File "C:\Users\HP\Documents\mindCompass\mindcompass-backend\ai\sentiment\services.py", line 68, in analyze
    em_res = EmotionDetectionService.detect(text)
  File "C:\Users\HP\Documents\mindCompass\mindcompass-backend\ai\emotions\services.py", line 27, in detect
    return cls._rule_based_detect(text)
           ~~~~~~~~~~~~~~~~~~~~~~^^^^^^
  File "C:\Users\HP\Documents\mindCompass\mindcompass-backend\ai\emotions\services.py", line 44, in _rule_based_detect
    sentiment_res = SentimentAnalysisService.analyze(text)
  File "C:\Users\HP\Documents\mindCompass\mindcompass-backend\ai\sentiment\services.py", line 68, in analyze
    em_res = EmotionDetectionService.detect(text)
  File "C:\Users\HP\Documents\mindCompass\mindcompass-backend\ai\emotions\services.py", line 27, in detect
    return cls._rule_based_detect(text)
           ~~~~~~~~~~~~~~~~~~~~~~^^^^^^
  File "C:\Users\HP\Documents\mindCompass\mindcompass-backend\ai\emotions\services.py", line 44, in _rule_based_detect
    sentiment_res = SentimentAnalysisService.analyze(text)
  File "C:\Users\HP\Documents\mindCompass\mindcompass-backend\ai\sentiment\services.py", line 68, in analyze
    em_res = EmotionDetectionService.detect(text)
  File "C:\Users\HP\Documents\mindCompass\mindcompass-backend\ai\emotions\services.py", line 27, in detect
    return cls._rule_based_detect(text)
           ~~~~~~~~~~~~~~~~~~~~~~^^^^^^
  File "C:\Users\HP\Documents\mindCompass\mindcompass-backend\ai\emotions\services.py", line 44, in _rule_based_detect
    sentiment_res = SentimentAnalysisService.analyze(text)
  File "C:\Users\HP\Documents\mindCompass\mindcompass-backend\ai\sentiment\services.py", line 68, in analyze
    em_res = EmotionDetectionService.detect(text)
  File "C:\Users\HP\Documents\mindCompass\mindcompass-backend\ai\emotions\services.py", line 27, in detect
    return cls._rule_based_detect(text)
           ~~~~~~~~~~~~~~~~~~~~~~^^^^^^
  File "C:\Users\HP\Documents\mindCompass\mindcompass-backend\ai\emotions\services.py", line 44, in _rule_based_detect
    sentiment_res = SentimentAnalysisService.analyze(text)
  File "C:\Users\HP\Documents\mindCompass\mindcompass-backend\ai\sentiment\services.py", line 68, in analyze
    em_res = EmotionDetectionService.detect(text)
  File "C:\Users\HP\Documents\mindCompass\mindcompass-backend\ai\emotions\services.py", line 27, in detect
    return cls._rule_based_detect(text)
           ~~~~~~~~~~~~~~~~~~~~~~^^^^^^
  File "C:\Users\HP\Documents\mindCompass\mindcompass-backend\ai\emotions\services.py", line 44, in _rule_based_detect
    sentiment_res = SentimentAnalysisService.analyze(text)
  File "C:\Users\HP\Documents\mindCompass\mindcompass-backend\ai\sentiment\services.py", line 68, in analyze
    em_res = EmotionDetectionService.detect(text)
  File "C:\Users\HP\Documents\mindCompass\mindcompass-backend\ai\emotions\services.py", line 27, in detect
    return cls._rule_based_detect(text)
           ~~~~~~~~~~~~~~~~~~~~~~^^^^^^
  File "C:\Users\HP\Documents\mindCompass\mindcompass-backend\ai\emotions\services.py", line 44, in _rule_based_detect
    sentiment_res = SentimentAnalysisService.analyze(text)
  File "C:\Users\HP\Documents\mindCompass\mindcompass-backend\ai\sentiment\services.py", line 68, in analyze
    em_res = EmotionDetectionService.detect(text)
  File "C:\Users\HP\Documents\mindCompass\mindcompass-backend\ai\emotions\services.py", line 27, in detect
    return cls._rule_based_detect(text)
           ~~~~~~~~~~~~~~~~~~~~~~^^^^^^
  File "C:\Users\HP\Documents\mindCompass\mindcompass-backend\ai\emotions\services.py", line 44, in _rule_based_detect
    sentiment_res = SentimentAnalysisService.analyze(text)
  File "C:\Users\HP\Documents\mindCompass\mindcompass-backend\ai\sentiment\services.py", line 68, in analyze
    em_res = EmotionDetectionService.detect(text)
  File "C:\Users\HP\Documents\mindCompass\mindcompass-backend\ai\emotions\services.py", line 27, in detect
    return cls._rule_based_detect(text)
           ~~~~~~~~~~~~~~~~~~~~~~^^^^^^
  File "C:\Users\HP\Documents\mindCompass\mindcompass-backend\ai\emotions\services.py", line 44, in _rule_based_detect
    sentiment_res = SentimentAnalysisService.analyze(text)
  File "C:\Users\HP\Documents\mindCompass\mindcompass-backend\ai\sentiment\services.py", line 68, in analyze
    em_res = EmotionDetectionService.detect(text)
  File "C:\Users\HP\Documents\mindCompass\mindcompass-backend\ai\emotions\services.py", line 27, in detect
    return cls._rule_based_detect(text)
           ~~~~~~~~~~~~~~~~~~~~~~^^^^^^
  File "C:\Users\HP\Documents\mindCompass\mindcompass-backend\ai\emotions\services.py", line 44, in _rule_based_detect
    sentiment_res = SentimentAnalysisService.analyze(text)
  File "C:\Users\HP\Documents\mindCompass\mindcompass-backend\ai\sentiment\services.py", line 68, in analyze
    em_res = EmotionDetectionService.detect(text)
  File "C:\Users\HP\Documents\mindCompass\mindcompass-backend\ai\emotions\services.py", line 27, in detect
    return cls._rule_based_detect(text)
           ~~~~~~~~~~~~~~~~~~~~~~^^^^^^
  File "C:\Users\HP\Documents\mindCompass\mindcompass-backend\ai\emotions\services.py", line 44, in _rule_based_detect
    sentiment_res = SentimentAnalysisService.analyze(text)
  File "C:\Users\HP\Documents\mindCompass\mindcompass-backend\ai\sentiment\services.py", line 68, in analyze
    em_res = EmotionDetectionService.detect(text)
  File "C:\Users\HP\Documents\mindCompass\mindcompass-backend\ai\emotions\services.py", line 27, in detect
    return cls._rule_based_detect(text)
           ~~~~~~~~~~~~~~~~~~~~~~^^^^^^
  File "C:\Users\HP\Documents\mindCompass\mindcompass-backend\ai\emotions\services.py", line 44, in _rule_based_detect
    sentiment_res = SentimentAnalysisService.analyze(text)
  File "C:\Users\HP\Documents\mindCompass\mindcompass-backend\ai\sentiment\services.py", line 68, in analyze
    em_res = EmotionDetectionService.detect(text)
  File "C:\Users\HP\Documents\mindCompass\mindcompass-backend\ai\emotions\services.py", line 27, in detect
    return cls._rule_based_detect(text)
           ~~~~~~~~~~~~~~~~~~~~~~^^^^^^
  File "C:\Users\HP\Documents\mindCompass\mindcompass-backend\ai\emotions\services.py", line 44, in _rule_based_detect
    sentiment_res = SentimentAnalysisService.analyze(text)
  File "C:\Users\HP\Documents\mindCompass\mindcompass-backend\ai\sentiment\services.py", line 68, in analyze
    em_res = EmotionDetectionService.detect(text)
  File "C:\Users\HP\Documents\mindCompass\mindcompass-backend\ai\emotions\services.py", line 27, in detect
    return cls._rule_based_detect(text)
           ~~~~~~~~~~~~~~~~~~~~~~^^^^^^
  File "C:\Users\HP\Documents\mindCompass\mindcompass-backend\ai\emotions\services.py", line 44, in _rule_based_detect
    sentiment_res = SentimentAnalysisService.analyze(text)
  File "C:\Users\HP\Documents\mindCompass\mindcompass-backend\ai\sentiment\services.py", line 68, in analyze
    em_res = EmotionDetectionService.detect(text)
  File "C:\Users\HP\Documents\mindCompass\mindcompass-backend\ai\emotions\services.py", line 27, in detect
    return cls._rule_based_detect(text)
           ~~~~~~~~~~~~~~~~~~~~~~^^^^^^
  File "C:\Users\HP\Documents\mindCompass\mindcompass-backend\ai\emotions\services.py", line 44, in _rule_based_detect
    sentiment_res = SentimentAnalysisService.analyze(text)
  File "C:\Users\HP\Documents\mindCompass\mindcompass-backend\ai\sentiment\services.py", line 68, in analyze
    em_res = EmotionDetectionService.detect(text)
  File "C:\Users\HP\Documents\mindCompass\mindcompass-backend\ai\emotions\services.py", line 27, in detect
    return cls._rule_based_detect(text)
           ~~~~~~~~~~~~~~~~~~~~~~^^^^^^
  File "C:\Users\HP\Documents\mindCompass\mindcompass-backend\ai\emotions\services.py", line 44, in _rule_based_detect
    sentiment_res = SentimentAnalysisService.analyze(text)
  File "C:\Users\HP\Documents\mindCompass\mindcompass-backend\ai\sentiment\services.py", line 68, in analyze
    em_res = EmotionDetectionService.detect(text)
  File "C:\Users\HP\Documents\mindCompass\mindcompass-backend\ai\emotions\services.py", line 27, in detect
    return cls._rule_based_detect(text)
           ~~~~~~~~~~~~~~~~~~~~~~^^^^^^
  File "C:\Users\HP\Documents\mindCompass\mindcompass-backend\ai\emotions\services.py", line 44, in _rule_based_detect
    sentiment_res = SentimentAnalysisService.analyze(text)
  File "C:\Users\HP\Documents\mindCompass\mindcompass-backend\ai\sentiment\services.py", line 68, in analyze
    em_res = EmotionDetectionService.detect(text)
  File "C:\Users\HP\Documents\mindCompass\mindcompass-backend\ai\emotions\services.py", line 27, in detect
    return cls._rule_based_detect(text)
           ~~~~~~~~~~~~~~~~~~~~~~^^^^^^
  File "C:\Users\HP\Documents\mindCompass\mindcompass-backend\ai\emotions\services.py", line 44, in _rule_based_detect
    sentiment_res = SentimentAnalysisService.analyze(text)
  File "C:\Users\HP\Documents\mindCompass\mindcompass-backend\ai\sentiment\services.py", line 68, in analyze
    em_res = EmotionDetectionService.detect(text)
  File "C:\Users\HP\Documents\mindCompass\mindcompass-backend\ai\emotions\services.py", line 27, in detect
    return cls._rule_based_detect(text)
           ~~~~~~~~~~~~~~~~~~~~~~^^^^^^
  File "C:\Users\HP\Documents\mindCompass\mindcompass-backend\ai\emotions\services.py", line 44, in _rule_based_detect
    sentiment_res = SentimentAnalysisService.analyze(text)
  File "C:\Users\HP\Documents\mindCompass\mindcompass-backend\ai\sentiment\services.py", line 68, in analyze
    em_res = EmotionDetectionService.detect(text)
  File "C:\Users\HP\Documents\mindCompass\mindcompass-backend\ai\emotions\services.py", line 27, in detect
    return cls._rule_based_detect(text)
           ~~~~~~~~~~~~~~~~~~~~~~^^^^^^
  File "C:\Users\HP\Documents\mindCompass\mindcompass-backend\ai\emotions\services.py", line 44, in _rule_based_detect
    sentiment_res = SentimentAnalysisService.analyze(text)
  File "C:\Users\HP\Documents\mindCompass\mindcompass-backend\ai\sentiment\services.py", line 68, in analyze
    em_res = EmotionDetectionService.detect(text)
  File "C:\Users\HP\Documents\mindCompass\mindcompass-backend\ai\emotions\services.py", line 27, in detect
    return cls._rule_based_detect(text)
           ~~~~~~~~~~~~~~~~~~~~~~^^^^^^
  File "C:\Users\HP\Documents\mindCompass\mindcompass-backend\ai\emotions\services.py", line 44, in _rule_based_detect
    sentiment_res = SentimentAnalysisService.analyze(text)
  File "C:\Users\HP\Documents\mindCompass\mindcompass-backend\ai\sentiment\services.py", line 68, in analyze
    em_res = EmotionDetectionService.detect(text)
  File "C:\Users\HP\Documents\mindCompass\mindcompass-backend\ai\emotions\services.py", line 27, in detect
    return cls._rule_based_detect(text)
           ~~~~~~~~~~~~~~~~~~~~~~^^^^^^
  File "C:\Users\HP\Documents\mindCompass\mindcompass-backend\ai\emotions\services.py", line 44, in _rule_based_detect
    sentiment_res = SentimentAnalysisService.analyze(text)
  File "C:\Users\HP\Documents\mindCompass\mindcompass-backend\ai\sentiment\services.py", line 68, in analyze
    em_res = EmotionDetectionService.detect(text)
  File "C:\Users\HP\Documents\mindCompass\mindcompass-backend\ai\emotions\services.py", line 27, in detect
    return cls._rule_based_detect(text)
           ~~~~~~~~~~~~~~~~~~~~~~^^^^^^
  File "C:\Users\HP\Documents\mindCompass\mindcompass-backend\ai\emotions\services.py", line 44, in _rule_based_detect
    sentiment_res = SentimentAnalysisService.analyze(text)
  File "C:\Users\HP\Documents\mindCompass\mindcompass-backend\ai\sentiment\services.py", line 68, in analyze
    em_res = EmotionDetectionService.detect(text)
  File "C:\Users\HP\Documents\mindCompass\mindcompass-backend\ai\emotions\services.py", line 27, in detect
    return cls._rule_based_detect(text)
           ~~~~~~~~~~~~~~~~~~~~~~^^^^^^
  File "C:\Users\HP\Documents\mindCompass\mindcompass-backend\ai\emotions\services.py", line 44, in _rule_based_detect
    sentiment_res = SentimentAnalysisService.analyze(text)
  File "C:\Users\HP\Documents\mindCompass\mindcompass-backend\ai\sentiment\services.py", line 68, in analyze
    em_res = EmotionDetectionService.detect(text)
  File "C:\Users\HP\Documents\mindCompass\mindcompass-backend\ai\emotions\services.py", line 27, in detect
    return cls._rule_based_detect(text)
           ~~~~~~~~~~~~~~~~~~~~~~^^^^^^
  File "C:\Users\HP\Documents\mindCompass\mindcompass-backend\ai\emotions\services.py", line 44, in _rule_based_detect
    sentiment_res = SentimentAnalysisService.analyze(text)
  File "C:\Users\HP\Documents\mindCompass\mindcompass-backend\ai\sentiment\services.py", line 68, in analyze
    em_res = EmotionDetectionService.detect(text)
  File "C:\Users\HP\Documents\mindCompass\mindcompass-backend\ai\emotions\services.py", line 27, in detect
    return cls._rule_based_detect(text)
           ~~~~~~~~~~~~~~~~~~~~~~^^^^^^
  File "C:\Users\HP\Documents\mindCompass\mindcompass-backend\ai\emotions\services.py", line 44, in _rule_based_detect
    sentiment_res = SentimentAnalysisService.analyze(text)
  File "C:\Users\HP\Documents\mindCompass\mindcompass-backend\ai\sentiment\services.py", line 68, in analyze
    em_res = EmotionDetectionService.detect(text)
  File "C:\Users\HP\Documents\mindCompass\mindcompass-backend\ai\emotions\services.py", line 27, in detect
    return cls._rule_based_detect(text)
           ~~~~~~~~~~~~~~~~~~~~~~^^^^^^
  File "C:\Users\HP\Documents\mindCompass\mindcompass-backend\ai\emotions\services.py", line 44, in _rule_based_detect
    sentiment_res = SentimentAnalysisService.analyze(text)
  File "C:\Users\HP\Documents\mindCompass\mindcompass-backend\ai\sentiment\services.py", line 68, in analyze
    em_res = EmotionDetectionService.detect(text)
  File "C:\Users\HP\Documents\mindCompass\mindcompass-backend\ai\emotions\services.py", line 27, in detect
    return cls._rule_based_detect(text)
           ~~~~~~~~~~~~~~~~~~~~~~^^^^^^
  File "C:\Users\HP\Documents\mindCompass\mindcompass-backend\ai\emotions\services.py", line 44, in _rule_based_detect
    sentiment_res = SentimentAnalysisService.analyze(text)
  File "C:\Users\HP\Documents\mindCompass\mindcompass-backend\ai\sentiment\services.py", line 68, in analyze
    em_res = EmotionDetectionService.detect(text)
  File "C:\Users\HP\Documents\mindCompass\mindcompass-backend\ai\emotions\services.py", line 27, in detect
    return cls._rule_based_detect(text)
           ~~~~~~~~~~~~~~~~~~~~~~^^^^^^
  File "C:\Users\HP\Documents\mindCompass\mindcompass-backend\ai\emotions\services.py", line 44, in _rule_based_detect
    sentiment_res = SentimentAnalysisService.analyze(text)
  File "C:\Users\HP\Documents\mindCompass\mindcompass-backend\ai\sentiment\services.py", line 68, in analyze
    em_res = EmotionDetectionService.detect(text)
  File "C:\Users\HP\Documents\mindCompass\mindcompass-backend\ai\emotions\services.py", line 27, in detect
    return cls._rule_based_detect(text)
           ~~~~~~~~~~~~~~~~~~~~~~^^^^^^
  File "C:\Users\HP\Documents\mindCompass\mindcompass-backend\ai\emotions\services.py", line 44, in _rule_based_detect
    sentiment_res = SentimentAnalysisService.analyze(text)
  File "C:\Users\HP\Documents\mindCompass\mindcompass-backend\ai\sentiment\services.py", line 68, in analyze
    em_res = EmotionDetectionService.detect(text)
  File "C:\Users\HP\Documents\mindCompass\mindcompass-backend\ai\emotions\services.py", line 27, in detect
    return cls._rule_based_detect(text)
           ~~~~~~~~~~~~~~~~~~~~~~^^^^^^
  File "C:\Users\HP\Documents\mindCompass\mindcompass-backend\ai\emotions\services.py", line 44, in _rule_based_detect
    sentiment_res = SentimentAnalysisService.analyze(text)
  File "C:\Users\HP\Documents\mindCompass\mindcompass-backend\ai\sentiment\services.py", line 68, in analyze
    em_res = EmotionDetectionService.detect(text)
  File "C:\Users\HP\Documents\mindCompass\mindcompass-backend\ai\emotions\services.py", line 27, in detect
    return cls._rule_based_detect(text)
           ~~~~~~~~~~~~~~~~~~~~~~^^^^^^
  File "C:\Users\HP\Documents\mindCompass\mindcompass-backend\ai\emotions\services.py", line 44, in _rule_based_detect
    sentiment_res = SentimentAnalysisService.analyze(text)
  File "C:\Users\HP\Documents\mindCompass\mindcompass-backend\ai\sentiment\services.py", line 68, in analyze
    em_res = EmotionDetectionService.detect(text)
  File "C:\Users\HP\Documents\mindCompass\mindcompass-backend\ai\emotions\services.py", line 27, in detect
    return cls._rule_based_detect(text)
           ~~~~~~~~~~~~~~~~~~~~~~^^^^^^
  File "C:\Users\HP\Documents\mindCompass\mindcompass-backend\ai\emotions\services.py", line 44, in _rule_based_detect
    sentiment_res = SentimentAnalysisService.analyze(text)
  File "C:\Users\HP\Documents\mindCompass\mindcompass-backend\ai\sentiment\services.py", line 68, in analyze
    em_res = EmotionDetectionService.detect(text)
  File "C:\Users\HP\Documents\mindCompass\mindcompass-backend\ai\emotions\services.py", line 27, in detect
    return cls._rule_based_detect(text)
           ~~~~~~~~~~~~~~~~~~~~~~^^^^^^
  File "C:\Users\HP\Documents\mindCompass\mindcompass-backend\ai\emotions\services.py", line 44, in _rule_based_detect
    sentiment_res = SentimentAnalysisService.analyze(text)
  File "C:\Users\HP\Documents\mindCompass\mindcompass-backend\ai\sentiment\services.py", line 68, in analyze
    em_res = EmotionDetectionService.detect(text)
  File "C:\Users\HP\Documents\mindCompass\mindcompass-backend\ai\emotions\services.py", line 27, in detect
    return cls._rule_based_detect(text)
           ~~~~~~~~~~~~~~~~~~~~~~^^^^^^
  File "C:\Users\HP\Documents\mindCompass\mindcompass-backend\ai\emotions\services.py", line 44, in _rule_based_detect
    sentiment_res = SentimentAnalysisService.analyze(text)
  File "C:\Users\HP\Documents\mindCompass\mindcompass-backend\ai\sentiment\services.py", line 68, in analyze
    em_res = EmotionDetectionService.detect(text)
  File "C:\Users\HP\Documents\mindCompass\mindcompass-backend\ai\emotions\services.py", line 27, in detect
    return cls._rule_based_detect(text)
           ~~~~~~~~~~~~~~~~~~~~~~^^^^^^
  File "C:\Users\HP\Documents\mindCompass\mindcompass-backend\ai\emotions\services.py", line 44, in _rule_based_detect
    sentiment_res = SentimentAnalysisService.analyze(text)
  File "C:\Users\HP\Documents\mindCompass\mindcompass-backend\ai\sentiment\services.py", line 68, in analyze
    em_res = EmotionDetectionService.detect(text)
  File "C:\Users\HP\Documents\mindCompass\mindcompass-backend\ai\emotions\services.py", line 27, in detect
    return cls._rule_based_detect(text)
           ~~~~~~~~~~~~~~~~~~~~~~^^^^^^
  File "C:\Users\HP\Documents\mindCompass\mindcompass-backend\ai\emotions\services.py", line 44, in _rule_based_detect
    sentiment_res = SentimentAnalysisService.analyze(text)
  File "C:\Users\HP\Documents\mindCompass\mindcompass-backend\ai\sentiment\services.py", line 68, in analyze
    em_res = EmotionDetectionService.detect(text)
  File "C:\Users\HP\Documents\mindCompass\mindcompass-backend\ai\emotions\services.py", line 27, in detect
    return cls._rule_based_detect(text)
           ~~~~~~~~~~~~~~~~~~~~~~^^^^^^
  File "C:\Users\HP\Documents\mindCompass\mindcompass-backend\ai\emotions\services.py", line 44, in _rule_based_detect
    sentiment_res = SentimentAnalysisService.analyze(text)
  File "C:\Users\HP\Documents\mindCompass\mindcompass-backend\ai\sentiment\services.py", line 68, in analyze
    em_res = EmotionDetectionService.detect(text)
  File "C:\Users\HP\Documents\mindCompass\mindcompass-backend\ai\emotions\services.py", line 27, in detect
    return cls._rule_based_detect(text)
           ~~~~~~~~~~~~~~~~~~~~~~^^^^^^
  File "C:\Users\HP\Documents\mindCompass\mindcompass-backend\ai\emotions\services.py", line 44, in _rule_based_detect
    sentiment_res = SentimentAnalysisService.analyze(text)
  File "C:\Users\HP\Documents\mindCompass\mindcompass-backend\ai\sentiment\services.py", line 68, in analyze
    em_res = EmotionDetectionService.detect(text)
  File "C:\Users\HP\Documents\mindCompass\mindcompass-backend\ai\emotions\services.py", line 27, in detect
    return cls._rule_based_detect(text)
           ~~~~~~~~~~~~~~~~~~~~~~^^^^^^
  File "C:\Users\HP\Documents\mindCompass\mindcompass-backend\ai\emotions\services.py", line 44, in _rule_based_detect
    sentiment_res = SentimentAnalysisService.analyze(text)
  File "C:\Users\HP\Documents\mindCompass\mindcompass-backend\ai\sentiment\services.py", line 68, in analyze
    em_res = EmotionDetectionService.detect(text)
  File "C:\Users\HP\Documents\mindCompass\mindcompass-backend\ai\emotions\services.py", line 27, in detect
    return cls._rule_based_detect(text)
           ~~~~~~~~~~~~~~~~~~~~~~^^^^^^
  File "C:\Users\HP\Documents\mindCompass\mindcompass-backend\ai\emotions\services.py", line 44, in _rule_based_detect
    sentiment_res = SentimentAnalysisService.analyze(text)
  File "C:\Users\HP\Documents\mindCompass\mindcompass-backend\ai\sentiment\services.py", line 68, in analyze
    em_res = EmotionDetectionService.detect(text)
  File "C:\Users\HP\Documents\mindCompass\mindcompass-backend\ai\emotions\services.py", line 27, in detect
    return cls._rule_based_detect(text)
           ~~~~~~~~~~~~~~~~~~~~~~^^^^^^
  File "C:\Users\HP\Documents\mindCompass\mindcompass-backend\ai\emotions\services.py", line 44, in _rule_based_detect
    sentiment_res = SentimentAnalysisService.analyze(text)
  File "C:\Users\HP\Documents\mindCompass\mindcompass-backend\ai\sentiment\services.py", line 68, in analyze
    em_res = EmotionDetectionService.detect(text)
  File "C:\Users\HP\Documents\mindCompass\mindcompass-backend\ai\emotions\services.py", line 27, in detect
    return cls._rule_based_detect(text)
           ~~~~~~~~~~~~~~~~~~~~~~^^^^^^
  File "C:\Users\HP\Documents\mindCompass\mindcompass-backend\ai\emotions\services.py", line 44, in _rule_based_detect
    sentiment_res = SentimentAnalysisService.analyze(text)
  File "C:\Users\HP\Documents\mindCompass\mindcompass-backend\ai\sentiment\services.py", line 68, in analyze
    em_res = EmotionDetectionService.detect(text)
  File "C:\Users\HP\Documents\mindCompass\mindcompass-backend\ai\emotions\services.py", line 27, in detect
    return cls._rule_based_detect(text)
           ~~~~~~~~~~~~~~~~~~~~~~^^^^^^
  File "C:\Users\HP\Documents\mindCompass\mindcompass-backend\ai\emotions\services.py", line 44, in _rule_based_detect
    sentiment_res = SentimentAnalysisService.analyze(text)
  File "C:\Users\HP\Documents\mindCompass\mindcompass-backend\ai\sentiment\services.py", line 68, in analyze
    em_res = EmotionDetectionService.detect(text)
  File "C:\Users\HP\Documents\mindCompass\mindcompass-backend\ai\emotions\services.py", line 27, in detect
    return cls._rule_based_detect(text)
           ~~~~~~~~~~~~~~~~~~~~~~^^^^^^
  File "C:\Users\HP\Documents\mindCompass\mindcompass-backend\ai\emotions\services.py", line 44, in _rule_based_detect
    sentiment_res = SentimentAnalysisService.analyze(text)
  File "C:\Users\HP\Documents\mindCompass\mindcompass-backend\ai\sentiment\services.py", line 68, in analyze
    em_res = EmotionDetectionService.detect(text)
  File "C:\Users\HP\Documents\mindCompass\mindcompass-backend\ai\emotions\services.py", line 27, in detect
    return cls._rule_based_detect(text)
           ~~~~~~~~~~~~~~~~~~~~~~^^^^^^
  File "C:\Users\HP\Documents\mindCompass\mindcompass-backend\ai\emotions\services.py", line 44, in _rule_based_detect
    sentiment_res = SentimentAnalysisService.analyze(text)
  File "C:\Users\HP\Documents\mindCompass\mindcompass-backend\ai\sentiment\services.py", line 68, in analyze
    em_res = EmotionDetectionService.detect(text)
  File "C:\Users\HP\Documents\mindCompass\mindcompass-backend\ai\emotions\services.py", line 27, in detect
    return cls._rule_based_detect(text)
           ~~~~~~~~~~~~~~~~~~~~~~^^^^^^
  File "C:\Users\HP\Documents\mindCompass\mindcompass-backend\ai\emotions\services.py", line 44, in _rule_based_detect
    sentiment_res = SentimentAnalysisService.analyze(text)
  File "C:\Users\HP\Documents\mindCompass\mindcompass-backend\ai\sentiment\services.py", line 68, in analyze
    em_res = EmotionDetectionService.detect(text)
  File "C:\Users\HP\Documents\mindCompass\mindcompass-backend\ai\emotions\services.py", line 27, in detect
    return cls._rule_based_detect(text)
           ~~~~~~~~~~~~~~~~~~~~~~^^^^^^
  File "C:\Users\HP\Documents\mindCompass\mindcompass-backend\ai\emotions\services.py", line 44, in _rule_based_detect
    sentiment_res = SentimentAnalysisService.analyze(text)
  File "C:\Users\HP\Documents\mindCompass\mindcompass-backend\ai\sentiment\services.py", line 68, in analyze
    em_res = EmotionDetectionService.detect(text)
  File "C:\Users\HP\Documents\mindCompass\mindcompass-backend\ai\emotions\services.py", line 27, in detect
    return cls._rule_based_detect(text)
           ~~~~~~~~~~~~~~~~~~~~~~^^^^^^
  File "C:\Users\HP\Documents\mindCompass\mindcompass-backend\ai\emotions\services.py", line 44, in _rule_based_detect
    sentiment_res = SentimentAnalysisService.analyze(text)
  File "C:\Users\HP\Documents\mindCompass\mindcompass-backend\ai\sentiment\services.py", line 68, in analyze
    em_res = EmotionDetectionService.detect(text)
  File "C:\Users\HP\Documents\mindCompass\mindcompass-backend\ai\emotions\services.py", line 27, in detect
    return cls._rule_based_detect(text)
           ~~~~~~~~~~~~~~~~~~~~~~^^^^^^
  File "C:\Users\HP\Documents\mindCompass\mindcompass-backend\ai\emotions\services.py", line 44, in _rule_based_detect
    sentiment_res = SentimentAnalysisService.analyze(text)
  File "C:\Users\HP\Documents\mindCompass\mindcompass-backend\ai\sentiment\services.py", line 68, in analyze
    em_res = EmotionDetectionService.detect(text)
  File "C:\Users\HP\Documents\mindCompass\mindcompass-backend\ai\emotions\services.py", line 27, in detect
    return cls._rule_based_detect(text)
           ~~~~~~~~~~~~~~~~~~~~~~^^^^^^
  File "C:\Users\HP\Documents\mindCompass\mindcompass-backend\ai\emotions\services.py", line 44, in _rule_based_detect
    sentiment_res = SentimentAnalysisService.analyze(text)
  File "C:\Users\HP\Documents\mindCompass\mindcompass-backend\ai\sentiment\services.py", line 68, in analyze
    em_res = EmotionDetectionService.detect(text)
  File "C:\Users\HP\Documents\mindCompass\mindcompass-backend\ai\emotions\services.py", line 27, in detect
    return cls._rule_based_detect(text)
           ~~~~~~~~~~~~~~~~~~~~~~^^^^^^
  File "C:\Users\HP\Documents\mindCompass\mindcompass-backend\ai\emotions\services.py", line 44, in _rule_based_detect
    sentiment_res = SentimentAnalysisService.analyze(text)
  File "C:\Users\HP\Documents\mindCompass\mindcompass-backend\ai\sentiment\services.py", line 68, in analyze
    em_res = EmotionDetectionService.detect(text)
  File "C:\Users\HP\Documents\mindCompass\mindcompass-backend\ai\emotions\services.py", line 27, in detect
    return cls._rule_based_detect(text)
           ~~~~~~~~~~~~~~~~~~~~~~^^^^^^
  File "C:\Users\HP\Documents\mindCompass\mindcompass-backend\ai\emotions\services.py", line 44, in _rule_based_detect
    sentiment_res = SentimentAnalysisService.analyze(text)
  File "C:\Users\HP\Documents\mindCompass\mindcompass-backend\ai\sentiment\services.py", line 68, in analyze
    em_res = EmotionDetectionService.detect(text)
  File "C:\Users\HP\Documents\mindCompass\mindcompass-backend\ai\emotions\services.py", line 27, in detect
    return cls._rule_based_detect(text)
           ~~~~~~~~~~~~~~~~~~~~~~^^^^^^
  File "C:\Users\HP\Documents\mindCompass\mindcompass-backend\ai\emotions\services.py", line 44, in _rule_based_detect
    sentiment_res = SentimentAnalysisService.analyze(text)
  File "C:\Users\HP\Documents\mindCompass\mindcompass-backend\ai\sentiment\services.py", line 68, in analyze
    em_res = EmotionDetectionService.detect(text)
  File "C:\Users\HP\Documents\mindCompass\mindcompass-backend\ai\emotions\services.py", line 27, in detect
    return cls._rule_based_detect(text)
           ~~~~~~~~~~~~~~~~~~~~~~^^^^^^
  File "C:\Users\HP\Documents\mindCompass\mindcompass-backend\ai\emotions\services.py", line 44, in _rule_based_detect
    sentiment_res = SentimentAnalysisService.analyze(text)
  File "C:\Users\HP\Documents\mindCompass\mindcompass-backend\ai\sentiment\services.py", line 68, in analyze
    em_res = EmotionDetectionService.detect(text)
  File "C:\Users\HP\Documents\mindCompass\mindcompass-backend\ai\emotions\services.py", line 27, in detect
    return cls._rule_based_detect(text)
           ~~~~~~~~~~~~~~~~~~~~~~^^^^^^
  File "C:\Users\HP\Documents\mindCompass\mindcompass-backend\ai\emotions\services.py", line 44, in _rule_based_detect
    sentiment_res = SentimentAnalysisService.analyze(text)
  File "C:\Users\HP\Documents\mindCompass\mindcompass-backend\ai\sentiment\services.py", line 68, in analyze
    em_res = EmotionDetectionService.detect(text)
  File "C:\Users\HP\Documents\mindCompass\mindcompass-backend\ai\emotions\services.py", line 27, in detect
    return cls._rule_based_detect(text)
           ~~~~~~~~~~~~~~~~~~~~~~^^^^^^
  File "C:\Users\HP\Documents\mindCompass\mindcompass-backend\ai\emotions\services.py", line 44, in _rule_based_detect
    sentiment_res = SentimentAnalysisService.analyze(text)
  File "C:\Users\HP\Documents\mindCompass\mindcompass-backend\ai\sentiment\services.py", line 68, in analyze
    em_res = EmotionDetectionService.detect(text)
  File "C:\Users\HP\Documents\mindCompass\mindcompass-backend\ai\emotions\services.py", line 27, in detect
    return cls._rule_based_detect(text)
           ~~~~~~~~~~~~~~~~~~~~~~^^^^^^
  File "C:\Users\HP\Documents\mindCompass\mindcompass-backend\ai\emotions\services.py", line 44, in _rule_based_detect
    sentiment_res = SentimentAnalysisService.analyze(text)
  File "C:\Users\HP\Documents\mindCompass\mindcompass-backend\ai\sentiment\services.py", line 68, in analyze
    em_res = EmotionDetectionService.detect(text)
  File "C:\Users\HP\Documents\mindCompass\mindcompass-backend\ai\emotions\services.py", line 27, in detect
    return cls._rule_based_detect(text)
           ~~~~~~~~~~~~~~~~~~~~~~^^^^^^
  File "C:\Users\HP\Documents\mindCompass\mindcompass-backend\ai\emotions\services.py", line 44, in _rule_based_detect
    sentiment_res = SentimentAnalysisService.analyze(text)
  File "C:\Users\HP\Documents\mindCompass\mindcompass-backend\ai\sentiment\services.py", line 68, in analyze
    em_res = EmotionDetectionService.detect(text)
  File "C:\Users\HP\Documents\mindCompass\mindcompass-backend\ai\emotions\services.py", line 27, in detect
    return cls._rule_based_detect(text)
           ~~~~~~~~~~~~~~~~~~~~~~^^^^^^
  File "C:\Users\HP\Documents\mindCompass\mindcompass-backend\ai\emotions\services.py", line 44, in _rule_based_detect
    sentiment_res = SentimentAnalysisService.analyze(text)
  File "C:\Users\HP\Documents\mindCompass\mindcompass-backend\ai\sentiment\services.py", line 68, in analyze
    em_res = EmotionDetectionService.detect(text)
  File "C:\Users\HP\Documents\mindCompass\mindcompass-backend\ai\emotions\services.py", line 27, in detect
    return cls._rule_based_detect(text)
           ~~~~~~~~~~~~~~~~~~~~~~^^^^^^
  File "C:\Users\HP\Documents\mindCompass\mindcompass-backend\ai\emotions\services.py", line 44, in _rule_based_detect
    sentiment_res = SentimentAnalysisService.analyze(text)
  File "C:\Users\HP\Documents\mindCompass\mindcompass-backend\ai\sentiment\services.py", line 68, in analyze
    em_res = EmotionDetectionService.detect(text)
  File "C:\Users\HP\Documents\mindCompass\mindcompass-backend\ai\emotions\services.py", line 27, in detect
    return cls._rule_based_detect(text)
           ~~~~~~~~~~~~~~~~~~~~~~^^^^^^
  File "C:\Users\HP\Documents\mindCompass\mindcompass-backend\ai\emotions\services.py", line 44, in _rule_based_detect
    sentiment_res = SentimentAnalysisService.analyze(text)
  File "C:\Users\HP\Documents\mindCompass\mindcompass-backend\ai\sentiment\services.py", line 68, in analyze
    em_res = EmotionDetectionService.detect(text)
  File "C:\Users\HP\Documents\mindCompass\mindcompass-backend\ai\emotions\services.py", line 27, in detect
    return cls._rule_based_detect(text)
           ~~~~~~~~~~~~~~~~~~~~~~^^^^^^
  File "C:\Users\HP\Documents\mindCompass\mindcompass-backend\ai\emotions\services.py", line 44, in _rule_based_detect
    sentiment_res = SentimentAnalysisService.analyze(text)
  File "C:\Users\HP\Documents\mindCompass\mindcompass-backend\ai\sentiment\services.py", line 68, in analyze
    em_res = EmotionDetectionService.detect(text)
  File "C:\Users\HP\Documents\mindCompass\mindcompass-backend\ai\emotions\services.py", line 27, in detect
    return cls._rule_based_detect(text)
           ~~~~~~~~~~~~~~~~~~~~~~^^^^^^
  File "C:\Users\HP\Documents\mindCompass\mindcompass-backend\ai\emotions\services.py", line 44, in _rule_based_detect
    sentiment_res = SentimentAnalysisService.analyze(text)
  File "C:\Users\HP\Documents\mindCompass\mindcompass-backend\ai\sentiment\services.py", line 68, in analyze
    em_res = EmotionDetectionService.detect(text)
  File "C:\Users\HP\Documents\mindCompass\mindcompass-backend\ai\emotions\services.py", line 27, in detect
    return cls._rule_based_detect(text)
           ~~~~~~~~~~~~~~~~~~~~~~^^^^^^
  File "C:\Users\HP\Documents\mindCompass\mindcompass-backend\ai\emotions\services.py", line 44, in _rule_based_detect
    sentiment_res = SentimentAnalysisService.analyze(text)
  File "C:\Users\HP\Documents\mindCompass\mindcompass-backend\ai\sentiment\services.py", line 68, in analyze
    em_res = EmotionDetectionService.detect(text)
  File "C:\Users\HP\Documents\mindCompass\mindcompass-backend\ai\emotions\services.py", line 27, in detect
    return cls._rule_based_detect(text)
           ~~~~~~~~~~~~~~~~~~~~~~^^^^^^
  File "C:\Users\HP\Documents\mindCompass\mindcompass-backend\ai\emotions\services.py", line 44, in _rule_based_detect
    sentiment_res = SentimentAnalysisService.analyze(text)
  File "C:\Users\HP\Documents\mindCompass\mindcompass-backend\ai\sentiment\services.py", line 68, in analyze
    em_res = EmotionDetectionService.detect(text)
  File "C:\Users\HP\Documents\mindCompass\mindcompass-backend\ai\emotions\services.py", line 27, in detect
    return cls._rule_based_detect(text)
           ~~~~~~~~~~~~~~~~~~~~~~^^^^^^
  File "C:\Users\HP\Documents\mindCompass\mindcompass-backend\ai\emotions\services.py", line 44, in _rule_based_detect
    sentiment_res = SentimentAnalysisService.analyze(text)
  File "C:\Users\HP\Documents\mindCompass\mindcompass-backend\ai\sentiment\services.py", line 68, in analyze
    em_res = EmotionDetectionService.detect(text)
  File "C:\Users\HP\Documents\mindCompass\mindcompass-backend\ai\emotions\services.py", line 27, in detect
    return cls._rule_based_detect(text)
           ~~~~~~~~~~~~~~~~~~~~~~^^^^^^
  File "C:\Users\HP\Documents\mindCompass\mindcompass-backend\ai\emotions\services.py", line 44, in _rule_based_detect
    sentiment_res = SentimentAnalysisService.analyze(text)
  File "C:\Users\HP\Documents\mindCompass\mindcompass-backend\ai\sentiment\services.py", line 68, in analyze
    em_res = EmotionDetectionService.detect(text)
  File "C:\Users\HP\Documents\mindCompass\mindcompass-backend\ai\emotions\services.py", line 27, in detect
    return cls._rule_based_detect(text)
           ~~~~~~~~~~~~~~~~~~~~~~^^^^^^
  File "C:\Users\HP\Documents\mindCompass\mindcompass-backend\ai\emotions\services.py", line 44, in _rule_based_detect
    sentiment_res = SentimentAnalysisService.analyze(text)
  File "C:\Users\HP\Documents\mindCompass\mindcompass-backend\ai\sentiment\services.py", line 68, in analyze
    em_res = EmotionDetectionService.detect(text)
  File "C:\Users\HP\Documents\mindCompass\mindcompass-backend\ai\emotions\services.py", line 27, in detect
    return cls._rule_based_detect(text)
           ~~~~~~~~~~~~~~~~~~~~~~^^^^^^
  File "C:\Users\HP\Documents\mindCompass\mindcompass-backend\ai\emotions\services.py", line 44, in _rule_based_detect
    sentiment_res = SentimentAnalysisService.analyze(text)
  File "C:\Users\HP\Documents\mindCompass\mindcompass-backend\ai\sentiment\services.py", line 68, in analyze
    em_res = EmotionDetectionService.detect(text)
  File "C:\Users\HP\Documents\mindCompass\mindcompass-backend\ai\emotions\services.py", line 27, in detect
    return cls._rule_based_detect(text)
           ~~~~~~~~~~~~~~~~~~~~~~^^^^^^
  File "C:\Users\HP\Documents\mindCompass\mindcompass-backend\ai\emotions\services.py", line 44, in _rule_based_detect
    sentiment_res = SentimentAnalysisService.analyze(text)
  File "C:\Users\HP\Documents\mindCompass\mindcompass-backend\ai\sentiment\services.py", line 68, in analyze
    em_res = EmotionDetectionService.detect(text)
  File "C:\Users\HP\Documents\mindCompass\mindcompass-backend\ai\emotions\services.py", line 27, in detect
    return cls._rule_based_detect(text)
           ~~~~~~~~~~~~~~~~~~~~~~^^^^^^
  File "C:\Users\HP\Documents\mindCompass\mindcompass-backend\ai\emotions\services.py", line 44, in _rule_based_detect
    sentiment_res = SentimentAnalysisService.analyze(text)
  File "C:\Users\HP\Documents\mindCompass\mindcompass-backend\ai\sentiment\services.py", line 68, in analyze
    em_res = EmotionDetectionService.detect(text)
  File "C:\Users\HP\Documents\mindCompass\mindcompass-backend\ai\emotions\services.py", line 27, in detect
    return cls._rule_based_detect(text)
           ~~~~~~~~~~~~~~~~~~~~~~^^^^^^
  File "C:\Users\HP\Documents\mindCompass\mindcompass-backend\ai\emotions\services.py", line 44, in _rule_based_detect
    sentiment_res = SentimentAnalysisService.analyze(text)
  File "C:\Users\HP\Documents\mindCompass\mindcompass-backend\ai\sentiment\services.py", line 68, in analyze
    em_res = EmotionDetectionService.detect(text)
  File "C:\Users\HP\Documents\mindCompass\mindcompass-backend\ai\emotions\services.py", line 27, in detect
    return cls._rule_based_detect(text)
           ~~~~~~~~~~~~~~~~~~~~~~^^^^^^
  File "C:\Users\HP\Documents\mindCompass\mindcompass-backend\ai\emotions\services.py", line 44, in _rule_based_detect
    sentiment_res = SentimentAnalysisService.analyze(text)
  File "C:\Users\HP\Documents\mindCompass\mindcompass-backend\ai\sentiment\services.py", line 68, in analyze
    em_res = EmotionDetectionService.detect(text)
  File "C:\Users\HP\Documents\mindCompass\mindcompass-backend\ai\emotions\services.py", line 27, in detect
    return cls._rule_based_detect(text)
           ~~~~~~~~~~~~~~~~~~~~~~^^^^^^
  File "C:\Users\HP\Documents\mindCompass\mindcompass-backend\ai\emotions\services.py", line 44, in _rule_based_detect
    sentiment_res = SentimentAnalysisService.analyze(text)
  File "C:\Users\HP\Documents\mindCompass\mindcompass-backend\ai\sentiment\services.py", line 68, in analyze
    em_res = EmotionDetectionService.detect(text)
  File "C:\Users\HP\Documents\mindCompass\mindcompass-backend\ai\emotions\services.py", line 27, in detect
    return cls._rule_based_detect(text)
           ~~~~~~~~~~~~~~~~~~~~~~^^^^^^
  File "C:\Users\HP\Documents\mindCompass\mindcompass-backend\ai\emotions\services.py", line 44, in _rule_based_detect
    sentiment_res = SentimentAnalysisService.analyze(text)
  File "C:\Users\HP\Documents\mindCompass\mindcompass-backend\ai\sentiment\services.py", line 68, in analyze
    em_res = EmotionDetectionService.detect(text)
  File "C:\Users\HP\Documents\mindCompass\mindcompass-backend\ai\emotions\services.py", line 27, in detect
    return cls._rule_based_detect(text)
           ~~~~~~~~~~~~~~~~~~~~~~^^^^^^
  File "C:\Users\HP\Documents\mindCompass\mindcompass-backend\ai\emotions\services.py", line 44, in _rule_based_detect
    sentiment_res = SentimentAnalysisService.analyze(text)
  File "C:\Users\HP\Documents\mindCompass\mindcompass-backend\ai\sentiment\services.py", line 68, in analyze
    em_res = EmotionDetectionService.detect(text)
  File "C:\Users\HP\Documents\mindCompass\mindcompass-backend\ai\emotions\services.py", line 27, in detect
    return cls._rule_based_detect(text)
           ~~~~~~~~~~~~~~~~~~~~~~^^^^^^
  File "C:\Users\HP\Documents\mindCompass\mindcompass-backend\ai\emotions\services.py", line 44, in _rule_based_detect
    sentiment_res = SentimentAnalysisService.analyze(text)
  File "C:\Users\HP\Documents\mindCompass\mindcompass-backend\ai\sentiment\services.py", line 68, in analyze
    em_res = EmotionDetectionService.detect(text)
  File "C:\Users\HP\Documents\mindCompass\mindcompass-backend\ai\emotions\services.py", line 27, in detect
    return cls._rule_based_detect(text)
           ~~~~~~~~~~~~~~~~~~~~~~^^^^^^
  File "C:\Users\HP\Documents\mindCompass\mindcompass-backend\ai\emotions\services.py", line 44, in _rule_based_detect
    sentiment_res = SentimentAnalysisService.analyze(text)
  File "C:\Users\HP\Documents\mindCompass\mindcompass-backend\ai\sentiment\services.py", line 68, in analyze
    em_res = EmotionDetectionService.detect(text)
  File "C:\Users\HP\Documents\mindCompass\mindcompass-backend\ai\emotions\services.py", line 27, in detect
    return cls._rule_based_detect(text)
           ~~~~~~~~~~~~~~~~~~~~~~^^^^^^
  File "C:\Users\HP\Documents\mindCompass\mindcompass-backend\ai\emotions\services.py", line 44, in _rule_based_detect
    sentiment_res = SentimentAnalysisService.analyze(text)
  File "C:\Users\HP\Documents\mindCompass\mindcompass-backend\ai\sentiment\services.py", line 68, in analyze
    em_res = EmotionDetectionService.detect(text)
  File "C:\Users\HP\Documents\mindCompass\mindcompass-backend\ai\emotions\services.py", line 27, in detect
    return cls._rule_based_detect(text)
           ~~~~~~~~~~~~~~~~~~~~~~^^^^^^
  File "C:\Users\HP\Documents\mindCompass\mindcompass-backend\ai\emotions\services.py", line 44, in _rule_based_detect
    sentiment_res = SentimentAnalysisService.analyze(text)
  File "C:\Users\HP\Documents\mindCompass\mindcompass-backend\ai\sentiment\services.py", line 68, in analyze
    em_res = EmotionDetectionService.detect(text)
  File "C:\Users\HP\Documents\mindCompass\mindcompass-backend\ai\emotions\services.py", line 27, in detect
    return cls._rule_based_detect(text)
           ~~~~~~~~~~~~~~~~~~~~~~^^^^^^
  File "C:\Users\HP\Documents\mindCompass\mindcompass-backend\ai\emotions\services.py", line 44, in _rule_based_detect
    sentiment_res = SentimentAnalysisService.analyze(text)
  File "C:\Users\HP\Documents\mindCompass\mindcompass-backend\ai\sentiment\services.py", line 68, in analyze
    em_res = EmotionDetectionService.detect(text)
  File "C:\Users\HP\Documents\mindCompass\mindcompass-backend\ai\emotions\services.py", line 27, in detect
    return cls._rule_based_detect(text)
           ~~~~~~~~~~~~~~~~~~~~~~^^^^^^
  File "C:\Users\HP\Documents\mindCompass\mindcompass-backend\ai\emotions\services.py", line 44, in _rule_based_detect
    sentiment_res = SentimentAnalysisService.analyze(text)
  File "C:\Users\HP\Documents\mindCompass\mindcompass-backend\ai\sentiment\services.py", line 68, in analyze
    em_res = EmotionDetectionService.detect(text)
  File "C:\Users\HP\Documents\mindCompass\mindcompass-backend\ai\emotions\services.py", line 27, in detect
    return cls._rule_based_detect(text)
           ~~~~~~~~~~~~~~~~~~~~~~^^^^^^
  File "C:\Users\HP\Documents\mindCompass\mindcompass-backend\ai\emotions\services.py", line 44, in _rule_based_detect
    sentiment_res = SentimentAnalysisService.analyze(text)
  File "C:\Users\HP\Documents\mindCompass\mindcompass-backend\ai\sentiment\services.py", line 68, in analyze
    em_res = EmotionDetectionService.detect(text)
  File "C:\Users\HP\Documents\mindCompass\mindcompass-backend\ai\emotions\services.py", line 27, in detect
    return cls._rule_based_detect(text)
           ~~~~~~~~~~~~~~~~~~~~~~^^^^^^
  File "C:\Users\HP\Documents\mindCompass\mindcompass-backend\ai\emotions\services.py", line 44, in _rule_based_detect
    sentiment_res = SentimentAnalysisService.analyze(text)
  File "C:\Users\HP\Documents\mindCompass\mindcompass-backend\ai\sentiment\services.py", line 68, in analyze
    em_res = EmotionDetectionService.detect(text)
  File "C:\Users\HP\Documents\mindCompass\mindcompass-backend\ai\emotions\services.py", line 27, in detect
    return cls._rule_based_detect(text)
           ~~~~~~~~~~~~~~~~~~~~~~^^^^^^
  File "C:\Users\HP\Documents\mindCompass\mindcompass-backend\ai\emotions\services.py", line 44, in _rule_based_detect
    sentiment_res = SentimentAnalysisService.analyze(text)
  File "C:\Users\HP\Documents\mindCompass\mindcompass-backend\ai\sentiment\services.py", line 68, in analyze
    em_res = EmotionDetectionService.detect(text)
  File "C:\Users\HP\Documents\mindCompass\mindcompass-backend\ai\emotions\services.py", line 27, in detect
    return cls._rule_based_detect(text)
           ~~~~~~~~~~~~~~~~~~~~~~^^^^^^
  File "C:\Users\HP\Documents\mindCompass\mindcompass-backend\ai\emotions\services.py", line 44, in _rule_based_detect
    sentiment_res = SentimentAnalysisService.analyze(text)
  File "C:\Users\HP\Documents\mindCompass\mindcompass-backend\ai\sentiment\services.py", line 68, in analyze
    em_res = EmotionDetectionService.detect(text)
  File "C:\Users\HP\Documents\mindCompass\mindcompass-backend\ai\emotions\services.py", line 27, in detect
    return cls._rule_based_detect(text)
           ~~~~~~~~~~~~~~~~~~~~~~^^^^^^
  File "C:\Users\HP\Documents\mindCompass\mindcompass-backend\ai\emotions\services.py", line 44, in _rule_based_detect
    sentiment_res = SentimentAnalysisService.analyze(text)
  File "C:\Users\HP\Documents\mindCompass\mindcompass-backend\ai\sentiment\services.py", line 68, in analyze
    em_res = EmotionDetectionService.detect(text)
  File "C:\Users\HP\Documents\mindCompass\mindcompass-backend\ai\emotions\services.py", line 27, in detect
    return cls._rule_based_detect(text)
           ~~~~~~~~~~~~~~~~~~~~~~^^^^^^
  File "C:\Users\HP\Documents\mindCompass\mindcompass-backend\ai\emotions\services.py", line 44, in _rule_based_detect
    sentiment_res = SentimentAnalysisService.analyze(text)
  File "C:\Users\HP\Documents\mindCompass\mindcompass-backend\ai\sentiment\services.py", line 68, in analyze
    em_res = EmotionDetectionService.detect(text)
  File "C:\Users\HP\Documents\mindCompass\mindcompass-backend\ai\emotions\services.py", line 27, in detect
    return cls._rule_based_detect(text)
           ~~~~~~~~~~~~~~~~~~~~~~^^^^^^
  File "C:\Users\HP\Documents\mindCompass\mindcompass-backend\ai\emotions\services.py", line 44, in _rule_based_detect
    sentiment_res = SentimentAnalysisService.analyze(text)
  File "C:\Users\HP\Documents\mindCompass\mindcompass-backend\ai\sentiment\services.py", line 68, in analyze
    em_res = EmotionDetectionService.detect(text)
  File "C:\Users\HP\Documents\mindCompass\mindcompass-backend\ai\emotions\services.py", line 27, in detect
    return cls._rule_based_detect(text)
           ~~~~~~~~~~~~~~~~~~~~~~^^^^^^
  File "C:\Users\HP\Documents\mindCompass\mindcompass-backend\ai\emotions\services.py", line 44, in _rule_based_detect
    sentiment_res = SentimentAnalysisService.analyze(text)
  File "C:\Users\HP\Documents\mindCompass\mindcompass-backend\ai\sentiment\services.py", line 68, in analyze
    em_res = EmotionDetectionService.detect(text)
  File "C:\Users\HP\Documents\mindCompass\mindcompass-backend\ai\emotions\services.py", line 27, in detect
    return cls._rule_based_detect(text)
           ~~~~~~~~~~~~~~~~~~~~~~^^^^^^
  File "C:\Users\HP\Documents\mindCompass\mindcompass-backend\ai\emotions\services.py", line 44, in _rule_based_detect
    sentiment_res = SentimentAnalysisService.analyze(text)
  File "C:\Users\HP\Documents\mindCompass\mindcompass-backend\ai\sentiment\services.py", line 68, in analyze
    em_res = EmotionDetectionService.detect(text)
  File "C:\Users\HP\Documents\mindCompass\mindcompass-backend\ai\emotions\services.py", line 27, in detect
    return cls._rule_based_detect(text)
           ~~~~~~~~~~~~~~~~~~~~~~^^^^^^
  File "C:\Users\HP\Documents\mindCompass\mindcompass-backend\ai\emotions\services.py", line 44, in _rule_based_detect
    sentiment_res = SentimentAnalysisService.analyze(text)
  File "C:\Users\HP\Documents\mindCompass\mindcompass-backend\ai\sentiment\services.py", line 68, in analyze
    em_res = EmotionDetectionService.detect(text)
  File "C:\Users\HP\Documents\mindCompass\mindcompass-backend\ai\emotions\services.py", line 27, in detect
    return cls._rule_based_detect(text)
           ~~~~~~~~~~~~~~~~~~~~~~^^^^^^
  File "C:\Users\HP\Documents\mindCompass\mindcompass-backend\ai\emotions\services.py", line 44, in _rule_based_detect
    sentiment_res = SentimentAnalysisService.analyze(text)
  File "C:\Users\HP\Documents\mindCompass\mindcompass-backend\ai\sentiment\services.py", line 68, in analyze
    em_res = EmotionDetectionService.detect(text)
  File "C:\Users\HP\Documents\mindCompass\mindcompass-backend\ai\emotions\services.py", line 27, in detect
    return cls._rule_based_detect(text)
           ~~~~~~~~~~~~~~~~~~~~~~^^^^^^
  File "C:\Users\HP\Documents\mindCompass\mindcompass-backend\ai\emotions\services.py", line 44, in _rule_based_detect
    sentiment_res = SentimentAnalysisService.analyze(text)
  File "C:\Users\HP\Documents\mindCompass\mindcompass-backend\ai\sentiment\services.py", line 68, in analyze
    em_res = EmotionDetectionService.detect(text)
  File "C:\Users\HP\Documents\mindCompass\mindcompass-backend\ai\emotions\services.py", line 27, in detect
    return cls._rule_based_detect(text)
           ~~~~~~~~~~~~~~~~~~~~~~^^^^^^
  File "C:\Users\HP\Documents\mindCompass\mindcompass-backend\ai\emotions\services.py", line 44, in _rule_based_detect
    sentiment_res = SentimentAnalysisService.analyze(text)
  File "C:\Users\HP\Documents\mindCompass\mindcompass-backend\ai\sentiment\services.py", line 68, in analyze
    em_res = EmotionDetectionService.detect(text)
  File "C:\Users\HP\Documents\mindCompass\mindcompass-backend\ai\emotions\services.py", line 27, in detect
    return cls._rule_based_detect(text)
           ~~~~~~~~~~~~~~~~~~~~~~^^^^^^
  File "C:\Users\HP\Documents\mindCompass\mindcompass-backend\ai\emotions\services.py", line 44, in _rule_based_detect
    sentiment_res = SentimentAnalysisService.analyze(text)
  File "C:\Users\HP\Documents\mindCompass\mindcompass-backend\ai\sentiment\services.py", line 68, in analyze
    em_res = EmotionDetectionService.detect(text)
  File "C:\Users\HP\Documents\mindCompass\mindcompass-backend\ai\emotions\services.py", line 27, in detect
    return cls._rule_based_detect(text)
           ~~~~~~~~~~~~~~~~~~~~~~^^^^^^
  File "C:\Users\HP\Documents\mindCompass\mindcompass-backend\ai\emotions\services.py", line 44, in _rule_based_detect
    sentiment_res = SentimentAnalysisService.analyze(text)
  File "C:\Users\HP\Documents\mindCompass\mindcompass-backend\ai\sentiment\services.py", line 68, in analyze
    em_res = EmotionDetectionService.detect(text)
  File "C:\Users\HP\Documents\mindCompass\mindcompass-backend\ai\emotions\services.py", line 27, in detect
    return cls._rule_based_detect(text)
           ~~~~~~~~~~~~~~~~~~~~~~^^^^^^
  File "C:\Users\HP\Documents\mindCompass\mindcompass-backend\ai\emotions\services.py", line 44, in _rule_based_detect
    sentiment_res = SentimentAnalysisService.analyze(text)
  File "C:\Users\HP\Documents\mindCompass\mindcompass-backend\ai\sentiment\services.py", line 68, in analyze
    em_res = EmotionDetectionService.detect(text)
  File "C:\Users\HP\Documents\mindCompass\mindcompass-backend\ai\emotions\services.py", line 27, in detect
    return cls._rule_based_detect(text)
           ~~~~~~~~~~~~~~~~~~~~~~^^^^^^
  File "C:\Users\HP\Documents\mindCompass\mindcompass-backend\ai\emotions\services.py", line 44, in _rule_based_detect
    sentiment_res = SentimentAnalysisService.analyze(text)
  File "C:\Users\HP\Documents\mindCompass\mindcompass-backend\ai\sentiment\services.py", line 68, in analyze
    em_res = EmotionDetectionService.detect(text)
  File "C:\Users\HP\Documents\mindCompass\mindcompass-backend\ai\emotions\services.py", line 27, in detect
    return cls._rule_based_detect(text)
           ~~~~~~~~~~~~~~~~~~~~~~^^^^^^
  File "C:\Users\HP\Documents\mindCompass\mindcompass-backend\ai\emotions\services.py", line 44, in _rule_based_detect
    sentiment_res = SentimentAnalysisService.analyze(text)
  File "C:\Users\HP\Documents\mindCompass\mindcompass-backend\ai\sentiment\services.py", line 68, in analyze
    em_res = EmotionDetectionService.detect(text)
  File "C:\Users\HP\Documents\mindCompass\mindcompass-backend\ai\emotions\services.py", line 27, in detect
    return cls._rule_based_detect(text)
           ~~~~~~~~~~~~~~~~~~~~~~^^^^^^
  File "C:\Users\HP\Documents\mindCompass\mindcompass-backend\ai\emotions\services.py", line 44, in _rule_based_detect
    sentiment_res = SentimentAnalysisService.analyze(text)
  File "C:\Users\HP\Documents\mindCompass\mindcompass-backend\ai\sentiment\services.py", line 68, in analyze
    em_res = EmotionDetectionService.detect(text)
  File "C:\Users\HP\Documents\mindCompass\mindcompass-backend\ai\emotions\services.py", line 27, in detect
    return cls._rule_based_detect(text)
           ~~~~~~~~~~~~~~~~~~~~~~^^^^^^
  File "C:\Users\HP\Documents\mindCompass\mindcompass-backend\ai\emotions\services.py", line 44, in _rule_based_detect
    sentiment_res = SentimentAnalysisService.analyze(text)
  File "C:\Users\HP\Documents\mindCompass\mindcompass-backend\ai\sentiment\services.py", line 68, in analyze
    em_res = EmotionDetectionService.detect(text)
  File "C:\Users\HP\Documents\mindCompass\mindcompass-backend\ai\emotions\services.py", line 27, in detect
    return cls._rule_based_detect(text)
           ~~~~~~~~~~~~~~~~~~~~~~^^^^^^
  File "C:\Users\HP\Documents\mindCompass\mindcompass-backend\ai\emotions\services.py", line 44, in _rule_based_detect
    sentiment_res = SentimentAnalysisService.analyze(text)
  File "C:\Users\HP\Documents\mindCompass\mindcompass-backend\ai\sentiment\services.py", line 68, in analyze
    em_res = EmotionDetectionService.detect(text)
  File "C:\Users\HP\Documents\mindCompass\mindcompass-backend\ai\emotions\services.py", line 27, in detect
    return cls._rule_based_detect(text)
           ~~~~~~~~~~~~~~~~~~~~~~^^^^^^
  File "C:\Users\HP\Documents\mindCompass\mindcompass-backend\ai\emotions\services.py", line 44, in _rule_based_detect
    sentiment_res = SentimentAnalysisService.analyze(text)
  File "C:\Users\HP\Documents\mindCompass\mindcompass-backend\ai\sentiment\services.py", line 68, in analyze
    em_res = EmotionDetectionService.detect(text)
  File "C:\Users\HP\Documents\mindCompass\mindcompass-backend\ai\emotions\services.py", line 27, in detect
    return cls._rule_based_detect(text)
           ~~~~~~~~~~~~~~~~~~~~~~^^^^^^
  File "C:\Users\HP\Documents\mindCompass\mindcompass-backend\ai\emotions\services.py", line 44, in _rule_based_detect
    sentiment_res = SentimentAnalysisService.analyze(text)
  File "C:\Users\HP\Documents\mindCompass\mindcompass-backend\ai\sentiment\services.py", line 68, in analyze
    em_res = EmotionDetectionService.detect(text)
  File "C:\Users\HP\Documents\mindCompass\mindcompass-backend\ai\emotions\services.py", line 27, in detect
    return cls._rule_based_detect(text)
           ~~~~~~~~~~~~~~~~~~~~~~^^^^^^
  File "C:\Users\HP\Documents\mindCompass\mindcompass-backend\ai\emotions\services.py", line 44, in _rule_based_detect
    sentiment_res = SentimentAnalysisService.analyze(text)
  File "C:\Users\HP\Documents\mindCompass\mindcompass-backend\ai\sentiment\services.py", line 68, in analyze
    em_res = EmotionDetectionService.detect(text)
  File "C:\Users\HP\Documents\mindCompass\mindcompass-backend\ai\emotions\services.py", line 27, in detect
    return cls._rule_based_detect(text)
           ~~~~~~~~~~~~~~~~~~~~~~^^^^^^
  File "C:\Users\HP\Documents\mindCompass\mindcompass-backend\ai\emotions\services.py", line 44, in _rule_based_detect
    sentiment_res = SentimentAnalysisService.analyze(text)
  File "C:\Users\HP\Documents\mindCompass\mindcompass-backend\ai\sentiment\services.py", line 68, in analyze
    em_res = EmotionDetectionService.detect(text)
  File "C:\Users\HP\Documents\mindCompass\mindcompass-backend\ai\emotions\services.py", line 27, in detect
    return cls._rule_based_detect(text)
           ~~~~~~~~~~~~~~~~~~~~~~^^^^^^
  File "C:\Users\HP\Documents\mindCompass\mindcompass-backend\ai\emotions\services.py", line 44, in _rule_based_detect
    sentiment_res = SentimentAnalysisService.analyze(text)
  File "C:\Users\HP\Documents\mindCompass\mindcompass-backend\ai\sentiment\services.py", line 68, in analyze
    em_res = EmotionDetectionService.detect(text)
  File "C:\Users\HP\Documents\mindCompass\mindcompass-backend\ai\emotions\services.py", line 27, in detect
    return cls._rule_based_detect(text)
           ~~~~~~~~~~~~~~~~~~~~~~^^^^^^
  File "C:\Users\HP\Documents\mindCompass\mindcompass-backend\ai\emotions\services.py", line 44, in _rule_based_detect
    sentiment_res = SentimentAnalysisService.analyze(text)
  File "C:\Users\HP\Documents\mindCompass\mindcompass-backend\ai\sentiment\services.py", line 68, in analyze
    em_res = EmotionDetectionService.detect(text)
  File "C:\Users\HP\Documents\mindCompass\mindcompass-backend\ai\emotions\services.py", line 27, in detect
    return cls._rule_based_detect(text)
           ~~~~~~~~~~~~~~~~~~~~~~^^^^^^
  File "C:\Users\HP\Documents\mindCompass\mindcompass-backend\ai\emotions\services.py", line 44, in _rule_based_detect
    sentiment_res = SentimentAnalysisService.analyze(text)
  File "C:\Users\HP\Documents\mindCompass\mindcompass-backend\ai\sentiment\services.py", line 68, in analyze
    em_res = EmotionDetectionService.detect(text)
  File "C:\Users\HP\Documents\mindCompass\mindcompass-backend\ai\emotions\services.py", line 27, in detect
    return cls._rule_based_detect(text)
           ~~~~~~~~~~~~~~~~~~~~~~^^^^^^
  File "C:\Users\HP\Documents\mindCompass\mindcompass-backend\ai\emotions\services.py", line 44, in _rule_based_detect
    sentiment_res = SentimentAnalysisService.analyze(text)
  File "C:\Users\HP\Documents\mindCompass\mindcompass-backend\ai\sentiment\services.py", line 68, in analyze
    em_res = EmotionDetectionService.detect(text)
  File "C:\Users\HP\Documents\mindCompass\mindcompass-backend\ai\emotions\services.py", line 27, in detect
    return cls._rule_based_detect(text)
           ~~~~~~~~~~~~~~~~~~~~~~^^^^^^
  File "C:\Users\HP\Documents\mindCompass\mindcompass-backend\ai\emotions\services.py", line 44, in _rule_based_detect
    sentiment_res = SentimentAnalysisService.analyze(text)
  File "C:\Users\HP\Documents\mindCompass\mindcompass-backend\ai\sentiment\services.py", line 68, in analyze
    em_res = EmotionDetectionService.detect(text)
  File "C:\Users\HP\Documents\mindCompass\mindcompass-backend\ai\emotions\services.py", line 27, in detect
    return cls._rule_based_detect(text)
           ~~~~~~~~~~~~~~~~~~~~~~^^^^^^
  File "C:\Users\HP\Documents\mindCompass\mindcompass-backend\ai\emotions\services.py", line 44, in _rule_based_detect
    sentiment_res = SentimentAnalysisService.analyze(text)
  File "C:\Users\HP\Documents\mindCompass\mindcompass-backend\ai\sentiment\services.py", line 68, in analyze
    em_res = EmotionDetectionService.detect(text)
  File "C:\Users\HP\Documents\mindCompass\mindcompass-backend\ai\emotions\services.py", line 27, in detect
    return cls._rule_based_detect(text)
           ~~~~~~~~~~~~~~~~~~~~~~^^^^^^
  File "C:\Users\HP\Documents\mindCompass\mindcompass-backend\ai\emotions\services.py", line 44, in _rule_based_detect
    sentiment_res = SentimentAnalysisService.analyze(text)
  File "C:\Users\HP\Documents\mindCompass\mindcompass-backend\ai\sentiment\services.py", line 68, in analyze
    em_res = EmotionDetectionService.detect(text)
  File "C:\Users\HP\Documents\mindCompass\mindcompass-backend\ai\emotions\services.py", line 27, in detect
    return cls._rule_based_detect(text)
           ~~~~~~~~~~~~~~~~~~~~~~^^^^^^
  File "C:\Users\HP\Documents\mindCompass\mindcompass-backend\ai\emotions\services.py", line 44, in _rule_based_detect
    sentiment_res = SentimentAnalysisService.analyze(text)
  File "C:\Users\HP\Documents\mindCompass\mindcompass-backend\ai\sentiment\services.py", line 68, in analyze
    em_res = EmotionDetectionService.detect(text)
  File "C:\Users\HP\Documents\mindCompass\mindcompass-backend\ai\emotions\services.py", line 27, in detect
    return cls._rule_based_detect(text)
           ~~~~~~~~~~~~~~~~~~~~~~^^^^^^
  File "C:\Users\HP\Documents\mindCompass\mindcompass-backend\ai\emotions\services.py", line 44, in _rule_based_detect
    sentiment_res = SentimentAnalysisService.analyze(text)
  File "C:\Users\HP\Documents\mindCompass\mindcompass-backend\ai\sentiment\services.py", line 68, in analyze
    em_res = EmotionDetectionService.detect(text)
  File "C:\Users\HP\Documents\mindCompass\mindcompass-backend\ai\emotions\services.py", line 27, in detect
    return cls._rule_based_detect(text)
           ~~~~~~~~~~~~~~~~~~~~~~^^^^^^
  File "C:\Users\HP\Documents\mindCompass\mindcompass-backend\ai\emotions\services.py", line 44, in _rule_based_detect
    sentiment_res = SentimentAnalysisService.analyze(text)
  File "C:\Users\HP\Documents\mindCompass\mindcompass-backend\ai\sentiment\services.py", line 68, in analyze
    em_res = EmotionDetectionService.detect(text)
  File "C:\Users\HP\Documents\mindCompass\mindcompass-backend\ai\emotions\services.py", line 27, in detect
    return cls._rule_based_detect(text)
           ~~~~~~~~~~~~~~~~~~~~~~^^^^^^
  File "C:\Users\HP\Documents\mindCompass\mindcompass-backend\ai\emotions\services.py", line 44, in _rule_based_detect
    sentiment_res = SentimentAnalysisService.analyze(text)
  File "C:\Users\HP\Documents\mindCompass\mindcompass-backend\ai\sentiment\services.py", line 68, in analyze
    em_res = EmotionDetectionService.detect(text)
  File "C:\Users\HP\Documents\mindCompass\mindcompass-backend\ai\emotions\services.py", line 27, in detect
    return cls._rule_based_detect(text)
           ~~~~~~~~~~~~~~~~~~~~~~^^^^^^
  File "C:\Users\HP\Documents\mindCompass\mindcompass-backend\ai\emotions\services.py", line 44, in _rule_based_detect
    sentiment_res = SentimentAnalysisService.analyze(text)
  File "C:\Users\HP\Documents\mindCompass\mindcompass-backend\ai\sentiment\services.py", line 68, in analyze
    em_res = EmotionDetectionService.detect(text)
  File "C:\Users\HP\Documents\mindCompass\mindcompass-backend\ai\emotions\services.py", line 27, in detect
    return cls._rule_based_detect(text)
           ~~~~~~~~~~~~~~~~~~~~~~^^^^^^
  File "C:\Users\HP\Documents\mindCompass\mindcompass-backend\ai\emotions\services.py", line 44, in _rule_based_detect
    sentiment_res = SentimentAnalysisService.analyze(text)
  File "C:\Users\HP\Documents\mindCompass\mindcompass-backend\ai\sentiment\services.py", line 68, in analyze
    em_res = EmotionDetectionService.detect(text)
  File "C:\Users\HP\Documents\mindCompass\mindcompass-backend\ai\emotions\services.py", line 27, in detect
    return cls._rule_based_detect(text)
           ~~~~~~~~~~~~~~~~~~~~~~^^^^^^
  File "C:\Users\HP\Documents\mindCompass\mindcompass-backend\ai\emotions\services.py", line 44, in _rule_based_detect
    sentiment_res = SentimentAnalysisService.analyze(text)
  File "C:\Users\HP\Documents\mindCompass\mindcompass-backend\ai\sentiment\services.py", line 68, in analyze
    em_res = EmotionDetectionService.detect(text)
  File "C:\Users\HP\Documents\mindCompass\mindcompass-backend\ai\emotions\services.py", line 27, in detect
    return cls._rule_based_detect(text)
           ~~~~~~~~~~~~~~~~~~~~~~^^^^^^
  File "C:\Users\HP\Documents\mindCompass\mindcompass-backend\ai\emotions\services.py", line 44, in _rule_based_detect
    sentiment_res = SentimentAnalysisService.analyze(text)
  File "C:\Users\HP\Documents\mindCompass\mindcompass-backend\ai\sentiment\services.py", line 68, in analyze
    em_res = EmotionDetectionService.detect(text)
  File "C:\Users\HP\Documents\mindCompass\mindcompass-backend\ai\emotions\services.py", line 27, in detect
    return cls._rule_based_detect(text)
           ~~~~~~~~~~~~~~~~~~~~~~^^^^^^
  File "C:\Users\HP\Documents\mindCompass\mindcompass-backend\ai\emotions\services.py", line 44, in _rule_based_detect
    sentiment_res = SentimentAnalysisService.analyze(text)
  File "C:\Users\HP\Documents\mindCompass\mindcompass-backend\ai\sentiment\services.py", line 68, in analyze
    em_res = EmotionDetectionService.detect(text)
  File "C:\Users\HP\Documents\mindCompass\mindcompass-backend\ai\emotions\services.py", line 27, in detect
    return cls._rule_based_detect(text)
           ~~~~~~~~~~~~~~~~~~~~~~^^^^^^
  File "C:\Users\HP\Documents\mindCompass\mindcompass-backend\ai\emotions\services.py", line 44, in _rule_based_detect
    sentiment_res = SentimentAnalysisService.analyze(text)
  File "C:\Users\HP\Documents\mindCompass\mindcompass-backend\ai\sentiment\services.py", line 68, in analyze
    em_res = EmotionDetectionService.detect(text)
  File "C:\Users\HP\Documents\mindCompass\mindcompass-backend\ai\emotions\services.py", line 27, in detect
    return cls._rule_based_detect(text)
           ~~~~~~~~~~~~~~~~~~~~~~^^^^^^
  File "C:\Users\HP\Documents\mindCompass\mindcompass-backend\ai\emotions\services.py", line 44, in _rule_based_detect
    sentiment_res = SentimentAnalysisService.analyze(text)
  File "C:\Users\HP\Documents\mindCompass\mindcompass-backend\ai\sentiment\services.py", line 68, in analyze
    em_res = EmotionDetectionService.detect(text)
  File "C:\Users\HP\Documents\mindCompass\mindcompass-backend\ai\emotions\services.py", line 27, in detect
    return cls._rule_based_detect(text)
           ~~~~~~~~~~~~~~~~~~~~~~^^^^^^
  File "C:\Users\HP\Documents\mindCompass\mindcompass-backend\ai\emotions\services.py", line 44, in _rule_based_detect
    sentiment_res = SentimentAnalysisService.analyze(text)
  File "C:\Users\HP\Documents\mindCompass\mindcompass-backend\ai\sentiment\services.py", line 68, in analyze
    em_res = EmotionDetectionService.detect(text)
  File "C:\Users\HP\Documents\mindCompass\mindcompass-backend\ai\emotions\services.py", line 27, in detect
    return cls._rule_based_detect(text)
           ~~~~~~~~~~~~~~~~~~~~~~^^^^^^
  File "C:\Users\HP\Documents\mindCompass\mindcompass-backend\ai\emotions\services.py", line 44, in _rule_based_detect
    sentiment_res = SentimentAnalysisService.analyze(text)
  File "C:\Users\HP\Documents\mindCompass\mindcompass-backend\ai\sentiment\services.py", line 68, in analyze
    em_res = EmotionDetectionService.detect(text)
  File "C:\Users\HP\Documents\mindCompass\mindcompass-backend\ai\emotions\services.py", line 27, in detect
    return cls._rule_based_detect(text)
           ~~~~~~~~~~~~~~~~~~~~~~^^^^^^
  File "C:\Users\HP\Documents\mindCompass\mindcompass-backend\ai\emotions\services.py", line 44, in _rule_based_detect
    sentiment_res = SentimentAnalysisService.analyze(text)
  File "C:\Users\HP\Documents\mindCompass\mindcompass-backend\ai\sentiment\services.py", line 68, in analyze
    em_res = EmotionDetectionService.detect(text)
  File "C:\Users\HP\Documents\mindCompass\mindcompass-backend\ai\emotions\services.py", line 27, in detect
    return cls._rule_based_detect(text)
           ~~~~~~~~~~~~~~~~~~~~~~^^^^^^
  File "C:\Users\HP\Documents\mindCompass\mindcompass-backend\ai\emotions\services.py", line 44, in _rule_based_detect
    sentiment_res = SentimentAnalysisService.analyze(text)
  File "C:\Users\HP\Documents\mindCompass\mindcompass-backend\ai\sentiment\services.py", line 68, in analyze
    em_res = EmotionDetectionService.detect(text)
  File "C:\Users\HP\Documents\mindCompass\mindcompass-backend\ai\emotions\services.py", line 27, in detect
    return cls._rule_based_detect(text)
           ~~~~~~~~~~~~~~~~~~~~~~^^^^^^
  File "C:\Users\HP\Documents\mindCompass\mindcompass-backend\ai\emotions\services.py", line 44, in _rule_based_detect
    sentiment_res = SentimentAnalysisService.analyze(text)
  File "C:\Users\HP\Documents\mindCompass\mindcompass-backend\ai\sentiment\services.py", line 68, in analyze
    em_res = EmotionDetectionService.detect(text)
  File "C:\Users\HP\Documents\mindCompass\mindcompass-backend\ai\emotions\services.py", line 27, in detect
    return cls._rule_based_detect(text)
           ~~~~~~~~~~~~~~~~~~~~~~^^^^^^
  File "C:\Users\HP\Documents\mindCompass\mindcompass-backend\ai\emotions\services.py", line 44, in _rule_based_detect
    sentiment_res = SentimentAnalysisService.analyze(text)
  File "C:\Users\HP\Documents\mindCompass\mindcompass-backend\ai\sentiment\services.py", line 68, in analyze
    em_res = EmotionDetectionService.detect(text)
  File "C:\Users\HP\Documents\mindCompass\mindcompass-backend\ai\emotions\services.py", line 27, in detect
    return cls._rule_based_detect(text)
           ~~~~~~~~~~~~~~~~~~~~~~^^^^^^
  File "C:\Users\HP\Documents\mindCompass\mindcompass-backend\ai\emotions\services.py", line 44, in _rule_based_detect
    sentiment_res = SentimentAnalysisService.analyze(text)
  File "C:\Users\HP\Documents\mindCompass\mindcompass-backend\ai\sentiment\services.py", line 68, in analyze
    em_res = EmotionDetectionService.detect(text)
  File "C:\Users\HP\Documents\mindCompass\mindcompass-backend\ai\emotions\services.py", line 27, in detect
    return cls._rule_based_detect(text)
           ~~~~~~~~~~~~~~~~~~~~~~^^^^^^
  File "C:\Users\HP\Documents\mindCompass\mindcompass-backend\ai\emotions\services.py", line 44, in _rule_based_detect
    sentiment_res = SentimentAnalysisService.analyze(text)
  File "C:\Users\HP\Documents\mindCompass\mindcompass-backend\ai\sentiment\services.py", line 68, in analyze
    em_res = EmotionDetectionService.detect(text)
  File "C:\Users\HP\Documents\mindCompass\mindcompass-backend\ai\emotions\services.py", line 27, in detect
    return cls._rule_based_detect(text)
           ~~~~~~~~~~~~~~~~~~~~~~^^^^^^
  File "C:\Users\HP\Documents\mindCompass\mindcompass-backend\ai\emotions\services.py", line 44, in _rule_based_detect
    sentiment_res = SentimentAnalysisService.analyze(text)
  File "C:\Users\HP\Documents\mindCompass\mindcompass-backend\ai\sentiment\services.py", line 68, in analyze
    em_res = EmotionDetectionService.detect(text)
  File "C:\Users\HP\Documents\mindCompass\mindcompass-backend\ai\emotions\services.py", line 27, in detect
    return cls._rule_based_detect(text)
           ~~~~~~~~~~~~~~~~~~~~~~^^^^^^
  File "C:\Users\HP\Documents\mindCompass\mindcompass-backend\ai\emotions\services.py", line 44, in _rule_based_detect
    sentiment_res = SentimentAnalysisService.analyze(text)
  File "C:\Users\HP\Documents\mindCompass\mindcompass-backend\ai\sentiment\services.py", line 68, in analyze
    em_res = EmotionDetectionService.detect(text)
  File "C:\Users\HP\Documents\mindCompass\mindcompass-backend\ai\emotions\services.py", line 27, in detect
    return cls._rule_based_detect(text)
           ~~~~~~~~~~~~~~~~~~~~~~^^^^^^
  File "C:\Users\HP\Documents\mindCompass\mindcompass-backend\ai\emotions\services.py", line 44, in _rule_based_detect
    sentiment_res = SentimentAnalysisService.analyze(text)
  File "C:\Users\HP\Documents\mindCompass\mindcompass-backend\ai\sentiment\services.py", line 68, in analyze
    em_res = EmotionDetectionService.detect(text)
  File "C:\Users\HP\Documents\mindCompass\mindcompass-backend\ai\emotions\services.py", line 27, in detect
    return cls._rule_based_detect(text)
           ~~~~~~~~~~~~~~~~~~~~~~^^^^^^
  File "C:\Users\HP\Documents\mindCompass\mindcompass-backend\ai\emotions\services.py", line 44, in _rule_based_detect
    sentiment_res = SentimentAnalysisService.analyze(text)
  File "C:\Users\HP\Documents\mindCompass\mindcompass-backend\ai\sentiment\services.py", line 68, in analyze
    em_res = EmotionDetectionService.detect(text)
  File "C:\Users\HP\Documents\mindCompass\mindcompass-backend\ai\emotions\services.py", line 27, in detect
    return cls._rule_based_detect(text)
           ~~~~~~~~~~~~~~~~~~~~~~^^^^^^
  File "C:\Users\HP\Documents\mindCompass\mindcompass-backend\ai\emotions\services.py", line 44, in _rule_based_detect
    sentiment_res = SentimentAnalysisService.analyze(text)
  File "C:\Users\HP\Documents\mindCompass\mindcompass-backend\ai\sentiment\services.py", line 68, in analyze
    em_res = EmotionDetectionService.detect(text)
  File "C:\Users\HP\Documents\mindCompass\mindcompass-backend\ai\emotions\services.py", line 27, in detect
    return cls._rule_based_detect(text)
           ~~~~~~~~~~~~~~~~~~~~~~^^^^^^
  File "C:\Users\HP\Documents\mindCompass\mindcompass-backend\ai\emotions\services.py", line 44, in _rule_based_detect
    sentiment_res = SentimentAnalysisService.analyze(text)
  File "C:\Users\HP\Documents\mindCompass\mindcompass-backend\ai\sentiment\services.py", line 68, in analyze
    em_res = EmotionDetectionService.detect(text)
  File "C:\Users\HP\Documents\mindCompass\mindcompass-backend\ai\emotions\services.py", line 27, in detect
    return cls._rule_based_detect(text)
           ~~~~~~~~~~~~~~~~~~~~~~^^^^^^
  File "C:\Users\HP\Documents\mindCompass\mindcompass-backend\ai\emotions\services.py", line 44, in _rule_based_detect
    sentiment_res = SentimentAnalysisService.analyze(text)
  File "C:\Users\HP\Documents\mindCompass\mindcompass-backend\ai\sentiment\services.py", line 68, in analyze
    em_res = EmotionDetectionService.detect(text)
  File "C:\Users\HP\Documents\mindCompass\mindcompass-backend\ai\emotions\services.py", line 27, in detect
    return cls._rule_based_detect(text)
           ~~~~~~~~~~~~~~~~~~~~~~^^^^^^
  File "C:\Users\HP\Documents\mindCompass\mindcompass-backend\ai\emotions\services.py", line 44, in _rule_based_detect
    sentiment_res = SentimentAnalysisService.analyze(text)
  File "C:\Users\HP\Documents\mindCompass\mindcompass-backend\ai\sentiment\services.py", line 68, in analyze
    em_res = EmotionDetectionService.detect(text)
  File "C:\Users\HP\Documents\mindCompass\mindcompass-backend\ai\emotions\services.py", line 27, in detect
    return cls._rule_based_detect(text)
           ~~~~~~~~~~~~~~~~~~~~~~^^^^^^
  File "C:\Users\HP\Documents\mindCompass\mindcompass-backend\ai\emotions\services.py", line 44, in _rule_based_detect
    sentiment_res = SentimentAnalysisService.analyze(text)
  File "C:\Users\HP\Documents\mindCompass\mindcompass-backend\ai\sentiment\services.py", line 68, in analyze
    em_res = EmotionDetectionService.detect(text)
  File "C:\Users\HP\Documents\mindCompass\mindcompass-backend\ai\emotions\services.py", line 27, in detect
    return cls._rule_based_detect(text)
           ~~~~~~~~~~~~~~~~~~~~~~^^^^^^
  File "C:\Users\HP\Documents\mindCompass\mindcompass-backend\ai\emotions\services.py", line 44, in _rule_based_detect
    sentiment_res = SentimentAnalysisService.analyze(text)
  File "C:\Users\HP\Documents\mindCompass\mindcompass-backend\ai\sentiment\services.py", line 68, in analyze
    em_res = EmotionDetectionService.detect(text)
  File "C:\Users\HP\Documents\mindCompass\mindcompass-backend\ai\emotions\services.py", line 27, in detect
    return cls._rule_based_detect(text)
           ~~~~~~~~~~~~~~~~~~~~~~^^^^^^
  File "C:\Users\HP\Documents\mindCompass\mindcompass-backend\ai\emotions\services.py", line 44, in _rule_based_detect
    sentiment_res = SentimentAnalysisService.analyze(text)
  File "C:\Users\HP\Documents\mindCompass\mindcompass-backend\ai\sentiment\services.py", line 68, in analyze
    em_res = EmotionDetectionService.detect(text)
  File "C:\Users\HP\Documents\mindCompass\mindcompass-backend\ai\emotions\services.py", line 27, in detect
    return cls._rule_based_detect(text)
           ~~~~~~~~~~~~~~~~~~~~~~^^^^^^
  File "C:\Users\HP\Documents\mindCompass\mindcompass-backend\ai\emotions\services.py", line 44, in _rule_based_detect
    sentiment_res = SentimentAnalysisService.analyze(text)
  File "C:\Users\HP\Documents\mindCompass\mindcompass-backend\ai\sentiment\services.py", line 68, in analyze
    em_res = EmotionDetectionService.detect(text)
  File "C:\Users\HP\Documents\mindCompass\mindcompass-backend\ai\emotions\services.py", line 27, in detect
    return cls._rule_based_detect(text)
           ~~~~~~~~~~~~~~~~~~~~~~^^^^^^
  File "C:\Users\HP\Documents\mindCompass\mindcompass-backend\ai\emotions\services.py", line 44, in _rule_based_detect
    sentiment_res = SentimentAnalysisService.analyze(text)
  File "C:\Users\HP\Documents\mindCompass\mindcompass-backend\ai\sentiment\services.py", line 68, in analyze
    em_res = EmotionDetectionService.detect(text)
  File "C:\Users\HP\Documents\mindCompass\mindcompass-backend\ai\emotions\services.py", line 27, in detect
    return cls._rule_based_detect(text)
           ~~~~~~~~~~~~~~~~~~~~~~^^^^^^
  File "C:\Users\HP\Documents\mindCompass\mindcompass-backend\ai\emotions\services.py", line 44, in _rule_based_detect
    sentiment_res = SentimentAnalysisService.analyze(text)
  File "C:\Users\HP\Documents\mindCompass\mindcompass-backend\ai\sentiment\services.py", line 68, in analyze
    em_res = EmotionDetectionService.detect(text)
  File "C:\Users\HP\Documents\mindCompass\mindcompass-backend\ai\emotions\services.py", line 27, in detect
    return cls._rule_based_detect(text)
           ~~~~~~~~~~~~~~~~~~~~~~^^^^^^
  File "C:\Users\HP\Documents\mindCompass\mindcompass-backend\ai\emotions\services.py", line 44, in _rule_based_detect
    sentiment_res = SentimentAnalysisService.analyze(text)
  File "C:\Users\HP\Documents\mindCompass\mindcompass-backend\ai\sentiment\services.py", line 68, in analyze
    em_res = EmotionDetectionService.detect(text)
  File "C:\Users\HP\Documents\mindCompass\mindcompass-backend\ai\emotions\services.py", line 27, in detect
    return cls._rule_based_detect(text)
           ~~~~~~~~~~~~~~~~~~~~~~^^^^^^
  File "C:\Users\HP\Documents\mindCompass\mindcompass-backend\ai\emotions\services.py", line 44, in _rule_based_detect
    sentiment_res = SentimentAnalysisService.analyze(text)
  File "C:\Users\HP\Documents\mindCompass\mindcompass-backend\ai\sentiment\services.py", line 68, in analyze
    em_res = EmotionDetectionService.detect(text)
  File "C:\Users\HP\Documents\mindCompass\mindcompass-backend\ai\emotions\services.py", line 27, in detect
    return cls._rule_based_detect(text)
           ~~~~~~~~~~~~~~~~~~~~~~^^^^^^
  File "C:\Users\HP\Documents\mindCompass\mindcompass-backend\ai\emotions\services.py", line 44, in _rule_based_detect
    sentiment_res = SentimentAnalysisService.analyze(text)
  File "C:\Users\HP\Documents\mindCompass\mindcompass-backend\ai\sentiment\services.py", line 68, in analyze
    em_res = EmotionDetectionService.detect(text)
  File "C:\Users\HP\Documents\mindCompass\mindcompass-backend\ai\emotions\services.py", line 27, in detect
    return cls._rule_based_detect(text)
           ~~~~~~~~~~~~~~~~~~~~~~^^^^^^
  File "C:\Users\HP\Documents\mindCompass\mindcompass-backend\ai\emotions\services.py", line 44, in _rule_based_detect
    sentiment_res = SentimentAnalysisService.analyze(text)
  File "C:\Users\HP\Documents\mindCompass\mindcompass-backend\ai\sentiment\services.py", line 68, in analyze
    em_res = EmotionDetectionService.detect(text)
  File "C:\Users\HP\Documents\mindCompass\mindcompass-backend\ai\emotions\services.py", line 27, in detect
    return cls._rule_based_detect(text)
           ~~~~~~~~~~~~~~~~~~~~~~^^^^^^
  File "C:\Users\HP\Documents\mindCompass\mindcompass-backend\ai\emotions\services.py", line 44, in _rule_based_detect
    sentiment_res = SentimentAnalysisService.analyze(text)
  File "C:\Users\HP\Documents\mindCompass\mindcompass-backend\ai\sentiment\services.py", line 68, in analyze
    em_res = EmotionDetectionService.detect(text)
  File "C:\Users\HP\Documents\mindCompass\mindcompass-backend\ai\emotions\services.py", line 27, in detect
    return cls._rule_based_detect(text)
           ~~~~~~~~~~~~~~~~~~~~~~^^^^^^
  File "C:\Users\HP\Documents\mindCompass\mindcompass-backend\ai\emotions\services.py", line 44, in _rule_based_detect
    sentiment_res = SentimentAnalysisService.analyze(text)
  File "C:\Users\HP\Documents\mindCompass\mindcompass-backend\ai\sentiment\services.py", line 68, in analyze
    em_res = EmotionDetectionService.detect(text)
  File "C:\Users\HP\Documents\mindCompass\mindcompass-backend\ai\emotions\services.py", line 27, in detect
    return cls._rule_based_detect(text)
           ~~~~~~~~~~~~~~~~~~~~~~^^^^^^
  File "C:\Users\HP\Documents\mindCompass\mindcompass-backend\ai\emotions\services.py", line 44, in _rule_based_detect
    sentiment_res = SentimentAnalysisService.analyze(text)
  File "C:\Users\HP\Documents\mindCompass\mindcompass-backend\ai\sentiment\services.py", line 68, in analyze
    em_res = EmotionDetectionService.detect(text)
  File "C:\Users\HP\Documents\mindCompass\mindcompass-backend\ai\emotions\services.py", line 27, in detect
    return cls._rule_based_detect(text)
           ~~~~~~~~~~~~~~~~~~~~~~^^^^^^
  File "C:\Users\HP\Documents\mindCompass\mindcompass-backend\ai\emotions\services.py", line 44, in _rule_based_detect
    sentiment_res = SentimentAnalysisService.analyze(text)
  File "C:\Users\HP\Documents\mindCompass\mindcompass-backend\ai\sentiment\services.py", line 68, in analyze
    em_res = EmotionDetectionService.detect(text)
  File "C:\Users\HP\Documents\mindCompass\mindcompass-backend\ai\emotions\services.py", line 27, in detect
    return cls._rule_based_detect(text)
           ~~~~~~~~~~~~~~~~~~~~~~^^^^^^
  File "C:\Users\HP\Documents\mindCompass\mindcompass-backend\ai\emotions\services.py", line 44, in _rule_based_detect
    sentiment_res = SentimentAnalysisService.analyze(text)
  File "C:\Users\HP\Documents\mindCompass\mindcompass-backend\ai\sentiment\services.py", line 68, in analyze
    em_res = EmotionDetectionService.detect(text)
  File "C:\Users\HP\Documents\mindCompass\mindcompass-backend\ai\emotions\services.py", line 27, in detect
    return cls._rule_based_detect(text)
           ~~~~~~~~~~~~~~~~~~~~~~^^^^^^
  File "C:\Users\HP\Documents\mindCompass\mindcompass-backend\ai\emotions\services.py", line 44, in _rule_based_detect
    sentiment_res = SentimentAnalysisService.analyze(text)
  File "C:\Users\HP\Documents\mindCompass\mindcompass-backend\ai\sentiment\services.py", line 68, in analyze
    em_res = EmotionDetectionService.detect(text)
  File "C:\Users\HP\Documents\mindCompass\mindcompass-backend\ai\emotions\services.py", line 27, in detect
    return cls._rule_based_detect(text)
           ~~~~~~~~~~~~~~~~~~~~~~^^^^^^
  File "C:\Users\HP\Documents\mindCompass\mindcompass-backend\ai\emotions\services.py", line 44, in _rule_based_detect
    sentiment_res = SentimentAnalysisService.analyze(text)
  File "C:\Users\HP\Documents\mindCompass\mindcompass-backend\ai\sentiment\services.py", line 68, in analyze
    em_res = EmotionDetectionService.detect(text)
  File "C:\Users\HP\Documents\mindCompass\mindcompass-backend\ai\emotions\services.py", line 27, in detect
    return cls._rule_based_detect(text)
           ~~~~~~~~~~~~~~~~~~~~~~^^^^^^
  File "C:\Users\HP\Documents\mindCompass\mindcompass-backend\ai\emotions\services.py", line 44, in _rule_based_detect
    sentiment_res = SentimentAnalysisService.analyze(text)
  File "C:\Users\HP\Documents\mindCompass\mindcompass-backend\ai\sentiment\services.py", line 68, in analyze
    em_res = EmotionDetectionService.detect(text)
  File "C:\Users\HP\Documents\mindCompass\mindcompass-backend\ai\emotions\services.py", line 27, in detect
    return cls._rule_based_detect(text)
           ~~~~~~~~~~~~~~~~~~~~~~^^^^^^
  File "C:\Users\HP\Documents\mindCompass\mindcompass-backend\ai\emotions\services.py", line 44, in _rule_based_detect
    sentiment_res = SentimentAnalysisService.analyze(text)
  File "C:\Users\HP\Documents\mindCompass\mindcompass-backend\ai\sentiment\services.py", line 68, in analyze
    em_res = EmotionDetectionService.detect(text)
  File "C:\Users\HP\Documents\mindCompass\mindcompass-backend\ai\emotions\services.py", line 27, in detect
    return cls._rule_based_detect(text)
           ~~~~~~~~~~~~~~~~~~~~~~^^^^^^
  File "C:\Users\HP\Documents\mindCompass\mindcompass-backend\ai\emotions\services.py", line 44, in _rule_based_detect
    sentiment_res = SentimentAnalysisService.analyze(text)
  File "C:\Users\HP\Documents\mindCompass\mindcompass-backend\ai\sentiment\services.py", line 68, in analyze
    em_res = EmotionDetectionService.detect(text)
  File "C:\Users\HP\Documents\mindCompass\mindcompass-backend\ai\emotions\services.py", line 27, in detect
    return cls._rule_based_detect(text)
           ~~~~~~~~~~~~~~~~~~~~~~^^^^^^
  File "C:\Users\HP\Documents\mindCompass\mindcompass-backend\ai\emotions\services.py", line 44, in _rule_based_detect
    sentiment_res = SentimentAnalysisService.analyze(text)
  File "C:\Users\HP\Documents\mindCompass\mindcompass-backend\ai\sentiment\services.py", line 68, in analyze
    em_res = EmotionDetectionService.detect(text)
  File "C:\Users\HP\Documents\mindCompass\mindcompass-backend\ai\emotions\services.py", line 27, in detect
    return cls._rule_based_detect(text)
           ~~~~~~~~~~~~~~~~~~~~~~^^^^^^
  File "C:\Users\HP\Documents\mindCompass\mindcompass-backend\ai\emotions\services.py", line 44, in _rule_based_detect
    sentiment_res = SentimentAnalysisService.analyze(text)
  File "C:\Users\HP\Documents\mindCompass\mindcompass-backend\ai\sentiment\services.py", line 68, in analyze
    em_res = EmotionDetectionService.detect(text)
  File "C:\Users\HP\Documents\mindCompass\mindcompass-backend\ai\emotions\services.py", line 27, in detect
    return cls._rule_based_detect(text)
           ~~~~~~~~~~~~~~~~~~~~~~^^^^^^
  File "C:\Users\HP\Documents\mindCompass\mindcompass-backend\ai\emotions\services.py", line 44, in _rule_based_detect
    sentiment_res = SentimentAnalysisService.analyze(text)
  File "C:\Users\HP\Documents\mindCompass\mindcompass-backend\ai\sentiment\services.py", line 68, in analyze
    em_res = EmotionDetectionService.detect(text)
  File "C:\Users\HP\Documents\mindCompass\mindcompass-backend\ai\emotions\services.py", line 27, in detect
    return cls._rule_based_detect(text)
           ~~~~~~~~~~~~~~~~~~~~~~^^^^^^
  File "C:\Users\HP\Documents\mindCompass\mindcompass-backend\ai\emotions\services.py", line 44, in _rule_based_detect
    sentiment_res = SentimentAnalysisService.analyze(text)
  File "C:\Users\HP\Documents\mindCompass\mindcompass-backend\ai\sentiment\services.py", line 68, in analyze
    em_res = EmotionDetectionService.detect(text)
  File "C:\Users\HP\Documents\mindCompass\mindcompass-backend\ai\emotions\services.py", line 27, in detect
    return cls._rule_based_detect(text)
           ~~~~~~~~~~~~~~~~~~~~~~^^^^^^
  File "C:\Users\HP\Documents\mindCompass\mindcompass-backend\ai\emotions\services.py", line 44, in _rule_based_detect
    sentiment_res = SentimentAnalysisService.analyze(text)
  File "C:\Users\HP\Documents\mindCompass\mindcompass-backend\ai\sentiment\services.py", line 68, in analyze
    em_res = EmotionDetectionService.detect(text)
  File "C:\Users\HP\Documents\mindCompass\mindcompass-backend\ai\emotions\services.py", line 27, in detect
    return cls._rule_based_detect(text)
           ~~~~~~~~~~~~~~~~~~~~~~^^^^^^
  File "C:\Users\HP\Documents\mindCompass\mindcompass-backend\ai\emotions\services.py", line 44, in _rule_based_detect
    sentiment_res = SentimentAnalysisService.analyze(text)
  File "C:\Users\HP\Documents\mindCompass\mindcompass-backend\ai\sentiment\services.py", line 68, in analyze
    em_res = EmotionDetectionService.detect(text)
  File "C:\Users\HP\Documents\mindCompass\mindcompass-backend\ai\emotions\services.py", line 27, in detect
    return cls._rule_based_detect(text)
           ~~~~~~~~~~~~~~~~~~~~~~^^^^^^
  File "C:\Users\HP\Documents\mindCompass\mindcompass-backend\ai\emotions\services.py", line 44, in _rule_based_detect
    sentiment_res = SentimentAnalysisService.analyze(text)
  File "C:\Users\HP\Documents\mindCompass\mindcompass-backend\ai\sentiment\services.py", line 68, in analyze
    em_res = EmotionDetectionService.detect(text)
  File "C:\Users\HP\Documents\mindCompass\mindcompass-backend\ai\emotions\services.py", line 27, in detect
    return cls._rule_based_detect(text)
           ~~~~~~~~~~~~~~~~~~~~~~^^^^^^
  File "C:\Users\HP\Documents\mindCompass\mindcompass-backend\ai\emotions\services.py", line 44, in _rule_based_detect
    sentiment_res = SentimentAnalysisService.analyze(text)
  File "C:\Users\HP\Documents\mindCompass\mindcompass-backend\ai\sentiment\services.py", line 68, in analyze
    em_res = EmotionDetectionService.detect(text)
  File "C:\Users\HP\Documents\mindCompass\mindcompass-backend\ai\emotions\services.py", line 27, in detect
    return cls._rule_based_detect(text)
           ~~~~~~~~~~~~~~~~~~~~~~^^^^^^
  File "C:\Users\HP\Documents\mindCompass\mindcompass-backend\ai\emotions\services.py", line 44, in _rule_based_detect
    sentiment_res = SentimentAnalysisService.analyze(text)
  File "C:\Users\HP\Documents\mindCompass\mindcompass-backend\ai\sentiment\services.py", line 68, in analyze
    em_res = EmotionDetectionService.detect(text)
  File "C:\Users\HP\Documents\mindCompass\mindcompass-backend\ai\emotions\services.py", line 27, in detect
    return cls._rule_based_detect(text)
           ~~~~~~~~~~~~~~~~~~~~~~^^^^^^
  File "C:\Users\HP\Documents\mindCompass\mindcompass-backend\ai\emotions\services.py", line 44, in _rule_based_detect
    sentiment_res = SentimentAnalysisService.analyze(text)
  File "C:\Users\HP\Documents\mindCompass\mindcompass-backend\ai\sentiment\services.py", line 68, in analyze
    em_res = EmotionDetectionService.detect(text)
  File "C:\Users\HP\Documents\mindCompass\mindcompass-backend\ai\emotions\services.py", line 27, in detect
    return cls._rule_based_detect(text)
           ~~~~~~~~~~~~~~~~~~~~~~^^^^^^
  File "C:\Users\HP\Documents\mindCompass\mindcompass-backend\ai\emotions\services.py", line 44, in _rule_based_detect
    sentiment_res = SentimentAnalysisService.analyze(text)
  File "C:\Users\HP\Documents\mindCompass\mindcompass-backend\ai\sentiment\services.py", line 68, in analyze
    em_res = EmotionDetectionService.detect(text)
  File "C:\Users\HP\Documents\mindCompass\mindcompass-backend\ai\emotions\services.py", line 27, in detect
    return cls._rule_based_detect(text)
           ~~~~~~~~~~~~~~~~~~~~~~^^^^^^
  File "C:\Users\HP\Documents\mindCompass\mindcompass-backend\ai\emotions\services.py", line 44, in _rule_based_detect
    sentiment_res = SentimentAnalysisService.analyze(text)
  File "C:\Users\HP\Documents\mindCompass\mindcompass-backend\ai\sentiment\services.py", line 68, in analyze
    em_res = EmotionDetectionService.detect(text)
  File "C:\Users\HP\Documents\mindCompass\mindcompass-backend\ai\emotions\services.py", line 27, in detect
    return cls._rule_based_detect(text)
           ~~~~~~~~~~~~~~~~~~~~~~^^^^^^
  File "C:\Users\HP\Documents\mindCompass\mindcompass-backend\ai\emotions\services.py", line 44, in _rule_based_detect
    sentiment_res = SentimentAnalysisService.analyze(text)
  File "C:\Users\HP\Documents\mindCompass\mindcompass-backend\ai\sentiment\services.py", line 68, in analyze
    em_res = EmotionDetectionService.detect(text)
  File "C:\Users\HP\Documents\mindCompass\mindcompass-backend\ai\emotions\services.py", line 27, in detect
    return cls._rule_based_detect(text)
           ~~~~~~~~~~~~~~~~~~~~~~^^^^^^
  File "C:\Users\HP\Documents\mindCompass\mindcompass-backend\ai\emotions\services.py", line 44, in _rule_based_detect
    sentiment_res = SentimentAnalysisService.analyze(text)
  File "C:\Users\HP\Documents\mindCompass\mindcompass-backend\ai\sentiment\services.py", line 68, in analyze
    em_res = EmotionDetectionService.detect(text)
  File "C:\Users\HP\Documents\mindCompass\mindcompass-backend\ai\emotions\services.py", line 27, in detect
    return cls._rule_based_detect(text)
           ~~~~~~~~~~~~~~~~~~~~~~^^^^^^
  File "C:\Users\HP\Documents\mindCompass\mindcompass-backend\ai\emotions\services.py", line 44, in _rule_based_detect
    sentiment_res = SentimentAnalysisService.analyze(text)
  File "C:\Users\HP\Documents\mindCompass\mindcompass-backend\ai\sentiment\services.py", line 68, in analyze
    em_res = EmotionDetectionService.detect(text)
  File "C:\Users\HP\Documents\mindCompass\mindcompass-backend\ai\emotions\services.py", line 27, in detect
    return cls._rule_based_detect(text)
           ~~~~~~~~~~~~~~~~~~~~~~^^^^^^
  File "C:\Users\HP\Documents\mindCompass\mindcompass-backend\ai\emotions\services.py", line 44, in _rule_based_detect
    sentiment_res = SentimentAnalysisService.analyze(text)
  File "C:\Users\HP\Documents\mindCompass\mindcompass-backend\ai\sentiment\services.py", line 68, in analyze
    em_res = EmotionDetectionService.detect(text)
  File "C:\Users\HP\Documents\mindCompass\mindcompass-backend\ai\emotions\services.py", line 27, in detect
    return cls._rule_based_detect(text)
           ~~~~~~~~~~~~~~~~~~~~~~^^^^^^
  File "C:\Users\HP\Documents\mindCompass\mindcompass-backend\ai\emotions\services.py", line 44, in _rule_based_detect
    sentiment_res = SentimentAnalysisService.analyze(text)
  File "C:\Users\HP\Documents\mindCompass\mindcompass-backend\ai\sentiment\services.py", line 68, in analyze
    em_res = EmotionDetectionService.detect(text)
  File "C:\Users\HP\Documents\mindCompass\mindcompass-backend\ai\emotions\services.py", line 27, in detect
    return cls._rule_based_detect(text)
           ~~~~~~~~~~~~~~~~~~~~~~^^^^^^
  File "C:\Users\HP\Documents\mindCompass\mindcompass-backend\ai\emotions\services.py", line 44, in _rule_based_detect
    sentiment_res = SentimentAnalysisService.analyze(text)
  File "C:\Users\HP\Documents\mindCompass\mindcompass-backend\ai\sentiment\services.py", line 68, in analyze
    em_res = EmotionDetectionService.detect(text)
  File "C:\Users\HP\Documents\mindCompass\mindcompass-backend\ai\emotions\services.py", line 27, in detect
    return cls._rule_based_detect(text)
           ~~~~~~~~~~~~~~~~~~~~~~^^^^^^
  File "C:\Users\HP\Documents\mindCompass\mindcompass-backend\ai\emotions\services.py", line 44, in _rule_based_detect
    sentiment_res = SentimentAnalysisService.analyze(text)
  File "C:\Users\HP\Documents\mindCompass\mindcompass-backend\ai\sentiment\services.py", line 68, in analyze
    em_res = EmotionDetectionService.detect(text)
  File "C:\Users\HP\Documents\mindCompass\mindcompass-backend\ai\emotions\services.py", line 27, in detect
    return cls._rule_based_detect(text)
           ~~~~~~~~~~~~~~~~~~~~~~^^^^^^
  File "C:\Users\HP\Documents\mindCompass\mindcompass-backend\ai\emotions\services.py", line 44, in _rule_based_detect
    sentiment_res = SentimentAnalysisService.analyze(text)
  File "C:\Users\HP\Documents\mindCompass\mindcompass-backend\ai\sentiment\services.py", line 68, in analyze
    em_res = EmotionDetectionService.detect(text)
  File "C:\Users\HP\Documents\mindCompass\mindcompass-backend\ai\emotions\services.py", line 27, in detect
    return cls._rule_based_detect(text)
           ~~~~~~~~~~~~~~~~~~~~~~^^^^^^
  File "C:\Users\HP\Documents\mindCompass\mindcompass-backend\ai\emotions\services.py", line 44, in _rule_based_detect
    sentiment_res = SentimentAnalysisService.analyze(text)
  File "C:\Users\HP\Documents\mindCompass\mindcompass-backend\ai\sentiment\services.py", line 68, in analyze
    em_res = EmotionDetectionService.detect(text)
  File "C:\Users\HP\Documents\mindCompass\mindcompass-backend\ai\emotions\services.py", line 27, in detect
    return cls._rule_based_detect(text)
           ~~~~~~~~~~~~~~~~~~~~~~^^^^^^
  File "C:\Users\HP\Documents\mindCompass\mindcompass-backend\ai\emotions\services.py", line 44, in _rule_based_detect
    sentiment_res = SentimentAnalysisService.analyze(text)
  File "C:\Users\HP\Documents\mindCompass\mindcompass-backend\ai\sentiment\services.py", line 68, in analyze
    em_res = EmotionDetectionService.detect(text)
  File "C:\Users\HP\Documents\mindCompass\mindcompass-backend\ai\emotions\services.py", line 27, in detect
    return cls._rule_based_detect(text)
           ~~~~~~~~~~~~~~~~~~~~~~^^^^^^
  File "C:\Users\HP\Documents\mindCompass\mindcompass-backend\ai\emotions\services.py", line 44, in _rule_based_detect
    sentiment_res = SentimentAnalysisService.analyze(text)
  File "C:\Users\HP\Documents\mindCompass\mindcompass-backend\ai\sentiment\services.py", line 68, in analyze
    em_res = EmotionDetectionService.detect(text)
  File "C:\Users\HP\Documents\mindCompass\mindcompass-backend\ai\emotions\services.py", line 27, in detect
    return cls._rule_based_detect(text)
           ~~~~~~~~~~~~~~~~~~~~~~^^^^^^
  File "C:\Users\HP\Documents\mindCompass\mindcompass-backend\ai\emotions\services.py", line 44, in _rule_based_detect
    sentiment_res = SentimentAnalysisService.analyze(text)
  File "C:\Users\HP\Documents\mindCompass\mindcompass-backend\ai\sentiment\services.py", line 68, in analyze
    em_res = EmotionDetectionService.detect(text)
  File "C:\Users\HP\Documents\mindCompass\mindcompass-backend\ai\emotions\services.py", line 27, in detect
    return cls._rule_based_detect(text)
           ~~~~~~~~~~~~~~~~~~~~~~^^^^^^
  File "C:\Users\HP\Documents\mindCompass\mindcompass-backend\ai\emotions\services.py", line 44, in _rule_based_detect
    sentiment_res = SentimentAnalysisService.analyze(text)
  File "C:\Users\HP\Documents\mindCompass\mindcompass-backend\ai\sentiment\services.py", line 68, in analyze
    em_res = EmotionDetectionService.detect(text)
  File "C:\Users\HP\Documents\mindCompass\mindcompass-backend\ai\emotions\services.py", line 27, in detect
    return cls._rule_based_detect(text)
           ~~~~~~~~~~~~~~~~~~~~~~^^^^^^
  File "C:\Users\HP\Documents\mindCompass\mindcompass-backend\ai\emotions\services.py", line 44, in _rule_based_detect
    sentiment_res = SentimentAnalysisService.analyze(text)
  File "C:\Users\HP\Documents\mindCompass\mindcompass-backend\ai\sentiment\services.py", line 68, in analyze
    em_res = EmotionDetectionService.detect(text)
  File "C:\Users\HP\Documents\mindCompass\mindcompass-backend\ai\emotions\services.py", line 27, in detect
    return cls._rule_based_detect(text)
           ~~~~~~~~~~~~~~~~~~~~~~^^^^^^
  File "C:\Users\HP\Documents\mindCompass\mindcompass-backend\ai\emotions\services.py", line 44, in _rule_based_detect
    sentiment_res = SentimentAnalysisService.analyze(text)
  File "C:\Users\HP\Documents\mindCompass\mindcompass-backend\ai\sentiment\services.py", line 68, in analyze
    em_res = EmotionDetectionService.detect(text)
  File "C:\Users\HP\Documents\mindCompass\mindcompass-backend\ai\emotions\services.py", line 27, in detect
    return cls._rule_based_detect(text)
           ~~~~~~~~~~~~~~~~~~~~~~^^^^^^
  File "C:\Users\HP\Documents\mindCompass\mindcompass-backend\ai\emotions\services.py", line 44, in _rule_based_detect
    sentiment_res = SentimentAnalysisService.analyze(text)
  File "C:\Users\HP\Documents\mindCompass\mindcompass-backend\ai\sentiment\services.py", line 68, in analyze
    em_res = EmotionDetectionService.detect(text)
  File "C:\Users\HP\Documents\mindCompass\mindcompass-backend\ai\emotions\services.py", line 27, in detect
    return cls._rule_based_detect(text)
           ~~~~~~~~~~~~~~~~~~~~~~^^^^^^
  File "C:\Users\HP\Documents\mindCompass\mindcompass-backend\ai\emotions\services.py", line 44, in _rule_based_detect
    sentiment_res = SentimentAnalysisService.analyze(text)
  File "C:\Users\HP\Documents\mindCompass\mindcompass-backend\ai\sentiment\services.py", line 68, in analyze
    em_res = EmotionDetectionService.detect(text)
  File "C:\Users\HP\Documents\mindCompass\mindcompass-backend\ai\emotions\services.py", line 27, in detect
    return cls._rule_based_detect(text)
           ~~~~~~~~~~~~~~~~~~~~~~^^^^^^
  File "C:\Users\HP\Documents\mindCompass\mindcompass-backend\ai\emotions\services.py", line 44, in _rule_based_detect
    sentiment_res = SentimentAnalysisService.analyze(text)
  File "C:\Users\HP\Documents\mindCompass\mindcompass-backend\ai\sentiment\services.py", line 68, in analyze
    em_res = EmotionDetectionService.detect(text)
  File "C:\Users\HP\Documents\mindCompass\mindcompass-backend\ai\emotions\services.py", line 27, in detect
    return cls._rule_based_detect(text)
           ~~~~~~~~~~~~~~~~~~~~~~^^^^^^
  File "C:\Users\HP\Documents\mindCompass\mindcompass-backend\ai\emotions\services.py", line 44, in _rule_based_detect
    sentiment_res = SentimentAnalysisService.analyze(text)
  File "C:\Users\HP\Documents\mindCompass\mindcompass-backend\ai\sentiment\services.py", line 68, in analyze
    em_res = EmotionDetectionService.detect(text)
  File "C:\Users\HP\Documents\mindCompass\mindcompass-backend\ai\emotions\services.py", line 27, in detect
    return cls._rule_based_detect(text)
           ~~~~~~~~~~~~~~~~~~~~~~^^^^^^
  File "C:\Users\HP\Documents\mindCompass\mindcompass-backend\ai\emotions\services.py", line 44, in _rule_based_detect
    sentiment_res = SentimentAnalysisService.analyze(text)
  File "C:\Users\HP\Documents\mindCompass\mindcompass-backend\ai\sentiment\services.py", line 68, in analyze
    em_res = EmotionDetectionService.detect(text)
  File "C:\Users\HP\Documents\mindCompass\mindcompass-backend\ai\emotions\services.py", line 27, in detect
    return cls._rule_based_detect(text)
           ~~~~~~~~~~~~~~~~~~~~~~^^^^^^
  File "C:\Users\HP\Documents\mindCompass\mindcompass-backend\ai\emotions\services.py", line 44, in _rule_based_detect
    sentiment_res = SentimentAnalysisService.analyze(text)
  File "C:\Users\HP\Documents\mindCompass\mindcompass-backend\ai\sentiment\services.py", line 68, in analyze
    em_res = EmotionDetectionService.detect(text)
  File "C:\Users\HP\Documents\mindCompass\mindcompass-backend\ai\emotions\services.py", line 27, in detect
    return cls._rule_based_detect(text)
           ~~~~~~~~~~~~~~~~~~~~~~^^^^^^
  File "C:\Users\HP\Documents\mindCompass\mindcompass-backend\ai\emotions\services.py", line 44, in _rule_based_detect
    sentiment_res = SentimentAnalysisService.analyze(text)
  File "C:\Users\HP\Documents\mindCompass\mindcompass-backend\ai\sentiment\services.py", line 68, in analyze
    em_res = EmotionDetectionService.detect(text)
  File "C:\Users\HP\Documents\mindCompass\mindcompass-backend\ai\emotions\services.py", line 27, in detect
    return cls._rule_based_detect(text)
           ~~~~~~~~~~~~~~~~~~~~~~^^^^^^
  File "C:\Users\HP\Documents\mindCompass\mindcompass-backend\ai\emotions\services.py", line 44, in _rule_based_detect
    sentiment_res = SentimentAnalysisService.analyze(text)
  File "C:\Users\HP\Documents\mindCompass\mindcompass-backend\ai\sentiment\services.py", line 68, in analyze
    em_res = EmotionDetectionService.detect(text)
  File "C:\Users\HP\Documents\mindCompass\mindcompass-backend\ai\emotions\services.py", line 27, in detect
    return cls._rule_based_detect(text)
           ~~~~~~~~~~~~~~~~~~~~~~^^^^^^
  File "C:\Users\HP\Documents\mindCompass\mindcompass-backend\ai\emotions\services.py", line 44, in _rule_based_detect
    sentiment_res = SentimentAnalysisService.analyze(text)
  File "C:\Users\HP\Documents\mindCompass\mindcompass-backend\ai\sentiment\services.py", line 68, in analyze
    em_res = EmotionDetectionService.detect(text)
  File "C:\Users\HP\Documents\mindCompass\mindcompass-backend\ai\emotions\services.py", line 27, in detect
    return cls._rule_based_detect(text)
           ~~~~~~~~~~~~~~~~~~~~~~^^^^^^
  File "C:\Users\HP\Documents\mindCompass\mindcompass-backend\ai\emotions\services.py", line 44, in _rule_based_detect
    sentiment_res = SentimentAnalysisService.analyze(text)
  File "C:\Users\HP\Documents\mindCompass\mindcompass-backend\ai\sentiment\services.py", line 68, in analyze
    em_res = EmotionDetectionService.detect(text)
  File "C:\Users\HP\Documents\mindCompass\mindcompass-backend\ai\emotions\services.py", line 27, in detect
    return cls._rule_based_detect(text)
           ~~~~~~~~~~~~~~~~~~~~~~^^^^^^
  File "C:\Users\HP\Documents\mindCompass\mindcompass-backend\ai\emotions\services.py", line 44, in _rule_based_detect
    sentiment_res = SentimentAnalysisService.analyze(text)
  File "C:\Users\HP\Documents\mindCompass\mindcompass-backend\ai\sentiment\services.py", line 68, in analyze
    em_res = EmotionDetectionService.detect(text)
  File "C:\Users\HP\Documents\mindCompass\mindcompass-backend\ai\emotions\services.py", line 27, in detect
    return cls._rule_based_detect(text)
           ~~~~~~~~~~~~~~~~~~~~~~^^^^^^
  File "C:\Users\HP\Documents\mindCompass\mindcompass-backend\ai\emotions\services.py", line 44, in _rule_based_detect
    sentiment_res = SentimentAnalysisService.analyze(text)
  File "C:\Users\HP\Documents\mindCompass\mindcompass-backend\ai\sentiment\services.py", line 68, in analyze
    em_res = EmotionDetectionService.detect(text)
  File "C:\Users\HP\Documents\mindCompass\mindcompass-backend\ai\emotions\services.py", line 27, in detect
    return cls._rule_based_detect(text)
           ~~~~~~~~~~~~~~~~~~~~~~^^^^^^
  File "C:\Users\HP\Documents\mindCompass\mindcompass-backend\ai\emotions\services.py", line 44, in _rule_based_detect
    sentiment_res = SentimentAnalysisService.analyze(text)
  File "C:\Users\HP\Documents\mindCompass\mindcompass-backend\ai\sentiment\services.py", line 68, in analyze
    em_res = EmotionDetectionService.detect(text)
  File "C:\Users\HP\Documents\mindCompass\mindcompass-backend\ai\emotions\services.py", line 27, in detect
    return cls._rule_based_detect(text)
           ~~~~~~~~~~~~~~~~~~~~~~^^^^^^
  File "C:\Users\HP\Documents\mindCompass\mindcompass-backend\ai\emotions\services.py", line 44, in _rule_based_detect
    sentiment_res = SentimentAnalysisService.analyze(text)
  File "C:\Users\HP\Documents\mindCompass\mindcompass-backend\ai\sentiment\services.py", line 68, in analyze
    em_res = EmotionDetectionService.detect(text)
  File "C:\Users\HP\Documents\mindCompass\mindcompass-backend\ai\emotions\services.py", line 27, in detect
    return cls._rule_based_detect(text)
           ~~~~~~~~~~~~~~~~~~~~~~^^^^^^
  File "C:\Users\HP\Documents\mindCompass\mindcompass-backend\ai\emotions\services.py", line 44, in _rule_based_detect
    sentiment_res = SentimentAnalysisService.analyze(text)
  File "C:\Users\HP\Documents\mindCompass\mindcompass-backend\ai\sentiment\services.py", line 68, in analyze
    em_res = EmotionDetectionService.detect(text)
  File "C:\Users\HP\Documents\mindCompass\mindcompass-backend\ai\emotions\services.py", line 27, in detect
    return cls._rule_based_detect(text)
           ~~~~~~~~~~~~~~~~~~~~~~^^^^^^
  File "C:\Users\HP\Documents\mindCompass\mindcompass-backend\ai\emotions\services.py", line 44, in _rule_based_detect
    sentiment_res = SentimentAnalysisService.analyze(text)
  File "C:\Users\HP\Documents\mindCompass\mindcompass-backend\ai\sentiment\services.py", line 68, in analyze
    em_res = EmotionDetectionService.detect(text)
  File "C:\Users\HP\Documents\mindCompass\mindcompass-backend\ai\emotions\services.py", line 27, in detect
    return cls._rule_based_detect(text)
           ~~~~~~~~~~~~~~~~~~~~~~^^^^^^
  File "C:\Users\HP\Documents\mindCompass\mindcompass-backend\ai\emotions\services.py", line 44, in _rule_based_detect
    sentiment_res = SentimentAnalysisService.analyze(text)
  File "C:\Users\HP\Documents\mindCompass\mindcompass-backend\ai\sentiment\services.py", line 68, in analyze
    em_res = EmotionDetectionService.detect(text)
  File "C:\Users\HP\Documents\mindCompass\mindcompass-backend\ai\emotions\services.py", line 27, in detect
    return cls._rule_based_detect(text)
           ~~~~~~~~~~~~~~~~~~~~~~^^^^^^
  File "C:\Users\HP\Documents\mindCompass\mindcompass-backend\ai\emotions\services.py", line 44, in _rule_based_detect
    sentiment_res = SentimentAnalysisService.analyze(text)
  File "C:\Users\HP\Documents\mindCompass\mindcompass-backend\ai\sentiment\services.py", line 68, in analyze
    em_res = EmotionDetectionService.detect(text)
  File "C:\Users\HP\Documents\mindCompass\mindcompass-backend\ai\emotions\services.py", line 27, in detect
    return cls._rule_based_detect(text)
           ~~~~~~~~~~~~~~~~~~~~~~^^^^^^
  File "C:\Users\HP\Documents\mindCompass\mindcompass-backend\ai\emotions\services.py", line 44, in _rule_based_detect
    sentiment_res = SentimentAnalysisService.analyze(text)
  File "C:\Users\HP\Documents\mindCompass\mindcompass-backend\ai\sentiment\services.py", line 68, in analyze
    em_res = EmotionDetectionService.detect(text)
  File "C:\Users\HP\Documents\mindCompass\mindcompass-backend\ai\emotions\services.py", line 27, in detect
    return cls._rule_based_detect(text)
           ~~~~~~~~~~~~~~~~~~~~~~^^^^^^
  File "C:\Users\HP\Documents\mindCompass\mindcompass-backend\ai\emotions\services.py", line 44, in _rule_based_detect
    sentiment_res = SentimentAnalysisService.analyze(text)
  File "C:\Users\HP\Documents\mindCompass\mindcompass-backend\ai\sentiment\services.py", line 68, in analyze
    em_res = EmotionDetectionService.detect(text)
  File "C:\Users\HP\Documents\mindCompass\mindcompass-backend\ai\emotions\services.py", line 27, in detect
    return cls._rule_based_detect(text)
           ~~~~~~~~~~~~~~~~~~~~~~^^^^^^
  File "C:\Users\HP\Documents\mindCompass\mindcompass-backend\ai\emotions\services.py", line 44, in _rule_based_detect
    sentiment_res = SentimentAnalysisService.analyze(text)
  File "C:\Users\HP\Documents\mindCompass\mindcompass-backend\ai\sentiment\services.py", line 68, in analyze
    em_res = EmotionDetectionService.detect(text)
  File "C:\Users\HP\Documents\mindCompass\mindcompass-backend\ai\emotions\services.py", line 27, in detect
    return cls._rule_based_detect(text)
           ~~~~~~~~~~~~~~~~~~~~~~^^^^^^
  File "C:\Users\HP\Documents\mindCompass\mindcompass-backend\ai\emotions\services.py", line 44, in _rule_based_detect
    sentiment_res = SentimentAnalysisService.analyze(text)
  File "C:\Users\HP\Documents\mindCompass\mindcompass-backend\ai\sentiment\services.py", line 68, in analyze
    em_res = EmotionDetectionService.detect(text)
  File "C:\Users\HP\Documents\mindCompass\mindcompass-backend\ai\emotions\services.py", line 27, in detect
    return cls._rule_based_detect(text)
           ~~~~~~~~~~~~~~~~~~~~~~^^^^^^
  File "C:\Users\HP\Documents\mindCompass\mindcompass-backend\ai\emotions\services.py", line 44, in _rule_based_detect
    sentiment_res = SentimentAnalysisService.analyze(text)
  File "C:\Users\HP\Documents\mindCompass\mindcompass-backend\ai\sentiment\services.py", line 68, in analyze
    em_res = EmotionDetectionService.detect(text)
  File "C:\Users\HP\Documents\mindCompass\mindcompass-backend\ai\emotions\services.py", line 27, in detect
    return cls._rule_based_detect(text)
           ~~~~~~~~~~~~~~~~~~~~~~^^^^^^
  File "C:\Users\HP\Documents\mindCompass\mindcompass-backend\ai\emotions\services.py", line 44, in _rule_based_detect
    sentiment_res = SentimentAnalysisService.analyze(text)
  File "C:\Users\HP\Documents\mindCompass\mindcompass-backend\ai\sentiment\services.py", line 68, in analyze
    em_res = EmotionDetectionService.detect(text)
  File "C:\Users\HP\Documents\mindCompass\mindcompass-backend\ai\emotions\services.py", line 27, in detect
    return cls._rule_based_detect(text)
           ~~~~~~~~~~~~~~~~~~~~~~^^^^^^
  File "C:\Users\HP\Documents\mindCompass\mindcompass-backend\ai\emotions\services.py", line 44, in _rule_based_detect
    sentiment_res = SentimentAnalysisService.analyze(text)
  File "C:\Users\HP\Documents\mindCompass\mindcompass-backend\ai\sentiment\services.py", line 68, in analyze
    em_res = EmotionDetectionService.detect(text)
  File "C:\Users\HP\Documents\mindCompass\mindcompass-backend\ai\emotions\services.py", line 27, in detect
    return cls._rule_based_detect(text)
           ~~~~~~~~~~~~~~~~~~~~~~^^^^^^
  File "C:\Users\HP\Documents\mindCompass\mindcompass-backend\ai\emotions\services.py", line 44, in _rule_based_detect
    sentiment_res = SentimentAnalysisService.analyze(text)
  File "C:\Users\HP\Documents\mindCompass\mindcompass-backend\ai\sentiment\services.py", line 68, in analyze
    em_res = EmotionDetectionService.detect(text)
  File "C:\Users\HP\Documents\mindCompass\mindcompass-backend\ai\emotions\services.py", line 27, in detect
    return cls._rule_based_detect(text)
           ~~~~~~~~~~~~~~~~~~~~~~^^^^^^
  File "C:\Users\HP\Documents\mindCompass\mindcompass-backend\ai\emotions\services.py", line 44, in _rule_based_detect
    sentiment_res = SentimentAnalysisService.analyze(text)
  File "C:\Users\HP\Documents\mindCompass\mindcompass-backend\ai\sentiment\services.py", line 68, in analyze
    em_res = EmotionDetectionService.detect(text)
  File "C:\Users\HP\Documents\mindCompass\mindcompass-backend\ai\emotions\services.py", line 27, in detect
    return cls._rule_based_detect(text)
           ~~~~~~~~~~~~~~~~~~~~~~^^^^^^
  File "C:\Users\HP\Documents\mindCompass\mindcompass-backend\ai\emotions\services.py", line 44, in _rule_based_detect
    sentiment_res = SentimentAnalysisService.analyze(text)
  File "C:\Users\HP\Documents\mindCompass\mindcompass-backend\ai\sentiment\services.py", line 68, in analyze
    em_res = EmotionDetectionService.detect(text)
  File "C:\Users\HP\Documents\mindCompass\mindcompass-backend\ai\emotions\services.py", line 27, in detect
    return cls._rule_based_detect(text)
           ~~~~~~~~~~~~~~~~~~~~~~^^^^^^
  File "C:\Users\HP\Documents\mindCompass\mindcompass-backend\ai\emotions\services.py", line 44, in _rule_based_detect
    sentiment_res = SentimentAnalysisService.analyze(text)
  File "C:\Users\HP\Documents\mindCompass\mindcompass-backend\ai\sentiment\services.py", line 68, in analyze
    em_res = EmotionDetectionService.detect(text)
  File "C:\Users\HP\Documents\mindCompass\mindcompass-backend\ai\emotions\services.py", line 27, in detect
    return cls._rule_based_detect(text)
           ~~~~~~~~~~~~~~~~~~~~~~^^^^^^
  File "C:\Users\HP\Documents\mindCompass\mindcompass-backend\ai\emotions\services.py", line 44, in _rule_based_detect
    sentiment_res = SentimentAnalysisService.analyze(text)
  File "C:\Users\HP\Documents\mindCompass\mindcompass-backend\ai\sentiment\services.py", line 68, in analyze
    em_res = EmotionDetectionService.detect(text)
  File "C:\Users\HP\Documents\mindCompass\mindcompass-backend\ai\emotions\services.py", line 27, in detect
    return cls._rule_based_detect(text)
           ~~~~~~~~~~~~~~~~~~~~~~^^^^^^
  File "C:\Users\HP\Documents\mindCompass\mindcompass-backend\ai\emotions\services.py", line 44, in _rule_based_detect
    sentiment_res = SentimentAnalysisService.analyze(text)
  File "C:\Users\HP\Documents\mindCompass\mindcompass-backend\ai\sentiment\services.py", line 68, in analyze
    em_res = EmotionDetectionService.detect(text)
  File "C:\Users\HP\Documents\mindCompass\mindcompass-backend\ai\emotions\services.py", line 27, in detect
    return cls._rule_based_detect(text)
           ~~~~~~~~~~~~~~~~~~~~~~^^^^^^
  File "C:\Users\HP\Documents\mindCompass\mindcompass-backend\ai\emotions\services.py", line 44, in _rule_based_detect
    sentiment_res = SentimentAnalysisService.analyze(text)
  File "C:\Users\HP\Documents\mindCompass\mindcompass-backend\ai\sentiment\services.py", line 68, in analyze
    em_res = EmotionDetectionService.detect(text)
  File "C:\Users\HP\Documents\mindCompass\mindcompass-backend\ai\emotions\services.py", line 27, in detect
    return cls._rule_based_detect(text)
           ~~~~~~~~~~~~~~~~~~~~~~^^^^^^
  File "C:\Users\HP\Documents\mindCompass\mindcompass-backend\ai\emotions\services.py", line 44, in _rule_based_detect
    sentiment_res = SentimentAnalysisService.analyze(text)
  File "C:\Users\HP\Documents\mindCompass\mindcompass-backend\ai\sentiment\services.py", line 68, in analyze
    em_res = EmotionDetectionService.detect(text)
  File "C:\Users\HP\Documents\mindCompass\mindcompass-backend\ai\emotions\services.py", line 27, in detect
    return cls._rule_based_detect(text)
           ~~~~~~~~~~~~~~~~~~~~~~^^^^^^
  File "C:\Users\HP\Documents\mindCompass\mindcompass-backend\ai\emotions\services.py", line 44, in _rule_based_detect
    sentiment_res = SentimentAnalysisService.analyze(text)
  File "C:\Users\HP\Documents\mindCompass\mindcompass-backend\ai\sentiment\services.py", line 68, in analyze
    em_res = EmotionDetectionService.detect(text)
  File "C:\Users\HP\Documents\mindCompass\mindcompass-backend\ai\emotions\services.py", line 27, in detect
    return cls._rule_based_detect(text)
           ~~~~~~~~~~~~~~~~~~~~~~^^^^^^
  File "C:\Users\HP\Documents\mindCompass\mindcompass-backend\ai\emotions\services.py", line 44, in _rule_based_detect
    sentiment_res = SentimentAnalysisService.analyze(text)
  File "C:\Users\HP\Documents\mindCompass\mindcompass-backend\ai\sentiment\services.py", line 68, in analyze
    em_res = EmotionDetectionService.detect(text)
  File "C:\Users\HP\Documents\mindCompass\mindcompass-backend\ai\emotions\services.py", line 27, in detect
    return cls._rule_based_detect(text)
           ~~~~~~~~~~~~~~~~~~~~~~^^^^^^
  File "C:\Users\HP\Documents\mindCompass\mindcompass-backend\ai\emotions\services.py", line 44, in _rule_based_detect
    sentiment_res = SentimentAnalysisService.analyze(text)
  File "C:\Users\HP\Documents\mindCompass\mindcompass-backend\ai\sentiment\services.py", line 68, in analyze
    em_res = EmotionDetectionService.detect(text)
  File "C:\Users\HP\Documents\mindCompass\mindcompass-backend\ai\emotions\services.py", line 27, in detect
    return cls._rule_based_detect(text)
           ~~~~~~~~~~~~~~~~~~~~~~^^^^^^
  File "C:\Users\HP\Documents\mindCompass\mindcompass-backend\ai\emotions\services.py", line 44, in _rule_based_detect
    sentiment_res = SentimentAnalysisService.analyze(text)
  File "C:\Users\HP\Documents\mindCompass\mindcompass-backend\ai\sentiment\services.py", line 68, in analyze
    em_res = EmotionDetectionService.detect(text)
  File "C:\Users\HP\Documents\mindCompass\mindcompass-backend\ai\emotions\services.py", line 27, in detect
    return cls._rule_based_detect(text)
           ~~~~~~~~~~~~~~~~~~~~~~^^^^^^
  File "C:\Users\HP\Documents\mindCompass\mindcompass-backend\ai\emotions\services.py", line 44, in _rule_based_detect
    sentiment_res = SentimentAnalysisService.analyze(text)
  File "C:\Users\HP\Documents\mindCompass\mindcompass-backend\ai\sentiment\services.py", line 68, in analyze
    em_res = EmotionDetectionService.detect(text)
  File "C:\Users\HP\Documents\mindCompass\mindcompass-backend\ai\emotions\services.py", line 27, in detect
    return cls._rule_based_detect(text)
           ~~~~~~~~~~~~~~~~~~~~~~^^^^^^
  File "C:\Users\HP\Documents\mindCompass\mindcompass-backend\ai\emotions\services.py", line 44, in _rule_based_detect
    sentiment_res = SentimentAnalysisService.analyze(text)
  File "C:\Users\HP\Documents\mindCompass\mindcompass-backend\ai\sentiment\services.py", line 68, in analyze
    em_res = EmotionDetectionService.detect(text)
  File "C:\Users\HP\Documents\mindCompass\mindcompass-backend\ai\emotions\services.py", line 27, in detect
    return cls._rule_based_detect(text)
           ~~~~~~~~~~~~~~~~~~~~~~^^^^^^
  File "C:\Users\HP\Documents\mindCompass\mindcompass-backend\ai\emotions\services.py", line 44, in _rule_based_detect
    sentiment_res = SentimentAnalysisService.analyze(text)
  File "C:\Users\HP\Documents\mindCompass\mindcompass-backend\ai\sentiment\services.py", line 68, in analyze
    em_res = EmotionDetectionService.detect(text)
  File "C:\Users\HP\Documents\mindCompass\mindcompass-backend\ai\emotions\services.py", line 27, in detect
    return cls._rule_based_detect(text)
           ~~~~~~~~~~~~~~~~~~~~~~^^^^^^
  File "C:\Users\HP\Documents\mindCompass\mindcompass-backend\ai\emotions\services.py", line 44, in _rule_based_detect
    sentiment_res = SentimentAnalysisService.analyze(text)
  File "C:\Users\HP\Documents\mindCompass\mindcompass-backend\ai\sentiment\services.py", line 68, in analyze
    em_res = EmotionDetectionService.detect(text)
  File "C:\Users\HP\Documents\mindCompass\mindcompass-backend\ai\emotions\services.py", line 27, in detect
    return cls._rule_based_detect(text)
           ~~~~~~~~~~~~~~~~~~~~~~^^^^^^
  File "C:\Users\HP\Documents\mindCompass\mindcompass-backend\ai\emotions\services.py", line 44, in _rule_based_detect
    sentiment_res = SentimentAnalysisService.analyze(text)
  File "C:\Users\HP\Documents\mindCompass\mindcompass-backend\ai\sentiment\services.py", line 68, in analyze
    em_res = EmotionDetectionService.detect(text)
  File "C:\Users\HP\Documents\mindCompass\mindcompass-backend\ai\emotions\services.py", line 27, in detect
    return cls._rule_based_detect(text)
           ~~~~~~~~~~~~~~~~~~~~~~^^^^^^
  File "C:\Users\HP\Documents\mindCompass\mindcompass-backend\ai\emotions\services.py", line 44, in _rule_based_detect
    sentiment_res = SentimentAnalysisService.analyze(text)
  File "C:\Users\HP\Documents\mindCompass\mindcompass-backend\ai\sentiment\services.py", line 68, in analyze
    em_res = EmotionDetectionService.detect(text)
  File "C:\Users\HP\Documents\mindCompass\mindcompass-backend\ai\emotions\services.py", line 27, in detect
    return cls._rule_based_detect(text)
           ~~~~~~~~~~~~~~~~~~~~~~^^^^^^
  File "C:\Users\HP\Documents\mindCompass\mindcompass-backend\ai\emotions\services.py", line 44, in _rule_based_detect
    sentiment_res = SentimentAnalysisService.analyze(text)
  File "C:\Users\HP\Documents\mindCompass\mindcompass-backend\ai\sentiment\services.py", line 68, in analyze
    em_res = EmotionDetectionService.detect(text)
  File "C:\Users\HP\Documents\mindCompass\mindcompass-backend\ai\emotions\services.py", line 27, in detect
    return cls._rule_based_detect(text)
           ~~~~~~~~~~~~~~~~~~~~~~^^^^^^
  File "C:\Users\HP\Documents\mindCompass\mindcompass-backend\ai\emotions\services.py", line 44, in _rule_based_detect
    sentiment_res = SentimentAnalysisService.analyze(text)
  File "C:\Users\HP\Documents\mindCompass\mindcompass-backend\ai\sentiment\services.py", line 68, in analyze
    em_res = EmotionDetectionService.detect(text)
  File "C:\Users\HP\Documents\mindCompass\mindcompass-backend\ai\emotions\services.py", line 27, in detect
    return cls._rule_based_detect(text)
           ~~~~~~~~~~~~~~~~~~~~~~^^^^^^
  File "C:\Users\HP\Documents\mindCompass\mindcompass-backend\ai\emotions\services.py", line 44, in _rule_based_detect
    sentiment_res = SentimentAnalysisService.analyze(text)
  File "C:\Users\HP\Documents\mindCompass\mindcompass-backend\ai\sentiment\services.py", line 68, in analyze
    em_res = EmotionDetectionService.detect(text)
  File "C:\Users\HP\Documents\mindCompass\mindcompass-backend\ai\emotions\services.py", line 27, in detect
    return cls._rule_based_detect(text)
           ~~~~~~~~~~~~~~~~~~~~~~^^^^^^
  File "C:\Users\HP\Documents\mindCompass\mindcompass-backend\ai\emotions\services.py", line 44, in _rule_based_detect
    sentiment_res = SentimentAnalysisService.analyze(text)
  File "C:\Users\HP\Documents\mindCompass\mindcompass-backend\ai\sentiment\services.py", line 68, in analyze
    em_res = EmotionDetectionService.detect(text)
  File "C:\Users\HP\Documents\mindCompass\mindcompass-backend\ai\emotions\services.py", line 27, in detect
    return cls._rule_based_detect(text)
           ~~~~~~~~~~~~~~~~~~~~~~^^^^^^
  File "C:\Users\HP\Documents\mindCompass\mindcompass-backend\ai\emotions\services.py", line 44, in _rule_based_detect
    sentiment_res = SentimentAnalysisService.analyze(text)
  File "C:\Users\HP\Documents\mindCompass\mindcompass-backend\ai\sentiment\services.py", line 68, in analyze
    em_res = EmotionDetectionService.detect(text)
  File "C:\Users\HP\Documents\mindCompass\mindcompass-backend\ai\emotions\services.py", line 27, in detect
    return cls._rule_based_detect(text)
           ~~~~~~~~~~~~~~~~~~~~~~^^^^^^
  File "C:\Users\HP\Documents\mindCompass\mindcompass-backend\ai\emotions\services.py", line 44, in _rule_based_detect
    sentiment_res = SentimentAnalysisService.analyze(text)
  File "C:\Users\HP\Documents\mindCompass\mindcompass-backend\ai\sentiment\services.py", line 68, in analyze
    em_res = EmotionDetectionService.detect(text)
  File "C:\Users\HP\Documents\mindCompass\mindcompass-backend\ai\emotions\services.py", line 27, in detect
    return cls._rule_based_detect(text)
           ~~~~~~~~~~~~~~~~~~~~~~^^^^^^
  File "C:\Users\HP\Documents\mindCompass\mindcompass-backend\ai\emotions\services.py", line 44, in _rule_based_detect
    sentiment_res = SentimentAnalysisService.analyze(text)
  File "C:\Users\HP\Documents\mindCompass\mindcompass-backend\ai\sentiment\services.py", line 68, in analyze
    em_res = EmotionDetectionService.detect(text)
  File "C:\Users\HP\Documents\mindCompass\mindcompass-backend\ai\emotions\services.py", line 27, in detect
    return cls._rule_based_detect(text)
           ~~~~~~~~~~~~~~~~~~~~~~^^^^^^
  File "C:\Users\HP\Documents\mindCompass\mindcompass-backend\ai\emotions\services.py", line 44, in _rule_based_detect
    sentiment_res = SentimentAnalysisService.analyze(text)
  File "C:\Users\HP\Documents\mindCompass\mindcompass-backend\ai\sentiment\services.py", line 68, in analyze
    em_res = EmotionDetectionService.detect(text)
  File "C:\Users\HP\Documents\mindCompass\mindcompass-backend\ai\emotions\services.py", line 27, in detect
    return cls._rule_based_detect(text)
           ~~~~~~~~~~~~~~~~~~~~~~^^^^^^
  File "C:\Users\HP\Documents\mindCompass\mindcompass-backend\ai\emotions\services.py", line 44, in _rule_based_detect
    sentiment_res = SentimentAnalysisService.analyze(text)
  File "C:\Users\HP\Documents\mindCompass\mindcompass-backend\ai\sentiment\services.py", line 68, in analyze
    em_res = EmotionDetectionService.detect(text)
  File "C:\Users\HP\Documents\mindCompass\mindcompass-backend\ai\emotions\services.py", line 27, in detect
    return cls._rule_based_detect(text)
           ~~~~~~~~~~~~~~~~~~~~~~^^^^^^
  File "C:\Users\HP\Documents\mindCompass\mindcompass-backend\ai\emotions\services.py", line 44, in _rule_based_detect
    sentiment_res = SentimentAnalysisService.analyze(text)
  File "C:\Users\HP\Documents\mindCompass\mindcompass-backend\ai\sentiment\services.py", line 68, in analyze
    em_res = EmotionDetectionService.detect(text)
  File "C:\Users\HP\Documents\mindCompass\mindcompass-backend\ai\emotions\services.py", line 27, in detect
    return cls._rule_based_detect(text)
           ~~~~~~~~~~~~~~~~~~~~~~^^^^^^
  File "C:\Users\HP\Documents\mindCompass\mindcompass-backend\ai\emotions\services.py", line 44, in _rule_based_detect
    sentiment_res = SentimentAnalysisService.analyze(text)
  File "C:\Users\HP\Documents\mindCompass\mindcompass-backend\ai\sentiment\services.py", line 68, in analyze
    em_res = EmotionDetectionService.detect(text)
  File "C:\Users\HP\Documents\mindCompass\mindcompass-backend\ai\emotions\services.py", line 27, in detect
    return cls._rule_based_detect(text)
           ~~~~~~~~~~~~~~~~~~~~~~^^^^^^
  File "C:\Users\HP\Documents\mindCompass\mindcompass-backend\ai\emotions\services.py", line 44, in _rule_based_detect
    sentiment_res = SentimentAnalysisService.analyze(text)
  File "C:\Users\HP\Documents\mindCompass\mindcompass-backend\ai\sentiment\services.py", line 68, in analyze
    em_res = EmotionDetectionService.detect(text)
  File "C:\Users\HP\Documents\mindCompass\mindcompass-backend\ai\emotions\services.py", line 27, in detect
    return cls._rule_based_detect(text)
           ~~~~~~~~~~~~~~~~~~~~~~^^^^^^
  File "C:\Users\HP\Documents\mindCompass\mindcompass-backend\ai\emotions\services.py", line 44, in _rule_based_detect
    sentiment_res = SentimentAnalysisService.analyze(text)
  File "C:\Users\HP\Documents\mindCompass\mindcompass-backend\ai\sentiment\services.py", line 68, in analyze
    em_res = EmotionDetectionService.detect(text)
  File "C:\Users\HP\Documents\mindCompass\mindcompass-backend\ai\emotions\services.py", line 27, in detect
    return cls._rule_based_detect(text)
           ~~~~~~~~~~~~~~~~~~~~~~^^^^^^
  File "C:\Users\HP\Documents\mindCompass\mindcompass-backend\ai\emotions\services.py", line 44, in _rule_based_detect
    sentiment_res = SentimentAnalysisService.analyze(text)
  File "C:\Users\HP\Documents\mindCompass\mindcompass-backend\ai\sentiment\services.py", line 68, in analyze
    em_res = EmotionDetectionService.detect(text)
  File "C:\Users\HP\Documents\mindCompass\mindcompass-backend\ai\emotions\services.py", line 27, in detect
    return cls._rule_based_detect(text)
           ~~~~~~~~~~~~~~~~~~~~~~^^^^^^
  File "C:\Users\HP\Documents\mindCompass\mindcompass-backend\ai\emotions\services.py", line 44, in _rule_based_detect
    sentiment_res = SentimentAnalysisService.analyze(text)
  File "C:\Users\HP\Documents\mindCompass\mindcompass-backend\ai\sentiment\services.py", line 68, in analyze
    em_res = EmotionDetectionService.detect(text)
  File "C:\Users\HP\Documents\mindCompass\mindcompass-backend\ai\emotions\services.py", line 27, in detect
    return cls._rule_based_detect(text)
           ~~~~~~~~~~~~~~~~~~~~~~^^^^^^
  File "C:\Users\HP\Documents\mindCompass\mindcompass-backend\ai\emotions\services.py", line 44, in _rule_based_detect
    sentiment_res = SentimentAnalysisService.analyze(text)
  File "C:\Users\HP\Documents\mindCompass\mindcompass-backend\ai\sentiment\services.py", line 68, in analyze
    em_res = EmotionDetectionService.detect(text)
  File "C:\Users\HP\Documents\mindCompass\mindcompass-backend\ai\emotions\services.py", line 27, in detect
    return cls._rule_based_detect(text)
           ~~~~~~~~~~~~~~~~~~~~~~^^^^^^
  File "C:\Users\HP\Documents\mindCompass\mindcompass-backend\ai\emotions\services.py", line 44, in _rule_based_detect
    sentiment_res = SentimentAnalysisService.analyze(text)
  File "C:\Users\HP\Documents\mindCompass\mindcompass-backend\ai\sentiment\services.py", line 68, in analyze
    em_res = EmotionDetectionService.detect(text)
  File "C:\Users\HP\Documents\mindCompass\mindcompass-backend\ai\emotions\services.py", line 27, in detect
    return cls._rule_based_detect(text)
           ~~~~~~~~~~~~~~~~~~~~~~^^^^^^
  File "C:\Users\HP\Documents\mindCompass\mindcompass-backend\ai\emotions\services.py", line 44, in _rule_based_detect
    sentiment_res = SentimentAnalysisService.analyze(text)
  File "C:\Users\HP\Documents\mindCompass\mindcompass-backend\ai\sentiment\services.py", line 68, in analyze
    em_res = EmotionDetectionService.detect(text)
  File "C:\Users\HP\Documents\mindCompass\mindcompass-backend\ai\emotions\services.py", line 27, in detect
    return cls._rule_based_detect(text)
           ~~~~~~~~~~~~~~~~~~~~~~^^^^^^
  File "C:\Users\HP\Documents\mindCompass\mindcompass-backend\ai\emotions\services.py", line 44, in _rule_based_detect
    sentiment_res = SentimentAnalysisService.analyze(text)
  File "C:\Users\HP\Documents\mindCompass\mindcompass-backend\ai\sentiment\services.py", line 68, in analyze
    em_res = EmotionDetectionService.detect(text)
  File "C:\Users\HP\Documents\mindCompass\mindcompass-backend\ai\emotions\services.py", line 27, in detect
    return cls._rule_based_detect(text)
           ~~~~~~~~~~~~~~~~~~~~~~^^^^^^
  File "C:\Users\HP\Documents\mindCompass\mindcompass-backend\ai\emotions\services.py", line 44, in _rule_based_detect
    sentiment_res = SentimentAnalysisService.analyze(text)
  File "C:\Users\HP\Documents\mindCompass\mindcompass-backend\ai\sentiment\services.py", line 68, in analyze
    em_res = EmotionDetectionService.detect(text)
  File "C:\Users\HP\Documents\mindCompass\mindcompass-backend\ai\emotions\services.py", line 27, in detect
    return cls._rule_based_detect(text)
           ~~~~~~~~~~~~~~~~~~~~~~^^^^^^
  File "C:\Users\HP\Documents\mindCompass\mindcompass-backend\ai\emotions\services.py", line 44, in _rule_based_detect
    sentiment_res = SentimentAnalysisService.analyze(text)
  File "C:\Users\HP\Documents\mindCompass\mindcompass-backend\ai\sentiment\services.py", line 68, in analyze
    em_res = EmotionDetectionService.detect(text)
  File "C:\Users\HP\Documents\mindCompass\mindcompass-backend\ai\emotions\services.py", line 27, in detect
    return cls._rule_based_detect(text)
           ~~~~~~~~~~~~~~~~~~~~~~^^^^^^
  File "C:\Users\HP\Documents\mindCompass\mindcompass-backend\ai\emotions\services.py", line 44, in _rule_based_detect
    sentiment_res = SentimentAnalysisService.analyze(text)
  File "C:\Users\HP\Documents\mindCompass\mindcompass-backend\ai\sentiment\services.py", line 68, in analyze
    em_res = EmotionDetectionService.detect(text)
  File "C:\Users\HP\Documents\mindCompass\mindcompass-backend\ai\emotions\services.py", line 27, in detect
    return cls._rule_based_detect(text)
           ~~~~~~~~~~~~~~~~~~~~~~^^^^^^
  File "C:\Users\HP\Documents\mindCompass\mindcompass-backend\ai\emotions\services.py", line 44, in _rule_based_detect
    sentiment_res = SentimentAnalysisService.analyze(text)
  File "C:\Users\HP\Documents\mindCompass\mindcompass-backend\ai\sentiment\services.py", line 68, in analyze
    em_res = EmotionDetectionService.detect(text)
  File "C:\Users\HP\Documents\mindCompass\mindcompass-backend\ai\emotions\services.py", line 27, in detect
    return cls._rule_based_detect(text)
           ~~~~~~~~~~~~~~~~~~~~~~^^^^^^
  File "C:\Users\HP\Documents\mindCompass\mindcompass-backend\ai\emotions\services.py", line 44, in _rule_based_detect
    sentiment_res = SentimentAnalysisService.analyze(text)
  File "C:\Users\HP\Documents\mindCompass\mindcompass-backend\ai\sentiment\services.py", line 68, in analyze
    em_res = EmotionDetectionService.detect(text)
  File "C:\Users\HP\Documents\mindCompass\mindcompass-backend\ai\emotions\services.py", line 27, in detect
    return cls._rule_based_detect(text)
           ~~~~~~~~~~~~~~~~~~~~~~^^^^^^
  File "C:\Users\HP\Documents\mindCompass\mindcompass-backend\ai\emotions\services.py", line 44, in _rule_based_detect
    sentiment_res = SentimentAnalysisService.analyze(text)
  File "C:\Users\HP\Documents\mindCompass\mindcompass-backend\ai\sentiment\services.py", line 68, in analyze
    em_res = EmotionDetectionService.detect(text)
  File "C:\Users\HP\Documents\mindCompass\mindcompass-backend\ai\emotions\services.py", line 27, in detect
    return cls._rule_based_detect(text)
           ~~~~~~~~~~~~~~~~~~~~~~^^^^^^
  File "C:\Users\HP\Documents\mindCompass\mindcompass-backend\ai\emotions\services.py", line 44, in _rule_based_detect
    sentiment_res = SentimentAnalysisService.analyze(text)
  File "C:\Users\HP\Documents\mindCompass\mindcompass-backend\ai\sentiment\services.py", line 68, in analyze
    em_res = EmotionDetectionService.detect(text)
  File "C:\Users\HP\Documents\mindCompass\mindcompass-backend\ai\emotions\services.py", line 27, in detect
    return cls._rule_based_detect(text)
           ~~~~~~~~~~~~~~~~~~~~~~^^^^^^
  File "C:\Users\HP\Documents\mindCompass\mindcompass-backend\ai\emotions\services.py", line 44, in _rule_based_detect
    sentiment_res = SentimentAnalysisService.analyze(text)
  File "C:\Users\HP\Documents\mindCompass\mindcompass-backend\ai\sentiment\services.py", line 68, in analyze
    em_res = EmotionDetectionService.detect(text)
  File "C:\Users\HP\Documents\mindCompass\mindcompass-backend\ai\emotions\services.py", line 27, in detect
    return cls._rule_based_detect(text)
           ~~~~~~~~~~~~~~~~~~~~~~^^^^^^
  File "C:\Users\HP\Documents\mindCompass\mindcompass-backend\ai\emotions\services.py", line 44, in _rule_based_detect
    sentiment_res = SentimentAnalysisService.analyze(text)
  File "C:\Users\HP\Documents\mindCompass\mindcompass-backend\ai\sentiment\services.py", line 68, in analyze
    em_res = EmotionDetectionService.detect(text)
  File "C:\Users\HP\Documents\mindCompass\mindcompass-backend\ai\emotions\services.py", line 27, in detect
    return cls._rule_based_detect(text)
           ~~~~~~~~~~~~~~~~~~~~~~^^^^^^
  File "C:\Users\HP\Documents\mindCompass\mindcompass-backend\ai\emotions\services.py", line 44, in _rule_based_detect
    sentiment_res = SentimentAnalysisService.analyze(text)
  File "C:\Users\HP\Documents\mindCompass\mindcompass-backend\ai\sentiment\services.py", line 68, in analyze
    em_res = EmotionDetectionService.detect(text)
  File "C:\Users\HP\Documents\mindCompass\mindcompass-backend\ai\emotions\services.py", line 27, in detect
    return cls._rule_based_detect(text)
           ~~~~~~~~~~~~~~~~~~~~~~^^^^^^
  File "C:\Users\HP\Documents\mindCompass\mindcompass-backend\ai\emotions\services.py", line 44, in _rule_based_detect
    sentiment_res = SentimentAnalysisService.analyze(text)
  File "C:\Users\HP\Documents\mindCompass\mindcompass-backend\ai\sentiment\services.py", line 68, in analyze
    em_res = EmotionDetectionService.detect(text)
  File "C:\Users\HP\Documents\mindCompass\mindcompass-backend\ai\emotions\services.py", line 27, in detect
    return cls._rule_based_detect(text)
           ~~~~~~~~~~~~~~~~~~~~~~^^^^^^
  File "C:\Users\HP\Documents\mindCompass\mindcompass-backend\ai\emotions\services.py", line 44, in _rule_based_detect
    sentiment_res = SentimentAnalysisService.analyze(text)
  File "C:\Users\HP\Documents\mindCompass\mindcompass-backend\ai\sentiment\services.py", line 68, in analyze
    em_res = EmotionDetectionService.detect(text)
  File "C:\Users\HP\Documents\mindCompass\mindcompass-backend\ai\emotions\services.py", line 27, in detect
    return cls._rule_based_detect(text)
           ~~~~~~~~~~~~~~~~~~~~~~^^^^^^
  File "C:\Users\HP\Documents\mindCompass\mindcompass-backend\ai\emotions\services.py", line 44, in _rule_based_detect
    sentiment_res = SentimentAnalysisService.analyze(text)
  File "C:\Users\HP\Documents\mindCompass\mindcompass-backend\ai\sentiment\services.py", line 43, in analyze
    preprocess_res = preprocess_text(text)
  File "C:\Users\HP\Documents\mindCompass\mindcompass-backend\ai\utils\preprocessing.py", line 41, in preprocess_text
    raw_tokens = word_tokenize(cleaned_spaces)
  File "C:\Users\HP\AppData\Roaming\Python\Python314\site-packages\nltk\tokenize\__init__.py", line 142, in word_tokenize
    sentences = [text] if preserve_line else sent_tokenize(text, language)
                                             ~~~~~~~~~~~~~^^^^^^^^^^^^^^^^
  File "C:\Users\HP\AppData\Roaming\Python\Python314\site-packages\nltk\tokenize\__init__.py", line 120, in sent_tokenize
    return tokenizer.tokenize(text)
           ~~~~~~~~~~~~~~~~~~^^^^^^
  File "C:\Users\HP\AppData\Roaming\Python\Python314\site-packages\nltk\tokenize\punkt.py", line 1280, in tokenize
    return list(self.sentences_from_text(text, realign_boundaries))
                ~~~~~~~~~~~~~~~~~~~~~~~~^^^^^^^^^^^^^^^^^^^^^^^^^^
  File "C:\Users\HP\AppData\Roaming\Python\Python314\site-packages\nltk\tokenize\punkt.py", line 1340, in sentences_from_text
    return [text[s:e] for s, e in self.span_tokenize(text, realign_boundaries)]
                                  ~~~~~~~~~~~~~~~~~~^^^^^^^^^^^^^^^^^^^^^^^^^^
  File "C:\Users\HP\AppData\Roaming\Python\Python314\site-packages\nltk\tokenize\punkt.py", line 1328, in span_tokenize
    for sentence in slices:
                    ^^^^^^
  File "C:\Users\HP\AppData\Roaming\Python\Python314\site-packages\nltk\tokenize\punkt.py", line 1457, in _realign_boundaries
    for sentence1, sentence2 in _pair_iter(slices):
                                ~~~~~~~~~~^^^^^^^^
  File "C:\Users\HP\AppData\Roaming\Python\Python314\site-packages\nltk\tokenize\punkt.py", line 321, in _pair_iter
    prev = next(iterator)
  File "C:\Users\HP\AppData\Roaming\Python\Python314\site-packages\nltk\tokenize\punkt.py", line 1429, in _slices_from_text
    for match, context in self._match_potential_end_contexts(text):
                          ~~~~~~~~~~~~~~~~~~~~~~~~~~~~~~~~~~^^^^^^
  File "C:\Users\HP\AppData\Roaming\Python\Python314\site-packages\nltk\tokenize\punkt.py", line 1394, in _match_potential_end_contexts
    for match in self._lang_vars.period_context_re().finditer(text):
                 ~~~~~~~~~~~~~~~~~~~~~~~~~~~~~~~~~^^
RecursionError: maximum recursion depth exceeded
WARNING 2026-07-31 23:07:48,725 log 28196 31964 Bad Request: /api/ai/sentiment/
ERROR 2026-07-31 23:07:48,891 log 28196 31964 Internal Server Error: /api/ai/sentiment/
Traceback (most recent call last):
  File "C:\Users\HP\AppData\Roaming\Python\Python314\site-packages\django\core\handlers\exception.py", line 55, in inner
    response = get_response(request)
  File "C:\Users\HP\AppData\Roaming\Python\Python314\site-packages\django\core\handlers\base.py", line 198, in _get_response
    response = wrapped_callback(request, *callback_args, **callback_kwargs)
  File "C:\Users\HP\AppData\Roaming\Python\Python314\site-packages\django\views\decorators\csrf.py", line 65, in _view_wrapper
    return view_func(request, *args, **kwargs)
  File "C:\Users\HP\AppData\Roaming\Python\Python314\site-packages\django\views\generic\base.py", line 106, in view
    return self.dispatch(request, *args, **kwargs)
           ~~~~~~~~~~~~~^^^^^^^^^^^^^^^^^^^^^^^^^^
  File "C:\Users\HP\AppData\Roaming\Python\Python314\site-packages\rest_framework\views.py", line 515, in dispatch
    response = self.handle_exception(exc)
  File "C:\Users\HP\AppData\Roaming\Python\Python314\site-packages\rest_framework\views.py", line 475, in handle_exception
    self.raise_uncaught_exception(exc)
    ~~~~~~~~~~~~~~~~~~~~~~~~~~~~~^^^^^
  File "C:\Users\HP\AppData\Roaming\Python\Python314\site-packages\rest_framework\views.py", line 486, in raise_uncaught_exception
    raise exc
  File "C:\Users\HP\AppData\Roaming\Python\Python314\site-packages\rest_framework\views.py", line 512, in dispatch
    response = handler(request, *args, **kwargs)
  File "C:\Users\HP\Documents\mindCompass\mindcompass-backend\ai\views.py", line 29, in post
    result = SentimentAnalysisService.analyze(text)
  File "C:\Users\HP\Documents\mindCompass\mindcompass-backend\ai\sentiment\services.py", line 68, in analyze
    em_res = EmotionDetectionService.detect(text)
  File "C:\Users\HP\Documents\mindCompass\mindcompass-backend\ai\emotions\services.py", line 27, in detect
    return cls._rule_based_detect(text)
           ~~~~~~~~~~~~~~~~~~~~~~^^^^^^
  File "C:\Users\HP\Documents\mindCompass\mindcompass-backend\ai\emotions\services.py", line 44, in _rule_based_detect
    sentiment_res = SentimentAnalysisService.analyze(text)
  File "C:\Users\HP\Documents\mindCompass\mindcompass-backend\ai\sentiment\services.py", line 68, in analyze
    em_res = EmotionDetectionService.detect(text)
  File "C:\Users\HP\Documents\mindCompass\mindcompass-backend\ai\emotions\services.py", line 27, in detect
    return cls._rule_based_detect(text)
           ~~~~~~~~~~~~~~~~~~~~~~^^^^^^
  File "C:\Users\HP\Documents\mindCompass\mindcompass-backend\ai\emotions\services.py", line 44, in _rule_based_detect
    sentiment_res = SentimentAnalysisService.analyze(text)
  File "C:\Users\HP\Documents\mindCompass\mindcompass-backend\ai\sentiment\services.py", line 68, in analyze
    em_res = EmotionDetectionService.detect(text)
  File "C:\Users\HP\Documents\mindCompass\mindcompass-backend\ai\emotions\services.py", line 27, in detect
    return cls._rule_based_detect(text)
           ~~~~~~~~~~~~~~~~~~~~~~^^^^^^
  File "C:\Users\HP\Documents\mindCompass\mindcompass-backend\ai\emotions\services.py", line 44, in _rule_based_detect
    sentiment_res = SentimentAnalysisService.analyze(text)
  File "C:\Users\HP\Documents\mindCompass\mindcompass-backend\ai\sentiment\services.py", line 68, in analyze
    em_res = EmotionDetectionService.detect(text)
  File "C:\Users\HP\Documents\mindCompass\mindcompass-backend\ai\emotions\services.py", line 27, in detect
    return cls._rule_based_detect(text)
           ~~~~~~~~~~~~~~~~~~~~~~^^^^^^
  File "C:\Users\HP\Documents\mindCompass\mindcompass-backend\ai\emotions\services.py", line 44, in _rule_based_detect
    sentiment_res = SentimentAnalysisService.analyze(text)
  File "C:\Users\HP\Documents\mindCompass\mindcompass-backend\ai\sentiment\services.py", line 68, in analyze
    em_res = EmotionDetectionService.detect(text)
  File "C:\Users\HP\Documents\mindCompass\mindcompass-backend\ai\emotions\services.py", line 27, in detect
    return cls._rule_based_detect(text)
           ~~~~~~~~~~~~~~~~~~~~~~^^^^^^
  File "C:\Users\HP\Documents\mindCompass\mindcompass-backend\ai\emotions\services.py", line 44, in _rule_based_detect
    sentiment_res = SentimentAnalysisService.analyze(text)
  File "C:\Users\HP\Documents\mindCompass\mindcompass-backend\ai\sentiment\services.py", line 68, in analyze
    em_res = EmotionDetectionService.detect(text)
  File "C:\Users\HP\Documents\mindCompass\mindcompass-backend\ai\emotions\services.py", line 27, in detect
    return cls._rule_based_detect(text)
           ~~~~~~~~~~~~~~~~~~~~~~^^^^^^
  File "C:\Users\HP\Documents\mindCompass\mindcompass-backend\ai\emotions\services.py", line 44, in _rule_based_detect
    sentiment_res = SentimentAnalysisService.analyze(text)
  File "C:\Users\HP\Documents\mindCompass\mindcompass-backend\ai\sentiment\services.py", line 68, in analyze
    em_res = EmotionDetectionService.detect(text)
  File "C:\Users\HP\Documents\mindCompass\mindcompass-backend\ai\emotions\services.py", line 27, in detect
    return cls._rule_based_detect(text)
           ~~~~~~~~~~~~~~~~~~~~~~^^^^^^
  File "C:\Users\HP\Documents\mindCompass\mindcompass-backend\ai\emotions\services.py", line 44, in _rule_based_detect
    sentiment_res = SentimentAnalysisService.analyze(text)
  File "C:\Users\HP\Documents\mindCompass\mindcompass-backend\ai\sentiment\services.py", line 68, in analyze
    em_res = EmotionDetectionService.detect(text)
  File "C:\Users\HP\Documents\mindCompass\mindcompass-backend\ai\emotions\services.py", line 27, in detect
    return cls._rule_based_detect(text)
           ~~~~~~~~~~~~~~~~~~~~~~^^^^^^
  File "C:\Users\HP\Documents\mindCompass\mindcompass-backend\ai\emotions\services.py", line 44, in _rule_based_detect
    sentiment_res = SentimentAnalysisService.analyze(text)
  File "C:\Users\HP\Documents\mindCompass\mindcompass-backend\ai\sentiment\services.py", line 68, in analyze
    em_res = EmotionDetectionService.detect(text)
  File "C:\Users\HP\Documents\mindCompass\mindcompass-backend\ai\emotions\services.py", line 27, in detect
    return cls._rule_based_detect(text)
           ~~~~~~~~~~~~~~~~~~~~~~^^^^^^
  File "C:\Users\HP\Documents\mindCompass\mindcompass-backend\ai\emotions\services.py", line 44, in _rule_based_detect
    sentiment_res = SentimentAnalysisService.analyze(text)
  File "C:\Users\HP\Documents\mindCompass\mindcompass-backend\ai\sentiment\services.py", line 68, in analyze
    em_res = EmotionDetectionService.detect(text)
  File "C:\Users\HP\Documents\mindCompass\mindcompass-backend\ai\emotions\services.py", line 27, in detect
    return cls._rule_based_detect(text)
           ~~~~~~~~~~~~~~~~~~~~~~^^^^^^
  File "C:\Users\HP\Documents\mindCompass\mindcompass-backend\ai\emotions\services.py", line 44, in _rule_based_detect
    sentiment_res = SentimentAnalysisService.analyze(text)
  File "C:\Users\HP\Documents\mindCompass\mindcompass-backend\ai\sentiment\services.py", line 68, in analyze
    em_res = EmotionDetectionService.detect(text)
  File "C:\Users\HP\Documents\mindCompass\mindcompass-backend\ai\emotions\services.py", line 27, in detect
    return cls._rule_based_detect(text)
           ~~~~~~~~~~~~~~~~~~~~~~^^^^^^
  File "C:\Users\HP\Documents\mindCompass\mindcompass-backend\ai\emotions\services.py", line 44, in _rule_based_detect
    sentiment_res = SentimentAnalysisService.analyze(text)
  File "C:\Users\HP\Documents\mindCompass\mindcompass-backend\ai\sentiment\services.py", line 68, in analyze
    em_res = EmotionDetectionService.detect(text)
  File "C:\Users\HP\Documents\mindCompass\mindcompass-backend\ai\emotions\services.py", line 27, in detect
    return cls._rule_based_detect(text)
           ~~~~~~~~~~~~~~~~~~~~~~^^^^^^
  File "C:\Users\HP\Documents\mindCompass\mindcompass-backend\ai\emotions\services.py", line 44, in _rule_based_detect
    sentiment_res = SentimentAnalysisService.analyze(text)
  File "C:\Users\HP\Documents\mindCompass\mindcompass-backend\ai\sentiment\services.py", line 68, in analyze
    em_res = EmotionDetectionService.detect(text)
  File "C:\Users\HP\Documents\mindCompass\mindcompass-backend\ai\emotions\services.py", line 27, in detect
    return cls._rule_based_detect(text)
           ~~~~~~~~~~~~~~~~~~~~~~^^^^^^
  File "C:\Users\HP\Documents\mindCompass\mindcompass-backend\ai\emotions\services.py", line 44, in _rule_based_detect
    sentiment_res = SentimentAnalysisService.analyze(text)
  File "C:\Users\HP\Documents\mindCompass\mindcompass-backend\ai\sentiment\services.py", line 68, in analyze
    em_res = EmotionDetectionService.detect(text)
  File "C:\Users\HP\Documents\mindCompass\mindcompass-backend\ai\emotions\services.py", line 27, in detect
    return cls._rule_based_detect(text)
           ~~~~~~~~~~~~~~~~~~~~~~^^^^^^
  File "C:\Users\HP\Documents\mindCompass\mindcompass-backend\ai\emotions\services.py", line 44, in _rule_based_detect
    sentiment_res = SentimentAnalysisService.analyze(text)
  File "C:\Users\HP\Documents\mindCompass\mindcompass-backend\ai\sentiment\services.py", line 68, in analyze
    em_res = EmotionDetectionService.detect(text)
  File "C:\Users\HP\Documents\mindCompass\mindcompass-backend\ai\emotions\services.py", line 27, in detect
    return cls._rule_based_detect(text)
           ~~~~~~~~~~~~~~~~~~~~~~^^^^^^
  File "C:\Users\HP\Documents\mindCompass\mindcompass-backend\ai\emotions\services.py", line 44, in _rule_based_detect
    sentiment_res = SentimentAnalysisService.analyze(text)
  File "C:\Users\HP\Documents\mindCompass\mindcompass-backend\ai\sentiment\services.py", line 68, in analyze
    em_res = EmotionDetectionService.detect(text)
  File "C:\Users\HP\Documents\mindCompass\mindcompass-backend\ai\emotions\services.py", line 27, in detect
    return cls._rule_based_detect(text)
           ~~~~~~~~~~~~~~~~~~~~~~^^^^^^
  File "C:\Users\HP\Documents\mindCompass\mindcompass-backend\ai\emotions\services.py", line 44, in _rule_based_detect
    sentiment_res = SentimentAnalysisService.analyze(text)
  File "C:\Users\HP\Documents\mindCompass\mindcompass-backend\ai\sentiment\services.py", line 68, in analyze
    em_res = EmotionDetectionService.detect(text)
  File "C:\Users\HP\Documents\mindCompass\mindcompass-backend\ai\emotions\services.py", line 27, in detect
    return cls._rule_based_detect(text)
           ~~~~~~~~~~~~~~~~~~~~~~^^^^^^
  File "C:\Users\HP\Documents\mindCompass\mindcompass-backend\ai\emotions\services.py", line 44, in _rule_based_detect
    sentiment_res = SentimentAnalysisService.analyze(text)
  File "C:\Users\HP\Documents\mindCompass\mindcompass-backend\ai\sentiment\services.py", line 68, in analyze
    em_res = EmotionDetectionService.detect(text)
  File "C:\Users\HP\Documents\mindCompass\mindcompass-backend\ai\emotions\services.py", line 27, in detect
    return cls._rule_based_detect(text)
           ~~~~~~~~~~~~~~~~~~~~~~^^^^^^
  File "C:\Users\HP\Documents\mindCompass\mindcompass-backend\ai\emotions\services.py", line 44, in _rule_based_detect
    sentiment_res = SentimentAnalysisService.analyze(text)
  File "C:\Users\HP\Documents\mindCompass\mindcompass-backend\ai\sentiment\services.py", line 68, in analyze
    em_res = EmotionDetectionService.detect(text)
  File "C:\Users\HP\Documents\mindCompass\mindcompass-backend\ai\emotions\services.py", line 27, in detect
    return cls._rule_based_detect(text)
           ~~~~~~~~~~~~~~~~~~~~~~^^^^^^
  File "C:\Users\HP\Documents\mindCompass\mindcompass-backend\ai\emotions\services.py", line 44, in _rule_based_detect
    sentiment_res = SentimentAnalysisService.analyze(text)
  File "C:\Users\HP\Documents\mindCompass\mindcompass-backend\ai\sentiment\services.py", line 68, in analyze
    em_res = EmotionDetectionService.detect(text)
  File "C:\Users\HP\Documents\mindCompass\mindcompass-backend\ai\emotions\services.py", line 27, in detect
    return cls._rule_based_detect(text)
           ~~~~~~~~~~~~~~~~~~~~~~^^^^^^
  File "C:\Users\HP\Documents\mindCompass\mindcompass-backend\ai\emotions\services.py", line 44, in _rule_based_detect
    sentiment_res = SentimentAnalysisService.analyze(text)
  File "C:\Users\HP\Documents\mindCompass\mindcompass-backend\ai\sentiment\services.py", line 68, in analyze
    em_res = EmotionDetectionService.detect(text)
  File "C:\Users\HP\Documents\mindCompass\mindcompass-backend\ai\emotions\services.py", line 27, in detect
    return cls._rule_based_detect(text)
           ~~~~~~~~~~~~~~~~~~~~~~^^^^^^
  File "C:\Users\HP\Documents\mindCompass\mindcompass-backend\ai\emotions\services.py", line 44, in _rule_based_detect
    sentiment_res = SentimentAnalysisService.analyze(text)
  File "C:\Users\HP\Documents\mindCompass\mindcompass-backend\ai\sentiment\services.py", line 68, in analyze
    em_res = EmotionDetectionService.detect(text)
  File "C:\Users\HP\Documents\mindCompass\mindcompass-backend\ai\emotions\services.py", line 27, in detect
    return cls._rule_based_detect(text)
           ~~~~~~~~~~~~~~~~~~~~~~^^^^^^
  File "C:\Users\HP\Documents\mindCompass\mindcompass-backend\ai\emotions\services.py", line 44, in _rule_based_detect
    sentiment_res = SentimentAnalysisService.analyze(text)
  File "C:\Users\HP\Documents\mindCompass\mindcompass-backend\ai\sentiment\services.py", line 68, in analyze
    em_res = EmotionDetectionService.detect(text)
  File "C:\Users\HP\Documents\mindCompass\mindcompass-backend\ai\emotions\services.py", line 27, in detect
    return cls._rule_based_detect(text)
           ~~~~~~~~~~~~~~~~~~~~~~^^^^^^
  File "C:\Users\HP\Documents\mindCompass\mindcompass-backend\ai\emotions\services.py", line 44, in _rule_based_detect
    sentiment_res = SentimentAnalysisService.analyze(text)
  File "C:\Users\HP\Documents\mindCompass\mindcompass-backend\ai\sentiment\services.py", line 68, in analyze
    em_res = EmotionDetectionService.detect(text)
  File "C:\Users\HP\Documents\mindCompass\mindcompass-backend\ai\emotions\services.py", line 27, in detect
    return cls._rule_based_detect(text)
           ~~~~~~~~~~~~~~~~~~~~~~^^^^^^
  File "C:\Users\HP\Documents\mindCompass\mindcompass-backend\ai\emotions\services.py", line 44, in _rule_based_detect
    sentiment_res = SentimentAnalysisService.analyze(text)
  File "C:\Users\HP\Documents\mindCompass\mindcompass-backend\ai\sentiment\services.py", line 68, in analyze
    em_res = EmotionDetectionService.detect(text)
  File "C:\Users\HP\Documents\mindCompass\mindcompass-backend\ai\emotions\services.py", line 27, in detect
    return cls._rule_based_detect(text)
           ~~~~~~~~~~~~~~~~~~~~~~^^^^^^
  File "C:\Users\HP\Documents\mindCompass\mindcompass-backend\ai\emotions\services.py", line 44, in _rule_based_detect
    sentiment_res = SentimentAnalysisService.analyze(text)
  File "C:\Users\HP\Documents\mindCompass\mindcompass-backend\ai\sentiment\services.py", line 68, in analyze
    em_res = EmotionDetectionService.detect(text)
  File "C:\Users\HP\Documents\mindCompass\mindcompass-backend\ai\emotions\services.py", line 27, in detect
    return cls._rule_based_detect(text)
           ~~~~~~~~~~~~~~~~~~~~~~^^^^^^
  File "C:\Users\HP\Documents\mindCompass\mindcompass-backend\ai\emotions\services.py", line 44, in _rule_based_detect
    sentiment_res = SentimentAnalysisService.analyze(text)
  File "C:\Users\HP\Documents\mindCompass\mindcompass-backend\ai\sentiment\services.py", line 68, in analyze
    em_res = EmotionDetectionService.detect(text)
  File "C:\Users\HP\Documents\mindCompass\mindcompass-backend\ai\emotions\services.py", line 27, in detect
    return cls._rule_based_detect(text)
           ~~~~~~~~~~~~~~~~~~~~~~^^^^^^
  File "C:\Users\HP\Documents\mindCompass\mindcompass-backend\ai\emotions\services.py", line 44, in _rule_based_detect
    sentiment_res = SentimentAnalysisService.analyze(text)
  File "C:\Users\HP\Documents\mindCompass\mindcompass-backend\ai\sentiment\services.py", line 68, in analyze
    em_res = EmotionDetectionService.detect(text)
  File "C:\Users\HP\Documents\mindCompass\mindcompass-backend\ai\emotions\services.py", line 27, in detect
    return cls._rule_based_detect(text)
           ~~~~~~~~~~~~~~~~~~~~~~^^^^^^
  File "C:\Users\HP\Documents\mindCompass\mindcompass-backend\ai\emotions\services.py", line 44, in _rule_based_detect
    sentiment_res = SentimentAnalysisService.analyze(text)
  File "C:\Users\HP\Documents\mindCompass\mindcompass-backend\ai\sentiment\services.py", line 68, in analyze
    em_res = EmotionDetectionService.detect(text)
  File "C:\Users\HP\Documents\mindCompass\mindcompass-backend\ai\emotions\services.py", line 27, in detect
    return cls._rule_based_detect(text)
           ~~~~~~~~~~~~~~~~~~~~~~^^^^^^
  File "C:\Users\HP\Documents\mindCompass\mindcompass-backend\ai\emotions\services.py", line 44, in _rule_based_detect
    sentiment_res = SentimentAnalysisService.analyze(text)
  File "C:\Users\HP\Documents\mindCompass\mindcompass-backend\ai\sentiment\services.py", line 68, in analyze
    em_res = EmotionDetectionService.detect(text)
  File "C:\Users\HP\Documents\mindCompass\mindcompass-backend\ai\emotions\services.py", line 27, in detect
    return cls._rule_based_detect(text)
           ~~~~~~~~~~~~~~~~~~~~~~^^^^^^
  File "C:\Users\HP\Documents\mindCompass\mindcompass-backend\ai\emotions\services.py", line 44, in _rule_based_detect
    sentiment_res = SentimentAnalysisService.analyze(text)
  File "C:\Users\HP\Documents\mindCompass\mindcompass-backend\ai\sentiment\services.py", line 68, in analyze
    em_res = EmotionDetectionService.detect(text)
  File "C:\Users\HP\Documents\mindCompass\mindcompass-backend\ai\emotions\services.py", line 27, in detect
    return cls._rule_based_detect(text)
           ~~~~~~~~~~~~~~~~~~~~~~^^^^^^
  File "C:\Users\HP\Documents\mindCompass\mindcompass-backend\ai\emotions\services.py", line 44, in _rule_based_detect
    sentiment_res = SentimentAnalysisService.analyze(text)
  File "C:\Users\HP\Documents\mindCompass\mindcompass-backend\ai\sentiment\services.py", line 68, in analyze
    em_res = EmotionDetectionService.detect(text)
  File "C:\Users\HP\Documents\mindCompass\mindcompass-backend\ai\emotions\services.py", line 27, in detect
    return cls._rule_based_detect(text)
           ~~~~~~~~~~~~~~~~~~~~~~^^^^^^
  File "C:\Users\HP\Documents\mindCompass\mindcompass-backend\ai\emotions\services.py", line 44, in _rule_based_detect
    sentiment_res = SentimentAnalysisService.analyze(text)
  File "C:\Users\HP\Documents\mindCompass\mindcompass-backend\ai\sentiment\services.py", line 68, in analyze
    em_res = EmotionDetectionService.detect(text)
  File "C:\Users\HP\Documents\mindCompass\mindcompass-backend\ai\emotions\services.py", line 27, in detect
    return cls._rule_based_detect(text)
           ~~~~~~~~~~~~~~~~~~~~~~^^^^^^
  File "C:\Users\HP\Documents\mindCompass\mindcompass-backend\ai\emotions\services.py", line 44, in _rule_based_detect
    sentiment_res = SentimentAnalysisService.analyze(text)
  File "C:\Users\HP\Documents\mindCompass\mindcompass-backend\ai\sentiment\services.py", line 68, in analyze
    em_res = EmotionDetectionService.detect(text)
  File "C:\Users\HP\Documents\mindCompass\mindcompass-backend\ai\emotions\services.py", line 27, in detect
    return cls._rule_based_detect(text)
           ~~~~~~~~~~~~~~~~~~~~~~^^^^^^
  File "C:\Users\HP\Documents\mindCompass\mindcompass-backend\ai\emotions\services.py", line 44, in _rule_based_detect
    sentiment_res = SentimentAnalysisService.analyze(text)
  File "C:\Users\HP\Documents\mindCompass\mindcompass-backend\ai\sentiment\services.py", line 68, in analyze
    em_res = EmotionDetectionService.detect(text)
  File "C:\Users\HP\Documents\mindCompass\mindcompass-backend\ai\emotions\services.py", line 27, in detect
    return cls._rule_based_detect(text)
           ~~~~~~~~~~~~~~~~~~~~~~^^^^^^
  File "C:\Users\HP\Documents\mindCompass\mindcompass-backend\ai\emotions\services.py", line 44, in _rule_based_detect
    sentiment_res = SentimentAnalysisService.analyze(text)
  File "C:\Users\HP\Documents\mindCompass\mindcompass-backend\ai\sentiment\services.py", line 68, in analyze
    em_res = EmotionDetectionService.detect(text)
  File "C:\Users\HP\Documents\mindCompass\mindcompass-backend\ai\emotions\services.py", line 27, in detect
    return cls._rule_based_detect(text)
           ~~~~~~~~~~~~~~~~~~~~~~^^^^^^
  File "C:\Users\HP\Documents\mindCompass\mindcompass-backend\ai\emotions\services.py", line 44, in _rule_based_detect
    sentiment_res = SentimentAnalysisService.analyze(text)
  File "C:\Users\HP\Documents\mindCompass\mindcompass-backend\ai\sentiment\services.py", line 68, in analyze
    em_res = EmotionDetectionService.detect(text)
  File "C:\Users\HP\Documents\mindCompass\mindcompass-backend\ai\emotions\services.py", line 27, in detect
    return cls._rule_based_detect(text)
           ~~~~~~~~~~~~~~~~~~~~~~^^^^^^
  File "C:\Users\HP\Documents\mindCompass\mindcompass-backend\ai\emotions\services.py", line 44, in _rule_based_detect
    sentiment_res = SentimentAnalysisService.analyze(text)
  File "C:\Users\HP\Documents\mindCompass\mindcompass-backend\ai\sentiment\services.py", line 68, in analyze
    em_res = EmotionDetectionService.detect(text)
  File "C:\Users\HP\Documents\mindCompass\mindcompass-backend\ai\emotions\services.py", line 27, in detect
    return cls._rule_based_detect(text)
           ~~~~~~~~~~~~~~~~~~~~~~^^^^^^
  File "C:\Users\HP\Documents\mindCompass\mindcompass-backend\ai\emotions\services.py", line 44, in _rule_based_detect
    sentiment_res = SentimentAnalysisService.analyze(text)
  File "C:\Users\HP\Documents\mindCompass\mindcompass-backend\ai\sentiment\services.py", line 68, in analyze
    em_res = EmotionDetectionService.detect(text)
  File "C:\Users\HP\Documents\mindCompass\mindcompass-backend\ai\emotions\services.py", line 27, in detect
    return cls._rule_based_detect(text)
           ~~~~~~~~~~~~~~~~~~~~~~^^^^^^
  File "C:\Users\HP\Documents\mindCompass\mindcompass-backend\ai\emotions\services.py", line 44, in _rule_based_detect
    sentiment_res = SentimentAnalysisService.analyze(text)
  File "C:\Users\HP\Documents\mindCompass\mindcompass-backend\ai\sentiment\services.py", line 68, in analyze
    em_res = EmotionDetectionService.detect(text)
  File "C:\Users\HP\Documents\mindCompass\mindcompass-backend\ai\emotions\services.py", line 27, in detect
    return cls._rule_based_detect(text)
           ~~~~~~~~~~~~~~~~~~~~~~^^^^^^
  File "C:\Users\HP\Documents\mindCompass\mindcompass-backend\ai\emotions\services.py", line 44, in _rule_based_detect
    sentiment_res = SentimentAnalysisService.analyze(text)
  File "C:\Users\HP\Documents\mindCompass\mindcompass-backend\ai\sentiment\services.py", line 68, in analyze
    em_res = EmotionDetectionService.detect(text)
  File "C:\Users\HP\Documents\mindCompass\mindcompass-backend\ai\emotions\services.py", line 27, in detect
    return cls._rule_based_detect(text)
           ~~~~~~~~~~~~~~~~~~~~~~^^^^^^
  File "C:\Users\HP\Documents\mindCompass\mindcompass-backend\ai\emotions\services.py", line 44, in _rule_based_detect
    sentiment_res = SentimentAnalysisService.analyze(text)
  File "C:\Users\HP\Documents\mindCompass\mindcompass-backend\ai\sentiment\services.py", line 68, in analyze
    em_res = EmotionDetectionService.detect(text)
  File "C:\Users\HP\Documents\mindCompass\mindcompass-backend\ai\emotions\services.py", line 27, in detect
    return cls._rule_based_detect(text)
           ~~~~~~~~~~~~~~~~~~~~~~^^^^^^
  File "C:\Users\HP\Documents\mindCompass\mindcompass-backend\ai\emotions\services.py", line 44, in _rule_based_detect
    sentiment_res = SentimentAnalysisService.analyze(text)
  File "C:\Users\HP\Documents\mindCompass\mindcompass-backend\ai\sentiment\services.py", line 68, in analyze
    em_res = EmotionDetectionService.detect(text)
  File "C:\Users\HP\Documents\mindCompass\mindcompass-backend\ai\emotions\services.py", line 27, in detect
    return cls._rule_based_detect(text)
           ~~~~~~~~~~~~~~~~~~~~~~^^^^^^
  File "C:\Users\HP\Documents\mindCompass\mindcompass-backend\ai\emotions\services.py", line 44, in _rule_based_detect
    sentiment_res = SentimentAnalysisService.analyze(text)
  File "C:\Users\HP\Documents\mindCompass\mindcompass-backend\ai\sentiment\services.py", line 68, in analyze
    em_res = EmotionDetectionService.detect(text)
  File "C:\Users\HP\Documents\mindCompass\mindcompass-backend\ai\emotions\services.py", line 27, in detect
    return cls._rule_based_detect(text)
           ~~~~~~~~~~~~~~~~~~~~~~^^^^^^
  File "C:\Users\HP\Documents\mindCompass\mindcompass-backend\ai\emotions\services.py", line 44, in _rule_based_detect
    sentiment_res = SentimentAnalysisService.analyze(text)
  File "C:\Users\HP\Documents\mindCompass\mindcompass-backend\ai\sentiment\services.py", line 68, in analyze
    em_res = EmotionDetectionService.detect(text)
  File "C:\Users\HP\Documents\mindCompass\mindcompass-backend\ai\emotions\services.py", line 27, in detect
    return cls._rule_based_detect(text)
           ~~~~~~~~~~~~~~~~~~~~~~^^^^^^
  File "C:\Users\HP\Documents\mindCompass\mindcompass-backend\ai\emotions\services.py", line 44, in _rule_based_detect
    sentiment_res = SentimentAnalysisService.analyze(text)
  File "C:\Users\HP\Documents\mindCompass\mindcompass-backend\ai\sentiment\services.py", line 68, in analyze
    em_res = EmotionDetectionService.detect(text)
  File "C:\Users\HP\Documents\mindCompass\mindcompass-backend\ai\emotions\services.py", line 27, in detect
    return cls._rule_based_detect(text)
           ~~~~~~~~~~~~~~~~~~~~~~^^^^^^
  File "C:\Users\HP\Documents\mindCompass\mindcompass-backend\ai\emotions\services.py", line 44, in _rule_based_detect
    sentiment_res = SentimentAnalysisService.analyze(text)
  File "C:\Users\HP\Documents\mindCompass\mindcompass-backend\ai\sentiment\services.py", line 68, in analyze
    em_res = EmotionDetectionService.detect(text)
  File "C:\Users\HP\Documents\mindCompass\mindcompass-backend\ai\emotions\services.py", line 27, in detect
    return cls._rule_based_detect(text)
           ~~~~~~~~~~~~~~~~~~~~~~^^^^^^
  File "C:\Users\HP\Documents\mindCompass\mindcompass-backend\ai\emotions\services.py", line 44, in _rule_based_detect
    sentiment_res = SentimentAnalysisService.analyze(text)
  File "C:\Users\HP\Documents\mindCompass\mindcompass-backend\ai\sentiment\services.py", line 68, in analyze
    em_res = EmotionDetectionService.detect(text)
  File "C:\Users\HP\Documents\mindCompass\mindcompass-backend\ai\emotions\services.py", line 27, in detect
    return cls._rule_based_detect(text)
           ~~~~~~~~~~~~~~~~~~~~~~^^^^^^
  File "C:\Users\HP\Documents\mindCompass\mindcompass-backend\ai\emotions\services.py", line 44, in _rule_based_detect
    sentiment_res = SentimentAnalysisService.analyze(text)
  File "C:\Users\HP\Documents\mindCompass\mindcompass-backend\ai\sentiment\services.py", line 68, in analyze
    em_res = EmotionDetectionService.detect(text)
  File "C:\Users\HP\Documents\mindCompass\mindcompass-backend\ai\emotions\services.py", line 27, in detect
    return cls._rule_based_detect(text)
           ~~~~~~~~~~~~~~~~~~~~~~^^^^^^
  File "C:\Users\HP\Documents\mindCompass\mindcompass-backend\ai\emotions\services.py", line 44, in _rule_based_detect
    sentiment_res = SentimentAnalysisService.analyze(text)
  File "C:\Users\HP\Documents\mindCompass\mindcompass-backend\ai\sentiment\services.py", line 68, in analyze
    em_res = EmotionDetectionService.detect(text)
  File "C:\Users\HP\Documents\mindCompass\mindcompass-backend\ai\emotions\services.py", line 27, in detect
    return cls._rule_based_detect(text)
           ~~~~~~~~~~~~~~~~~~~~~~^^^^^^
  File "C:\Users\HP\Documents\mindCompass\mindcompass-backend\ai\emotions\services.py", line 44, in _rule_based_detect
    sentiment_res = SentimentAnalysisService.analyze(text)
  File "C:\Users\HP\Documents\mindCompass\mindcompass-backend\ai\sentiment\services.py", line 68, in analyze
    em_res = EmotionDetectionService.detect(text)
  File "C:\Users\HP\Documents\mindCompass\mindcompass-backend\ai\emotions\services.py", line 27, in detect
    return cls._rule_based_detect(text)
           ~~~~~~~~~~~~~~~~~~~~~~^^^^^^
  File "C:\Users\HP\Documents\mindCompass\mindcompass-backend\ai\emotions\services.py", line 44, in _rule_based_detect
    sentiment_res = SentimentAnalysisService.analyze(text)
  File "C:\Users\HP\Documents\mindCompass\mindcompass-backend\ai\sentiment\services.py", line 68, in analyze
    em_res = EmotionDetectionService.detect(text)
  File "C:\Users\HP\Documents\mindCompass\mindcompass-backend\ai\emotions\services.py", line 27, in detect
    return cls._rule_based_detect(text)
           ~~~~~~~~~~~~~~~~~~~~~~^^^^^^
  File "C:\Users\HP\Documents\mindCompass\mindcompass-backend\ai\emotions\services.py", line 44, in _rule_based_detect
    sentiment_res = SentimentAnalysisService.analyze(text)
  File "C:\Users\HP\Documents\mindCompass\mindcompass-backend\ai\sentiment\services.py", line 68, in analyze
    em_res = EmotionDetectionService.detect(text)
  File "C:\Users\HP\Documents\mindCompass\mindcompass-backend\ai\emotions\services.py", line 27, in detect
    return cls._rule_based_detect(text)
           ~~~~~~~~~~~~~~~~~~~~~~^^^^^^
  File "C:\Users\HP\Documents\mindCompass\mindcompass-backend\ai\emotions\services.py", line 44, in _rule_based_detect
    sentiment_res = SentimentAnalysisService.analyze(text)
  File "C:\Users\HP\Documents\mindCompass\mindcompass-backend\ai\sentiment\services.py", line 68, in analyze
    em_res = EmotionDetectionService.detect(text)
  File "C:\Users\HP\Documents\mindCompass\mindcompass-backend\ai\emotions\services.py", line 27, in detect
    return cls._rule_based_detect(text)
           ~~~~~~~~~~~~~~~~~~~~~~^^^^^^
  File "C:\Users\HP\Documents\mindCompass\mindcompass-backend\ai\emotions\services.py", line 44, in _rule_based_detect
    sentiment_res = SentimentAnalysisService.analyze(text)
  File "C:\Users\HP\Documents\mindCompass\mindcompass-backend\ai\sentiment\services.py", line 68, in analyze
    em_res = EmotionDetectionService.detect(text)
  File "C:\Users\HP\Documents\mindCompass\mindcompass-backend\ai\emotions\services.py", line 27, in detect
    return cls._rule_based_detect(text)
           ~~~~~~~~~~~~~~~~~~~~~~^^^^^^
  File "C:\Users\HP\Documents\mindCompass\mindcompass-backend\ai\emotions\services.py", line 44, in _rule_based_detect
    sentiment_res = SentimentAnalysisService.analyze(text)
  File "C:\Users\HP\Documents\mindCompass\mindcompass-backend\ai\sentiment\services.py", line 68, in analyze
    em_res = EmotionDetectionService.detect(text)
  File "C:\Users\HP\Documents\mindCompass\mindcompass-backend\ai\emotions\services.py", line 27, in detect
    return cls._rule_based_detect(text)
           ~~~~~~~~~~~~~~~~~~~~~~^^^^^^
  File "C:\Users\HP\Documents\mindCompass\mindcompass-backend\ai\emotions\services.py", line 44, in _rule_based_detect
    sentiment_res = SentimentAnalysisService.analyze(text)
  File "C:\Users\HP\Documents\mindCompass\mindcompass-backend\ai\sentiment\services.py", line 68, in analyze
    em_res = EmotionDetectionService.detect(text)
  File "C:\Users\HP\Documents\mindCompass\mindcompass-backend\ai\emotions\services.py", line 27, in detect
    return cls._rule_based_detect(text)
           ~~~~~~~~~~~~~~~~~~~~~~^^^^^^
  File "C:\Users\HP\Documents\mindCompass\mindcompass-backend\ai\emotions\services.py", line 44, in _rule_based_detect
    sentiment_res = SentimentAnalysisService.analyze(text)
  File "C:\Users\HP\Documents\mindCompass\mindcompass-backend\ai\sentiment\services.py", line 68, in analyze
    em_res = EmotionDetectionService.detect(text)
  File "C:\Users\HP\Documents\mindCompass\mindcompass-backend\ai\emotions\services.py", line 27, in detect
    return cls._rule_based_detect(text)
           ~~~~~~~~~~~~~~~~~~~~~~^^^^^^
  File "C:\Users\HP\Documents\mindCompass\mindcompass-backend\ai\emotions\services.py", line 44, in _rule_based_detect
    sentiment_res = SentimentAnalysisService.analyze(text)
  File "C:\Users\HP\Documents\mindCompass\mindcompass-backend\ai\sentiment\services.py", line 68, in analyze
    em_res = EmotionDetectionService.detect(text)
  File "C:\Users\HP\Documents\mindCompass\mindcompass-backend\ai\emotions\services.py", line 27, in detect
    return cls._rule_based_detect(text)
           ~~~~~~~~~~~~~~~~~~~~~~^^^^^^
  File "C:\Users\HP\Documents\mindCompass\mindcompass-backend\ai\emotions\services.py", line 44, in _rule_based_detect
    sentiment_res = SentimentAnalysisService.analyze(text)
  File "C:\Users\HP\Documents\mindCompass\mindcompass-backend\ai\sentiment\services.py", line 68, in analyze
    em_res = EmotionDetectionService.detect(text)
  File "C:\Users\HP\Documents\mindCompass\mindcompass-backend\ai\emotions\services.py", line 27, in detect
    return cls._rule_based_detect(text)
           ~~~~~~~~~~~~~~~~~~~~~~^^^^^^
  File "C:\Users\HP\Documents\mindCompass\mindcompass-backend\ai\emotions\services.py", line 44, in _rule_based_detect
    sentiment_res = SentimentAnalysisService.analyze(text)
  File "C:\Users\HP\Documents\mindCompass\mindcompass-backend\ai\sentiment\services.py", line 68, in analyze
    em_res = EmotionDetectionService.detect(text)
  File "C:\Users\HP\Documents\mindCompass\mindcompass-backend\ai\emotions\services.py", line 27, in detect
    return cls._rule_based_detect(text)
           ~~~~~~~~~~~~~~~~~~~~~~^^^^^^
  File "C:\Users\HP\Documents\mindCompass\mindcompass-backend\ai\emotions\services.py", line 44, in _rule_based_detect
    sentiment_res = SentimentAnalysisService.analyze(text)
  File "C:\Users\HP\Documents\mindCompass\mindcompass-backend\ai\sentiment\services.py", line 68, in analyze
    em_res = EmotionDetectionService.detect(text)
  File "C:\Users\HP\Documents\mindCompass\mindcompass-backend\ai\emotions\services.py", line 27, in detect
    return cls._rule_based_detect(text)
           ~~~~~~~~~~~~~~~~~~~~~~^^^^^^
  File "C:\Users\HP\Documents\mindCompass\mindcompass-backend\ai\emotions\services.py", line 44, in _rule_based_detect
    sentiment_res = SentimentAnalysisService.analyze(text)
  File "C:\Users\HP\Documents\mindCompass\mindcompass-backend\ai\sentiment\services.py", line 68, in analyze
    em_res = EmotionDetectionService.detect(text)
  File "C:\Users\HP\Documents\mindCompass\mindcompass-backend\ai\emotions\services.py", line 27, in detect
    return cls._rule_based_detect(text)
           ~~~~~~~~~~~~~~~~~~~~~~^^^^^^
  File "C:\Users\HP\Documents\mindCompass\mindcompass-backend\ai\emotions\services.py", line 44, in _rule_based_detect
    sentiment_res = SentimentAnalysisService.analyze(text)
  File "C:\Users\HP\Documents\mindCompass\mindcompass-backend\ai\sentiment\services.py", line 68, in analyze
    em_res = EmotionDetectionService.detect(text)
  File "C:\Users\HP\Documents\mindCompass\mindcompass-backend\ai\emotions\services.py", line 27, in detect
    return cls._rule_based_detect(text)
           ~~~~~~~~~~~~~~~~~~~~~~^^^^^^
  File "C:\Users\HP\Documents\mindCompass\mindcompass-backend\ai\emotions\services.py", line 44, in _rule_based_detect
    sentiment_res = SentimentAnalysisService.analyze(text)
  File "C:\Users\HP\Documents\mindCompass\mindcompass-backend\ai\sentiment\services.py", line 68, in analyze
    em_res = EmotionDetectionService.detect(text)
  File "C:\Users\HP\Documents\mindCompass\mindcompass-backend\ai\emotions\services.py", line 27, in detect
    return cls._rule_based_detect(text)
           ~~~~~~~~~~~~~~~~~~~~~~^^^^^^
  File "C:\Users\HP\Documents\mindCompass\mindcompass-backend\ai\emotions\services.py", line 44, in _rule_based_detect
    sentiment_res = SentimentAnalysisService.analyze(text)
  File "C:\Users\HP\Documents\mindCompass\mindcompass-backend\ai\sentiment\services.py", line 68, in analyze
    em_res = EmotionDetectionService.detect(text)
  File "C:\Users\HP\Documents\mindCompass\mindcompass-backend\ai\emotions\services.py", line 27, in detect
    return cls._rule_based_detect(text)
           ~~~~~~~~~~~~~~~~~~~~~~^^^^^^
  File "C:\Users\HP\Documents\mindCompass\mindcompass-backend\ai\emotions\services.py", line 44, in _rule_based_detect
    sentiment_res = SentimentAnalysisService.analyze(text)
  File "C:\Users\HP\Documents\mindCompass\mindcompass-backend\ai\sentiment\services.py", line 68, in analyze
    em_res = EmotionDetectionService.detect(text)
  File "C:\Users\HP\Documents\mindCompass\mindcompass-backend\ai\emotions\services.py", line 27, in detect
    return cls._rule_based_detect(text)
           ~~~~~~~~~~~~~~~~~~~~~~^^^^^^
  File "C:\Users\HP\Documents\mindCompass\mindcompass-backend\ai\emotions\services.py", line 44, in _rule_based_detect
    sentiment_res = SentimentAnalysisService.analyze(text)
  File "C:\Users\HP\Documents\mindCompass\mindcompass-backend\ai\sentiment\services.py", line 68, in analyze
    em_res = EmotionDetectionService.detect(text)
  File "C:\Users\HP\Documents\mindCompass\mindcompass-backend\ai\emotions\services.py", line 27, in detect
    return cls._rule_based_detect(text)
           ~~~~~~~~~~~~~~~~~~~~~~^^^^^^
  File "C:\Users\HP\Documents\mindCompass\mindcompass-backend\ai\emotions\services.py", line 44, in _rule_based_detect
    sentiment_res = SentimentAnalysisService.analyze(text)
  File "C:\Users\HP\Documents\mindCompass\mindcompass-backend\ai\sentiment\services.py", line 68, in analyze
    em_res = EmotionDetectionService.detect(text)
  File "C:\Users\HP\Documents\mindCompass\mindcompass-backend\ai\emotions\services.py", line 27, in detect
    return cls._rule_based_detect(text)
           ~~~~~~~~~~~~~~~~~~~~~~^^^^^^
  File "C:\Users\HP\Documents\mindCompass\mindcompass-backend\ai\emotions\services.py", line 44, in _rule_based_detect
    sentiment_res = SentimentAnalysisService.analyze(text)
  File "C:\Users\HP\Documents\mindCompass\mindcompass-backend\ai\sentiment\services.py", line 68, in analyze
    em_res = EmotionDetectionService.detect(text)
  File "C:\Users\HP\Documents\mindCompass\mindcompass-backend\ai\emotions\services.py", line 27, in detect
    return cls._rule_based_detect(text)
           ~~~~~~~~~~~~~~~~~~~~~~^^^^^^
  File "C:\Users\HP\Documents\mindCompass\mindcompass-backend\ai\emotions\services.py", line 44, in _rule_based_detect
    sentiment_res = SentimentAnalysisService.analyze(text)
  File "C:\Users\HP\Documents\mindCompass\mindcompass-backend\ai\sentiment\services.py", line 68, in analyze
    em_res = EmotionDetectionService.detect(text)
  File "C:\Users\HP\Documents\mindCompass\mindcompass-backend\ai\emotions\services.py", line 27, in detect
    return cls._rule_based_detect(text)
           ~~~~~~~~~~~~~~~~~~~~~~^^^^^^
  File "C:\Users\HP\Documents\mindCompass\mindcompass-backend\ai\emotions\services.py", line 44, in _rule_based_detect
    sentiment_res = SentimentAnalysisService.analyze(text)
  File "C:\Users\HP\Documents\mindCompass\mindcompass-backend\ai\sentiment\services.py", line 68, in analyze
    em_res = EmotionDetectionService.detect(text)
  File "C:\Users\HP\Documents\mindCompass\mindcompass-backend\ai\emotions\services.py", line 27, in detect
    return cls._rule_based_detect(text)
           ~~~~~~~~~~~~~~~~~~~~~~^^^^^^
  File "C:\Users\HP\Documents\mindCompass\mindcompass-backend\ai\emotions\services.py", line 44, in _rule_based_detect
    sentiment_res = SentimentAnalysisService.analyze(text)
  File "C:\Users\HP\Documents\mindCompass\mindcompass-backend\ai\sentiment\services.py", line 68, in analyze
    em_res = EmotionDetectionService.detect(text)
  File "C:\Users\HP\Documents\mindCompass\mindcompass-backend\ai\emotions\services.py", line 27, in detect
    return cls._rule_based_detect(text)
           ~~~~~~~~~~~~~~~~~~~~~~^^^^^^
  File "C:\Users\HP\Documents\mindCompass\mindcompass-backend\ai\emotions\services.py", line 44, in _rule_based_detect
    sentiment_res = SentimentAnalysisService.analyze(text)
  File "C:\Users\HP\Documents\mindCompass\mindcompass-backend\ai\sentiment\services.py", line 68, in analyze
    em_res = EmotionDetectionService.detect(text)
  File "C:\Users\HP\Documents\mindCompass\mindcompass-backend\ai\emotions\services.py", line 27, in detect
    return cls._rule_based_detect(text)
           ~~~~~~~~~~~~~~~~~~~~~~^^^^^^
  File "C:\Users\HP\Documents\mindCompass\mindcompass-backend\ai\emotions\services.py", line 44, in _rule_based_detect
    sentiment_res = SentimentAnalysisService.analyze(text)
  File "C:\Users\HP\Documents\mindCompass\mindcompass-backend\ai\sentiment\services.py", line 68, in analyze
    em_res = EmotionDetectionService.detect(text)
  File "C:\Users\HP\Documents\mindCompass\mindcompass-backend\ai\emotions\services.py", line 27, in detect
    return cls._rule_based_detect(text)
           ~~~~~~~~~~~~~~~~~~~~~~^^^^^^
  File "C:\Users\HP\Documents\mindCompass\mindcompass-backend\ai\emotions\services.py", line 44, in _rule_based_detect
    sentiment_res = SentimentAnalysisService.analyze(text)
  File "C:\Users\HP\Documents\mindCompass\mindcompass-backend\ai\sentiment\services.py", line 68, in analyze
    em_res = EmotionDetectionService.detect(text)
  File "C:\Users\HP\Documents\mindCompass\mindcompass-backend\ai\emotions\services.py", line 27, in detect
    return cls._rule_based_detect(text)
           ~~~~~~~~~~~~~~~~~~~~~~^^^^^^
  File "C:\Users\HP\Documents\mindCompass\mindcompass-backend\ai\emotions\services.py", line 44, in _rule_based_detect
    sentiment_res = SentimentAnalysisService.analyze(text)
  File "C:\Users\HP\Documents\mindCompass\mindcompass-backend\ai\sentiment\services.py", line 68, in analyze
    em_res = EmotionDetectionService.detect(text)
  File "C:\Users\HP\Documents\mindCompass\mindcompass-backend\ai\emotions\services.py", line 27, in detect
    return cls._rule_based_detect(text)
           ~~~~~~~~~~~~~~~~~~~~~~^^^^^^
  File "C:\Users\HP\Documents\mindCompass\mindcompass-backend\ai\emotions\services.py", line 44, in _rule_based_detect
    sentiment_res = SentimentAnalysisService.analyze(text)
  File "C:\Users\HP\Documents\mindCompass\mindcompass-backend\ai\sentiment\services.py", line 68, in analyze
    em_res = EmotionDetectionService.detect(text)
  File "C:\Users\HP\Documents\mindCompass\mindcompass-backend\ai\emotions\services.py", line 27, in detect
    return cls._rule_based_detect(text)
           ~~~~~~~~~~~~~~~~~~~~~~^^^^^^
  File "C:\Users\HP\Documents\mindCompass\mindcompass-backend\ai\emotions\services.py", line 44, in _rule_based_detect
    sentiment_res = SentimentAnalysisService.analyze(text)
  File "C:\Users\HP\Documents\mindCompass\mindcompass-backend\ai\sentiment\services.py", line 68, in analyze
    em_res = EmotionDetectionService.detect(text)
  File "C:\Users\HP\Documents\mindCompass\mindcompass-backend\ai\emotions\services.py", line 27, in detect
    return cls._rule_based_detect(text)
           ~~~~~~~~~~~~~~~~~~~~~~^^^^^^
  File "C:\Users\HP\Documents\mindCompass\mindcompass-backend\ai\emotions\services.py", line 44, in _rule_based_detect
    sentiment_res = SentimentAnalysisService.analyze(text)
  File "C:\Users\HP\Documents\mindCompass\mindcompass-backend\ai\sentiment\services.py", line 68, in analyze
    em_res = EmotionDetectionService.detect(text)
  File "C:\Users\HP\Documents\mindCompass\mindcompass-backend\ai\emotions\services.py", line 27, in detect
    return cls._rule_based_detect(text)
           ~~~~~~~~~~~~~~~~~~~~~~^^^^^^
  File "C:\Users\HP\Documents\mindCompass\mindcompass-backend\ai\emotions\services.py", line 44, in _rule_based_detect
    sentiment_res = SentimentAnalysisService.analyze(text)
  File "C:\Users\HP\Documents\mindCompass\mindcompass-backend\ai\sentiment\services.py", line 68, in analyze
    em_res = EmotionDetectionService.detect(text)
  File "C:\Users\HP\Documents\mindCompass\mindcompass-backend\ai\emotions\services.py", line 27, in detect
    return cls._rule_based_detect(text)
           ~~~~~~~~~~~~~~~~~~~~~~^^^^^^
  File "C:\Users\HP\Documents\mindCompass\mindcompass-backend\ai\emotions\services.py", line 44, in _rule_based_detect
    sentiment_res = SentimentAnalysisService.analyze(text)
  File "C:\Users\HP\Documents\mindCompass\mindcompass-backend\ai\sentiment\services.py", line 68, in analyze
    em_res = EmotionDetectionService.detect(text)
  File "C:\Users\HP\Documents\mindCompass\mindcompass-backend\ai\emotions\services.py", line 27, in detect
    return cls._rule_based_detect(text)
           ~~~~~~~~~~~~~~~~~~~~~~^^^^^^
  File "C:\Users\HP\Documents\mindCompass\mindcompass-backend\ai\emotions\services.py", line 44, in _rule_based_detect
    sentiment_res = SentimentAnalysisService.analyze(text)
  File "C:\Users\HP\Documents\mindCompass\mindcompass-backend\ai\sentiment\services.py", line 68, in analyze
    em_res = EmotionDetectionService.detect(text)
  File "C:\Users\HP\Documents\mindCompass\mindcompass-backend\ai\emotions\services.py", line 27, in detect
    return cls._rule_based_detect(text)
           ~~~~~~~~~~~~~~~~~~~~~~^^^^^^
  File "C:\Users\HP\Documents\mindCompass\mindcompass-backend\ai\emotions\services.py", line 44, in _rule_based_detect
    sentiment_res = SentimentAnalysisService.analyze(text)
  File "C:\Users\HP\Documents\mindCompass\mindcompass-backend\ai\sentiment\services.py", line 68, in analyze
    em_res = EmotionDetectionService.detect(text)
  File "C:\Users\HP\Documents\mindCompass\mindcompass-backend\ai\emotions\services.py", line 27, in detect
    return cls._rule_based_detect(text)
           ~~~~~~~~~~~~~~~~~~~~~~^^^^^^
  File "C:\Users\HP\Documents\mindCompass\mindcompass-backend\ai\emotions\services.py", line 44, in _rule_based_detect
    sentiment_res = SentimentAnalysisService.analyze(text)
  File "C:\Users\HP\Documents\mindCompass\mindcompass-backend\ai\sentiment\services.py", line 68, in analyze
    em_res = EmotionDetectionService.detect(text)
  File "C:\Users\HP\Documents\mindCompass\mindcompass-backend\ai\emotions\services.py", line 27, in detect
    return cls._rule_based_detect(text)
           ~~~~~~~~~~~~~~~~~~~~~~^^^^^^
  File "C:\Users\HP\Documents\mindCompass\mindcompass-backend\ai\emotions\services.py", line 44, in _rule_based_detect
    sentiment_res = SentimentAnalysisService.analyze(text)
  File "C:\Users\HP\Documents\mindCompass\mindcompass-backend\ai\sentiment\services.py", line 68, in analyze
    em_res = EmotionDetectionService.detect(text)
  File "C:\Users\HP\Documents\mindCompass\mindcompass-backend\ai\emotions\services.py", line 27, in detect
    return cls._rule_based_detect(text)
           ~~~~~~~~~~~~~~~~~~~~~~^^^^^^
  File "C:\Users\HP\Documents\mindCompass\mindcompass-backend\ai\emotions\services.py", line 44, in _rule_based_detect
    sentiment_res = SentimentAnalysisService.analyze(text)
  File "C:\Users\HP\Documents\mindCompass\mindcompass-backend\ai\sentiment\services.py", line 68, in analyze
    em_res = EmotionDetectionService.detect(text)
  File "C:\Users\HP\Documents\mindCompass\mindcompass-backend\ai\emotions\services.py", line 27, in detect
    return cls._rule_based_detect(text)
           ~~~~~~~~~~~~~~~~~~~~~~^^^^^^
  File "C:\Users\HP\Documents\mindCompass\mindcompass-backend\ai\emotions\services.py", line 44, in _rule_based_detect
    sentiment_res = SentimentAnalysisService.analyze(text)
  File "C:\Users\HP\Documents\mindCompass\mindcompass-backend\ai\sentiment\services.py", line 68, in analyze
    em_res = EmotionDetectionService.detect(text)
  File "C:\Users\HP\Documents\mindCompass\mindcompass-backend\ai\emotions\services.py", line 27, in detect
    return cls._rule_based_detect(text)
           ~~~~~~~~~~~~~~~~~~~~~~^^^^^^
  File "C:\Users\HP\Documents\mindCompass\mindcompass-backend\ai\emotions\services.py", line 44, in _rule_based_detect
    sentiment_res = SentimentAnalysisService.analyze(text)
  File "C:\Users\HP\Documents\mindCompass\mindcompass-backend\ai\sentiment\services.py", line 68, in analyze
    em_res = EmotionDetectionService.detect(text)
  File "C:\Users\HP\Documents\mindCompass\mindcompass-backend\ai\emotions\services.py", line 27, in detect
    return cls._rule_based_detect(text)
           ~~~~~~~~~~~~~~~~~~~~~~^^^^^^
  File "C:\Users\HP\Documents\mindCompass\mindcompass-backend\ai\emotions\services.py", line 44, in _rule_based_detect
    sentiment_res = SentimentAnalysisService.analyze(text)
  File "C:\Users\HP\Documents\mindCompass\mindcompass-backend\ai\sentiment\services.py", line 68, in analyze
    em_res = EmotionDetectionService.detect(text)
  File "C:\Users\HP\Documents\mindCompass\mindcompass-backend\ai\emotions\services.py", line 27, in detect
    return cls._rule_based_detect(text)
           ~~~~~~~~~~~~~~~~~~~~~~^^^^^^
  File "C:\Users\HP\Documents\mindCompass\mindcompass-backend\ai\emotions\services.py", line 44, in _rule_based_detect
    sentiment_res = SentimentAnalysisService.analyze(text)
  File "C:\Users\HP\Documents\mindCompass\mindcompass-backend\ai\sentiment\services.py", line 68, in analyze
    em_res = EmotionDetectionService.detect(text)
  File "C:\Users\HP\Documents\mindCompass\mindcompass-backend\ai\emotions\services.py", line 27, in detect
    return cls._rule_based_detect(text)
           ~~~~~~~~~~~~~~~~~~~~~~^^^^^^
  File "C:\Users\HP\Documents\mindCompass\mindcompass-backend\ai\emotions\services.py", line 44, in _rule_based_detect
    sentiment_res = SentimentAnalysisService.analyze(text)
  File "C:\Users\HP\Documents\mindCompass\mindcompass-backend\ai\sentiment\services.py", line 68, in analyze
    em_res = EmotionDetectionService.detect(text)
  File "C:\Users\HP\Documents\mindCompass\mindcompass-backend\ai\emotions\services.py", line 27, in detect
    return cls._rule_based_detect(text)
           ~~~~~~~~~~~~~~~~~~~~~~^^^^^^
  File "C:\Users\HP\Documents\mindCompass\mindcompass-backend\ai\emotions\services.py", line 44, in _rule_based_detect
    sentiment_res = SentimentAnalysisService.analyze(text)
  File "C:\Users\HP\Documents\mindCompass\mindcompass-backend\ai\sentiment\services.py", line 68, in analyze
    em_res = EmotionDetectionService.detect(text)
  File "C:\Users\HP\Documents\mindCompass\mindcompass-backend\ai\emotions\services.py", line 27, in detect
    return cls._rule_based_detect(text)
           ~~~~~~~~~~~~~~~~~~~~~~^^^^^^
  File "C:\Users\HP\Documents\mindCompass\mindcompass-backend\ai\emotions\services.py", line 44, in _rule_based_detect
    sentiment_res = SentimentAnalysisService.analyze(text)
  File "C:\Users\HP\Documents\mindCompass\mindcompass-backend\ai\sentiment\services.py", line 68, in analyze
    em_res = EmotionDetectionService.detect(text)
  File "C:\Users\HP\Documents\mindCompass\mindcompass-backend\ai\emotions\services.py", line 27, in detect
    return cls._rule_based_detect(text)
           ~~~~~~~~~~~~~~~~~~~~~~^^^^^^
  File "C:\Users\HP\Documents\mindCompass\mindcompass-backend\ai\emotions\services.py", line 44, in _rule_based_detect
    sentiment_res = SentimentAnalysisService.analyze(text)
  File "C:\Users\HP\Documents\mindCompass\mindcompass-backend\ai\sentiment\services.py", line 68, in analyze
    em_res = EmotionDetectionService.detect(text)
  File "C:\Users\HP\Documents\mindCompass\mindcompass-backend\ai\emotions\services.py", line 27, in detect
    return cls._rule_based_detect(text)
           ~~~~~~~~~~~~~~~~~~~~~~^^^^^^
  File "C:\Users\HP\Documents\mindCompass\mindcompass-backend\ai\emotions\services.py", line 44, in _rule_based_detect
    sentiment_res = SentimentAnalysisService.analyze(text)
  File "C:\Users\HP\Documents\mindCompass\mindcompass-backend\ai\sentiment\services.py", line 68, in analyze
    em_res = EmotionDetectionService.detect(text)
  File "C:\Users\HP\Documents\mindCompass\mindcompass-backend\ai\emotions\services.py", line 27, in detect
    return cls._rule_based_detect(text)
           ~~~~~~~~~~~~~~~~~~~~~~^^^^^^
  File "C:\Users\HP\Documents\mindCompass\mindcompass-backend\ai\emotions\services.py", line 44, in _rule_based_detect
    sentiment_res = SentimentAnalysisService.analyze(text)
  File "C:\Users\HP\Documents\mindCompass\mindcompass-backend\ai\sentiment\services.py", line 68, in analyze
    em_res = EmotionDetectionService.detect(text)
  File "C:\Users\HP\Documents\mindCompass\mindcompass-backend\ai\emotions\services.py", line 27, in detect
    return cls._rule_based_detect(text)
           ~~~~~~~~~~~~~~~~~~~~~~^^^^^^
  File "C:\Users\HP\Documents\mindCompass\mindcompass-backend\ai\emotions\services.py", line 44, in _rule_based_detect
    sentiment_res = SentimentAnalysisService.analyze(text)
  File "C:\Users\HP\Documents\mindCompass\mindcompass-backend\ai\sentiment\services.py", line 68, in analyze
    em_res = EmotionDetectionService.detect(text)
  File "C:\Users\HP\Documents\mindCompass\mindcompass-backend\ai\emotions\services.py", line 27, in detect
    return cls._rule_based_detect(text)
           ~~~~~~~~~~~~~~~~~~~~~~^^^^^^
  File "C:\Users\HP\Documents\mindCompass\mindcompass-backend\ai\emotions\services.py", line 44, in _rule_based_detect
    sentiment_res = SentimentAnalysisService.analyze(text)
  File "C:\Users\HP\Documents\mindCompass\mindcompass-backend\ai\sentiment\services.py", line 68, in analyze
    em_res = EmotionDetectionService.detect(text)
  File "C:\Users\HP\Documents\mindCompass\mindcompass-backend\ai\emotions\services.py", line 27, in detect
    return cls._rule_based_detect(text)
           ~~~~~~~~~~~~~~~~~~~~~~^^^^^^
  File "C:\Users\HP\Documents\mindCompass\mindcompass-backend\ai\emotions\services.py", line 44, in _rule_based_detect
    sentiment_res = SentimentAnalysisService.analyze(text)
  File "C:\Users\HP\Documents\mindCompass\mindcompass-backend\ai\sentiment\services.py", line 68, in analyze
    em_res = EmotionDetectionService.detect(text)
  File "C:\Users\HP\Documents\mindCompass\mindcompass-backend\ai\emotions\services.py", line 27, in detect
    return cls._rule_based_detect(text)
           ~~~~~~~~~~~~~~~~~~~~~~^^^^^^
  File "C:\Users\HP\Documents\mindCompass\mindcompass-backend\ai\emotions\services.py", line 44, in _rule_based_detect
    sentiment_res = SentimentAnalysisService.analyze(text)
  File "C:\Users\HP\Documents\mindCompass\mindcompass-backend\ai\sentiment\services.py", line 68, in analyze
    em_res = EmotionDetectionService.detect(text)
  File "C:\Users\HP\Documents\mindCompass\mindcompass-backend\ai\emotions\services.py", line 27, in detect
    return cls._rule_based_detect(text)
           ~~~~~~~~~~~~~~~~~~~~~~^^^^^^
  File "C:\Users\HP\Documents\mindCompass\mindcompass-backend\ai\emotions\services.py", line 44, in _rule_based_detect
    sentiment_res = SentimentAnalysisService.analyze(text)
  File "C:\Users\HP\Documents\mindCompass\mindcompass-backend\ai\sentiment\services.py", line 68, in analyze
    em_res = EmotionDetectionService.detect(text)
  File "C:\Users\HP\Documents\mindCompass\mindcompass-backend\ai\emotions\services.py", line 27, in detect
    return cls._rule_based_detect(text)
           ~~~~~~~~~~~~~~~~~~~~~~^^^^^^
  File "C:\Users\HP\Documents\mindCompass\mindcompass-backend\ai\emotions\services.py", line 44, in _rule_based_detect
    sentiment_res = SentimentAnalysisService.analyze(text)
  File "C:\Users\HP\Documents\mindCompass\mindcompass-backend\ai\sentiment\services.py", line 68, in analyze
    em_res = EmotionDetectionService.detect(text)
  File "C:\Users\HP\Documents\mindCompass\mindcompass-backend\ai\emotions\services.py", line 27, in detect
    return cls._rule_based_detect(text)
           ~~~~~~~~~~~~~~~~~~~~~~^^^^^^
  File "C:\Users\HP\Documents\mindCompass\mindcompass-backend\ai\emotions\services.py", line 44, in _rule_based_detect
    sentiment_res = SentimentAnalysisService.analyze(text)
  File "C:\Users\HP\Documents\mindCompass\mindcompass-backend\ai\sentiment\services.py", line 68, in analyze
    em_res = EmotionDetectionService.detect(text)
  File "C:\Users\HP\Documents\mindCompass\mindcompass-backend\ai\emotions\services.py", line 27, in detect
    return cls._rule_based_detect(text)
           ~~~~~~~~~~~~~~~~~~~~~~^^^^^^
  File "C:\Users\HP\Documents\mindCompass\mindcompass-backend\ai\emotions\services.py", line 44, in _rule_based_detect
    sentiment_res = SentimentAnalysisService.analyze(text)
  File "C:\Users\HP\Documents\mindCompass\mindcompass-backend\ai\sentiment\services.py", line 68, in analyze
    em_res = EmotionDetectionService.detect(text)
  File "C:\Users\HP\Documents\mindCompass\mindcompass-backend\ai\emotions\services.py", line 27, in detect
    return cls._rule_based_detect(text)
           ~~~~~~~~~~~~~~~~~~~~~~^^^^^^
  File "C:\Users\HP\Documents\mindCompass\mindcompass-backend\ai\emotions\services.py", line 44, in _rule_based_detect
    sentiment_res = SentimentAnalysisService.analyze(text)
  File "C:\Users\HP\Documents\mindCompass\mindcompass-backend\ai\sentiment\services.py", line 68, in analyze
    em_res = EmotionDetectionService.detect(text)
  File "C:\Users\HP\Documents\mindCompass\mindcompass-backend\ai\emotions\services.py", line 27, in detect
    return cls._rule_based_detect(text)
           ~~~~~~~~~~~~~~~~~~~~~~^^^^^^
  File "C:\Users\HP\Documents\mindCompass\mindcompass-backend\ai\emotions\services.py", line 44, in _rule_based_detect
    sentiment_res = SentimentAnalysisService.analyze(text)
  File "C:\Users\HP\Documents\mindCompass\mindcompass-backend\ai\sentiment\services.py", line 68, in analyze
    em_res = EmotionDetectionService.detect(text)
  File "C:\Users\HP\Documents\mindCompass\mindcompass-backend\ai\emotions\services.py", line 27, in detect
    return cls._rule_based_detect(text)
           ~~~~~~~~~~~~~~~~~~~~~~^^^^^^
  File "C:\Users\HP\Documents\mindCompass\mindcompass-backend\ai\emotions\services.py", line 44, in _rule_based_detect
    sentiment_res = SentimentAnalysisService.analyze(text)
  File "C:\Users\HP\Documents\mindCompass\mindcompass-backend\ai\sentiment\services.py", line 68, in analyze
    em_res = EmotionDetectionService.detect(text)
  File "C:\Users\HP\Documents\mindCompass\mindcompass-backend\ai\emotions\services.py", line 27, in detect
    return cls._rule_based_detect(text)
           ~~~~~~~~~~~~~~~~~~~~~~^^^^^^
  File "C:\Users\HP\Documents\mindCompass\mindcompass-backend\ai\emotions\services.py", line 44, in _rule_based_detect
    sentiment_res = SentimentAnalysisService.analyze(text)
  File "C:\Users\HP\Documents\mindCompass\mindcompass-backend\ai\sentiment\services.py", line 68, in analyze
    em_res = EmotionDetectionService.detect(text)
  File "C:\Users\HP\Documents\mindCompass\mindcompass-backend\ai\emotions\services.py", line 27, in detect
    return cls._rule_based_detect(text)
           ~~~~~~~~~~~~~~~~~~~~~~^^^^^^
  File "C:\Users\HP\Documents\mindCompass\mindcompass-backend\ai\emotions\services.py", line 44, in _rule_based_detect
    sentiment_res = SentimentAnalysisService.analyze(text)
  File "C:\Users\HP\Documents\mindCompass\mindcompass-backend\ai\sentiment\services.py", line 68, in analyze
    em_res = EmotionDetectionService.detect(text)
  File "C:\Users\HP\Documents\mindCompass\mindcompass-backend\ai\emotions\services.py", line 27, in detect
    return cls._rule_based_detect(text)
           ~~~~~~~~~~~~~~~~~~~~~~^^^^^^
  File "C:\Users\HP\Documents\mindCompass\mindcompass-backend\ai\emotions\services.py", line 44, in _rule_based_detect
    sentiment_res = SentimentAnalysisService.analyze(text)
  File "C:\Users\HP\Documents\mindCompass\mindcompass-backend\ai\sentiment\services.py", line 68, in analyze
    em_res = EmotionDetectionService.detect(text)
  File "C:\Users\HP\Documents\mindCompass\mindcompass-backend\ai\emotions\services.py", line 27, in detect
    return cls._rule_based_detect(text)
           ~~~~~~~~~~~~~~~~~~~~~~^^^^^^
  File "C:\Users\HP\Documents\mindCompass\mindcompass-backend\ai\emotions\services.py", line 44, in _rule_based_detect
    sentiment_res = SentimentAnalysisService.analyze(text)
  File "C:\Users\HP\Documents\mindCompass\mindcompass-backend\ai\sentiment\services.py", line 68, in analyze
    em_res = EmotionDetectionService.detect(text)
  File "C:\Users\HP\Documents\mindCompass\mindcompass-backend\ai\emotions\services.py", line 27, in detect
    return cls._rule_based_detect(text)
           ~~~~~~~~~~~~~~~~~~~~~~^^^^^^
  File "C:\Users\HP\Documents\mindCompass\mindcompass-backend\ai\emotions\services.py", line 44, in _rule_based_detect
    sentiment_res = SentimentAnalysisService.analyze(text)
  File "C:\Users\HP\Documents\mindCompass\mindcompass-backend\ai\sentiment\services.py", line 68, in analyze
    em_res = EmotionDetectionService.detect(text)
  File "C:\Users\HP\Documents\mindCompass\mindcompass-backend\ai\emotions\services.py", line 27, in detect
    return cls._rule_based_detect(text)
           ~~~~~~~~~~~~~~~~~~~~~~^^^^^^
  File "C:\Users\HP\Documents\mindCompass\mindcompass-backend\ai\emotions\services.py", line 44, in _rule_based_detect
    sentiment_res = SentimentAnalysisService.analyze(text)
  File "C:\Users\HP\Documents\mindCompass\mindcompass-backend\ai\sentiment\services.py", line 68, in analyze
    em_res = EmotionDetectionService.detect(text)
  File "C:\Users\HP\Documents\mindCompass\mindcompass-backend\ai\emotions\services.py", line 27, in detect
    return cls._rule_based_detect(text)
           ~~~~~~~~~~~~~~~~~~~~~~^^^^^^
  File "C:\Users\HP\Documents\mindCompass\mindcompass-backend\ai\emotions\services.py", line 44, in _rule_based_detect
    sentiment_res = SentimentAnalysisService.analyze(text)
  File "C:\Users\HP\Documents\mindCompass\mindcompass-backend\ai\sentiment\services.py", line 68, in analyze
    em_res = EmotionDetectionService.detect(text)
  File "C:\Users\HP\Documents\mindCompass\mindcompass-backend\ai\emotions\services.py", line 27, in detect
    return cls._rule_based_detect(text)
           ~~~~~~~~~~~~~~~~~~~~~~^^^^^^
  File "C:\Users\HP\Documents\mindCompass\mindcompass-backend\ai\emotions\services.py", line 44, in _rule_based_detect
    sentiment_res = SentimentAnalysisService.analyze(text)
  File "C:\Users\HP\Documents\mindCompass\mindcompass-backend\ai\sentiment\services.py", line 68, in analyze
    em_res = EmotionDetectionService.detect(text)
  File "C:\Users\HP\Documents\mindCompass\mindcompass-backend\ai\emotions\services.py", line 27, in detect
    return cls._rule_based_detect(text)
           ~~~~~~~~~~~~~~~~~~~~~~^^^^^^
  File "C:\Users\HP\Documents\mindCompass\mindcompass-backend\ai\emotions\services.py", line 44, in _rule_based_detect
    sentiment_res = SentimentAnalysisService.analyze(text)
  File "C:\Users\HP\Documents\mindCompass\mindcompass-backend\ai\sentiment\services.py", line 68, in analyze
    em_res = EmotionDetectionService.detect(text)
  File "C:\Users\HP\Documents\mindCompass\mindcompass-backend\ai\emotions\services.py", line 27, in detect
    return cls._rule_based_detect(text)
           ~~~~~~~~~~~~~~~~~~~~~~^^^^^^
  File "C:\Users\HP\Documents\mindCompass\mindcompass-backend\ai\emotions\services.py", line 44, in _rule_based_detect
    sentiment_res = SentimentAnalysisService.analyze(text)
  File "C:\Users\HP\Documents\mindCompass\mindcompass-backend\ai\sentiment\services.py", line 68, in analyze
    em_res = EmotionDetectionService.detect(text)
  File "C:\Users\HP\Documents\mindCompass\mindcompass-backend\ai\emotions\services.py", line 27, in detect
    return cls._rule_based_detect(text)
           ~~~~~~~~~~~~~~~~~~~~~~^^^^^^
  File "C:\Users\HP\Documents\mindCompass\mindcompass-backend\ai\emotions\services.py", line 44, in _rule_based_detect
    sentiment_res = SentimentAnalysisService.analyze(text)
  File "C:\Users\HP\Documents\mindCompass\mindcompass-backend\ai\sentiment\services.py", line 68, in analyze
    em_res = EmotionDetectionService.detect(text)
  File "C:\Users\HP\Documents\mindCompass\mindcompass-backend\ai\emotions\services.py", line 27, in detect
    return cls._rule_based_detect(text)
           ~~~~~~~~~~~~~~~~~~~~~~^^^^^^
  File "C:\Users\HP\Documents\mindCompass\mindcompass-backend\ai\emotions\services.py", line 44, in _rule_based_detect
    sentiment_res = SentimentAnalysisService.analyze(text)
  File "C:\Users\HP\Documents\mindCompass\mindcompass-backend\ai\sentiment\services.py", line 68, in analyze
    em_res = EmotionDetectionService.detect(text)
  File "C:\Users\HP\Documents\mindCompass\mindcompass-backend\ai\emotions\services.py", line 27, in detect
    return cls._rule_based_detect(text)
           ~~~~~~~~~~~~~~~~~~~~~~^^^^^^
  File "C:\Users\HP\Documents\mindCompass\mindcompass-backend\ai\emotions\services.py", line 44, in _rule_based_detect
    sentiment_res = SentimentAnalysisService.analyze(text)
  File "C:\Users\HP\Documents\mindCompass\mindcompass-backend\ai\sentiment\services.py", line 68, in analyze
    em_res = EmotionDetectionService.detect(text)
  File "C:\Users\HP\Documents\mindCompass\mindcompass-backend\ai\emotions\services.py", line 27, in detect
    return cls._rule_based_detect(text)
           ~~~~~~~~~~~~~~~~~~~~~~^^^^^^
  File "C:\Users\HP\Documents\mindCompass\mindcompass-backend\ai\emotions\services.py", line 44, in _rule_based_detect
    sentiment_res = SentimentAnalysisService.analyze(text)
  File "C:\Users\HP\Documents\mindCompass\mindcompass-backend\ai\sentiment\services.py", line 68, in analyze
    em_res = EmotionDetectionService.detect(text)
  File "C:\Users\HP\Documents\mindCompass\mindcompass-backend\ai\emotions\services.py", line 27, in detect
    return cls._rule_based_detect(text)
           ~~~~~~~~~~~~~~~~~~~~~~^^^^^^
  File "C:\Users\HP\Documents\mindCompass\mindcompass-backend\ai\emotions\services.py", line 44, in _rule_based_detect
    sentiment_res = SentimentAnalysisService.analyze(text)
  File "C:\Users\HP\Documents\mindCompass\mindcompass-backend\ai\sentiment\services.py", line 68, in analyze
    em_res = EmotionDetectionService.detect(text)
  File "C:\Users\HP\Documents\mindCompass\mindcompass-backend\ai\emotions\services.py", line 27, in detect
    return cls._rule_based_detect(text)
           ~~~~~~~~~~~~~~~~~~~~~~^^^^^^
  File "C:\Users\HP\Documents\mindCompass\mindcompass-backend\ai\emotions\services.py", line 44, in _rule_based_detect
    sentiment_res = SentimentAnalysisService.analyze(text)
  File "C:\Users\HP\Documents\mindCompass\mindcompass-backend\ai\sentiment\services.py", line 68, in analyze
    em_res = EmotionDetectionService.detect(text)
  File "C:\Users\HP\Documents\mindCompass\mindcompass-backend\ai\emotions\services.py", line 27, in detect
    return cls._rule_based_detect(text)
           ~~~~~~~~~~~~~~~~~~~~~~^^^^^^
  File "C:\Users\HP\Documents\mindCompass\mindcompass-backend\ai\emotions\services.py", line 44, in _rule_based_detect
    sentiment_res = SentimentAnalysisService.analyze(text)
  File "C:\Users\HP\Documents\mindCompass\mindcompass-backend\ai\sentiment\services.py", line 68, in analyze
    em_res = EmotionDetectionService.detect(text)
  File "C:\Users\HP\Documents\mindCompass\mindcompass-backend\ai\emotions\services.py", line 27, in detect
    return cls._rule_based_detect(text)
           ~~~~~~~~~~~~~~~~~~~~~~^^^^^^
  File "C:\Users\HP\Documents\mindCompass\mindcompass-backend\ai\emotions\services.py", line 44, in _rule_based_detect
    sentiment_res = SentimentAnalysisService.analyze(text)
  File "C:\Users\HP\Documents\mindCompass\mindcompass-backend\ai\sentiment\services.py", line 68, in analyze
    em_res = EmotionDetectionService.detect(text)
  File "C:\Users\HP\Documents\mindCompass\mindcompass-backend\ai\emotions\services.py", line 27, in detect
    return cls._rule_based_detect(text)
           ~~~~~~~~~~~~~~~~~~~~~~^^^^^^
  File "C:\Users\HP\Documents\mindCompass\mindcompass-backend\ai\emotions\services.py", line 44, in _rule_based_detect
    sentiment_res = SentimentAnalysisService.analyze(text)
  File "C:\Users\HP\Documents\mindCompass\mindcompass-backend\ai\sentiment\services.py", line 68, in analyze
    em_res = EmotionDetectionService.detect(text)
  File "C:\Users\HP\Documents\mindCompass\mindcompass-backend\ai\emotions\services.py", line 27, in detect
    return cls._rule_based_detect(text)
           ~~~~~~~~~~~~~~~~~~~~~~^^^^^^
  File "C:\Users\HP\Documents\mindCompass\mindcompass-backend\ai\emotions\services.py", line 44, in _rule_based_detect
    sentiment_res = SentimentAnalysisService.analyze(text)
  File "C:\Users\HP\Documents\mindCompass\mindcompass-backend\ai\sentiment\services.py", line 68, in analyze
    em_res = EmotionDetectionService.detect(text)
  File "C:\Users\HP\Documents\mindCompass\mindcompass-backend\ai\emotions\services.py", line 27, in detect
    return cls._rule_based_detect(text)
           ~~~~~~~~~~~~~~~~~~~~~~^^^^^^
  File "C:\Users\HP\Documents\mindCompass\mindcompass-backend\ai\emotions\services.py", line 44, in _rule_based_detect
    sentiment_res = SentimentAnalysisService.analyze(text)
  File "C:\Users\HP\Documents\mindCompass\mindcompass-backend\ai\sentiment\services.py", line 68, in analyze
    em_res = EmotionDetectionService.detect(text)
  File "C:\Users\HP\Documents\mindCompass\mindcompass-backend\ai\emotions\services.py", line 27, in detect
    return cls._rule_based_detect(text)
           ~~~~~~~~~~~~~~~~~~~~~~^^^^^^
  File "C:\Users\HP\Documents\mindCompass\mindcompass-backend\ai\emotions\services.py", line 44, in _rule_based_detect
    sentiment_res = SentimentAnalysisService.analyze(text)
  File "C:\Users\HP\Documents\mindCompass\mindcompass-backend\ai\sentiment\services.py", line 68, in analyze
    em_res = EmotionDetectionService.detect(text)
  File "C:\Users\HP\Documents\mindCompass\mindcompass-backend\ai\emotions\services.py", line 27, in detect
    return cls._rule_based_detect(text)
           ~~~~~~~~~~~~~~~~~~~~~~^^^^^^
  File "C:\Users\HP\Documents\mindCompass\mindcompass-backend\ai\emotions\services.py", line 44, in _rule_based_detect
    sentiment_res = SentimentAnalysisService.analyze(text)
  File "C:\Users\HP\Documents\mindCompass\mindcompass-backend\ai\sentiment\services.py", line 68, in analyze
    em_res = EmotionDetectionService.detect(text)
  File "C:\Users\HP\Documents\mindCompass\mindcompass-backend\ai\emotions\services.py", line 27, in detect
    return cls._rule_based_detect(text)
           ~~~~~~~~~~~~~~~~~~~~~~^^^^^^
  File "C:\Users\HP\Documents\mindCompass\mindcompass-backend\ai\emotions\services.py", line 44, in _rule_based_detect
    sentiment_res = SentimentAnalysisService.analyze(text)
  File "C:\Users\HP\Documents\mindCompass\mindcompass-backend\ai\sentiment\services.py", line 68, in analyze
    em_res = EmotionDetectionService.detect(text)
  File "C:\Users\HP\Documents\mindCompass\mindcompass-backend\ai\emotions\services.py", line 27, in detect
    return cls._rule_based_detect(text)
           ~~~~~~~~~~~~~~~~~~~~~~^^^^^^
  File "C:\Users\HP\Documents\mindCompass\mindcompass-backend\ai\emotions\services.py", line 44, in _rule_based_detect
    sentiment_res = SentimentAnalysisService.analyze(text)
  File "C:\Users\HP\Documents\mindCompass\mindcompass-backend\ai\sentiment\services.py", line 68, in analyze
    em_res = EmotionDetectionService.detect(text)
  File "C:\Users\HP\Documents\mindCompass\mindcompass-backend\ai\emotions\services.py", line 27, in detect
    return cls._rule_based_detect(text)
           ~~~~~~~~~~~~~~~~~~~~~~^^^^^^
  File "C:\Users\HP\Documents\mindCompass\mindcompass-backend\ai\emotions\services.py", line 44, in _rule_based_detect
    sentiment_res = SentimentAnalysisService.analyze(text)
  File "C:\Users\HP\Documents\mindCompass\mindcompass-backend\ai\sentiment\services.py", line 68, in analyze
    em_res = EmotionDetectionService.detect(text)
  File "C:\Users\HP\Documents\mindCompass\mindcompass-backend\ai\emotions\services.py", line 27, in detect
    return cls._rule_based_detect(text)
           ~~~~~~~~~~~~~~~~~~~~~~^^^^^^
  File "C:\Users\HP\Documents\mindCompass\mindcompass-backend\ai\emotions\services.py", line 44, in _rule_based_detect
    sentiment_res = SentimentAnalysisService.analyze(text)
  File "C:\Users\HP\Documents\mindCompass\mindcompass-backend\ai\sentiment\services.py", line 68, in analyze
    em_res = EmotionDetectionService.detect(text)
  File "C:\Users\HP\Documents\mindCompass\mindcompass-backend\ai\emotions\services.py", line 27, in detect
    return cls._rule_based_detect(text)
           ~~~~~~~~~~~~~~~~~~~~~~^^^^^^
  File "C:\Users\HP\Documents\mindCompass\mindcompass-backend\ai\emotions\services.py", line 44, in _rule_based_detect
    sentiment_res = SentimentAnalysisService.analyze(text)
  File "C:\Users\HP\Documents\mindCompass\mindcompass-backend\ai\sentiment\services.py", line 68, in analyze
    em_res = EmotionDetectionService.detect(text)
  File "C:\Users\HP\Documents\mindCompass\mindcompass-backend\ai\emotions\services.py", line 27, in detect
    return cls._rule_based_detect(text)
           ~~~~~~~~~~~~~~~~~~~~~~^^^^^^
  File "C:\Users\HP\Documents\mindCompass\mindcompass-backend\ai\emotions\services.py", line 44, in _rule_based_detect
    sentiment_res = SentimentAnalysisService.analyze(text)
  File "C:\Users\HP\Documents\mindCompass\mindcompass-backend\ai\sentiment\services.py", line 68, in analyze
    em_res = EmotionDetectionService.detect(text)
  File "C:\Users\HP\Documents\mindCompass\mindcompass-backend\ai\emotions\services.py", line 27, in detect
    return cls._rule_based_detect(text)
           ~~~~~~~~~~~~~~~~~~~~~~^^^^^^
  File "C:\Users\HP\Documents\mindCompass\mindcompass-backend\ai\emotions\services.py", line 44, in _rule_based_detect
    sentiment_res = SentimentAnalysisService.analyze(text)
  File "C:\Users\HP\Documents\mindCompass\mindcompass-backend\ai\sentiment\services.py", line 68, in analyze
    em_res = EmotionDetectionService.detect(text)
  File "C:\Users\HP\Documents\mindCompass\mindcompass-backend\ai\emotions\services.py", line 27, in detect
    return cls._rule_based_detect(text)
           ~~~~~~~~~~~~~~~~~~~~~~^^^^^^
  File "C:\Users\HP\Documents\mindCompass\mindcompass-backend\ai\emotions\services.py", line 44, in _rule_based_detect
    sentiment_res = SentimentAnalysisService.analyze(text)
  File "C:\Users\HP\Documents\mindCompass\mindcompass-backend\ai\sentiment\services.py", line 68, in analyze
    em_res = EmotionDetectionService.detect(text)
  File "C:\Users\HP\Documents\mindCompass\mindcompass-backend\ai\emotions\services.py", line 27, in detect
    return cls._rule_based_detect(text)
           ~~~~~~~~~~~~~~~~~~~~~~^^^^^^
  File "C:\Users\HP\Documents\mindCompass\mindcompass-backend\ai\emotions\services.py", line 44, in _rule_based_detect
    sentiment_res = SentimentAnalysisService.analyze(text)
  File "C:\Users\HP\Documents\mindCompass\mindcompass-backend\ai\sentiment\services.py", line 68, in analyze
    em_res = EmotionDetectionService.detect(text)
  File "C:\Users\HP\Documents\mindCompass\mindcompass-backend\ai\emotions\services.py", line 27, in detect
    return cls._rule_based_detect(text)
           ~~~~~~~~~~~~~~~~~~~~~~^^^^^^
  File "C:\Users\HP\Documents\mindCompass\mindcompass-backend\ai\emotions\services.py", line 44, in _rule_based_detect
    sentiment_res = SentimentAnalysisService.analyze(text)
  File "C:\Users\HP\Documents\mindCompass\mindcompass-backend\ai\sentiment\services.py", line 68, in analyze
    em_res = EmotionDetectionService.detect(text)
  File "C:\Users\HP\Documents\mindCompass\mindcompass-backend\ai\emotions\services.py", line 27, in detect
    return cls._rule_based_detect(text)
           ~~~~~~~~~~~~~~~~~~~~~~^^^^^^
  File "C:\Users\HP\Documents\mindCompass\mindcompass-backend\ai\emotions\services.py", line 44, in _rule_based_detect
    sentiment_res = SentimentAnalysisService.analyze(text)
  File "C:\Users\HP\Documents\mindCompass\mindcompass-backend\ai\sentiment\services.py", line 68, in analyze
    em_res = EmotionDetectionService.detect(text)
  File "C:\Users\HP\Documents\mindCompass\mindcompass-backend\ai\emotions\services.py", line 27, in detect
    return cls._rule_based_detect(text)
           ~~~~~~~~~~~~~~~~~~~~~~^^^^^^
  File "C:\Users\HP\Documents\mindCompass\mindcompass-backend\ai\emotions\services.py", line 44, in _rule_based_detect
    sentiment_res = SentimentAnalysisService.analyze(text)
  File "C:\Users\HP\Documents\mindCompass\mindcompass-backend\ai\sentiment\services.py", line 68, in analyze
    em_res = EmotionDetectionService.detect(text)
  File "C:\Users\HP\Documents\mindCompass\mindcompass-backend\ai\emotions\services.py", line 27, in detect
    return cls._rule_based_detect(text)
           ~~~~~~~~~~~~~~~~~~~~~~^^^^^^
  File "C:\Users\HP\Documents\mindCompass\mindcompass-backend\ai\emotions\services.py", line 44, in _rule_based_detect
    sentiment_res = SentimentAnalysisService.analyze(text)
  File "C:\Users\HP\Documents\mindCompass\mindcompass-backend\ai\sentiment\services.py", line 68, in analyze
    em_res = EmotionDetectionService.detect(text)
  File "C:\Users\HP\Documents\mindCompass\mindcompass-backend\ai\emotions\services.py", line 27, in detect
    return cls._rule_based_detect(text)
           ~~~~~~~~~~~~~~~~~~~~~~^^^^^^
  File "C:\Users\HP\Documents\mindCompass\mindcompass-backend\ai\emotions\services.py", line 44, in _rule_based_detect
    sentiment_res = SentimentAnalysisService.analyze(text)
  File "C:\Users\HP\Documents\mindCompass\mindcompass-backend\ai\sentiment\services.py", line 68, in analyze
    em_res = EmotionDetectionService.detect(text)
  File "C:\Users\HP\Documents\mindCompass\mindcompass-backend\ai\emotions\services.py", line 27, in detect
    return cls._rule_based_detect(text)
           ~~~~~~~~~~~~~~~~~~~~~~^^^^^^
  File "C:\Users\HP\Documents\mindCompass\mindcompass-backend\ai\emotions\services.py", line 44, in _rule_based_detect
    sentiment_res = SentimentAnalysisService.analyze(text)
  File "C:\Users\HP\Documents\mindCompass\mindcompass-backend\ai\sentiment\services.py", line 68, in analyze
    em_res = EmotionDetectionService.detect(text)
  File "C:\Users\HP\Documents\mindCompass\mindcompass-backend\ai\emotions\services.py", line 27, in detect
    return cls._rule_based_detect(text)
           ~~~~~~~~~~~~~~~~~~~~~~^^^^^^
  File "C:\Users\HP\Documents\mindCompass\mindcompass-backend\ai\emotions\services.py", line 44, in _rule_based_detect
    sentiment_res = SentimentAnalysisService.analyze(text)
  File "C:\Users\HP\Documents\mindCompass\mindcompass-backend\ai\sentiment\services.py", line 68, in analyze
    em_res = EmotionDetectionService.detect(text)
  File "C:\Users\HP\Documents\mindCompass\mindcompass-backend\ai\emotions\services.py", line 27, in detect
    return cls._rule_based_detect(text)
           ~~~~~~~~~~~~~~~~~~~~~~^^^^^^
  File "C:\Users\HP\Documents\mindCompass\mindcompass-backend\ai\emotions\services.py", line 44, in _rule_based_detect
    sentiment_res = SentimentAnalysisService.analyze(text)
  File "C:\Users\HP\Documents\mindCompass\mindcompass-backend\ai\sentiment\services.py", line 68, in analyze
    em_res = EmotionDetectionService.detect(text)
  File "C:\Users\HP\Documents\mindCompass\mindcompass-backend\ai\emotions\services.py", line 27, in detect
    return cls._rule_based_detect(text)
           ~~~~~~~~~~~~~~~~~~~~~~^^^^^^
  File "C:\Users\HP\Documents\mindCompass\mindcompass-backend\ai\emotions\services.py", line 44, in _rule_based_detect
    sentiment_res = SentimentAnalysisService.analyze(text)
  File "C:\Users\HP\Documents\mindCompass\mindcompass-backend\ai\sentiment\services.py", line 68, in analyze
    em_res = EmotionDetectionService.detect(text)
  File "C:\Users\HP\Documents\mindCompass\mindcompass-backend\ai\emotions\services.py", line 27, in detect
    return cls._rule_based_detect(text)
           ~~~~~~~~~~~~~~~~~~~~~~^^^^^^
  File "C:\Users\HP\Documents\mindCompass\mindcompass-backend\ai\emotions\services.py", line 44, in _rule_based_detect
    sentiment_res = SentimentAnalysisService.analyze(text)
  File "C:\Users\HP\Documents\mindCompass\mindcompass-backend\ai\sentiment\services.py", line 68, in analyze
    em_res = EmotionDetectionService.detect(text)
  File "C:\Users\HP\Documents\mindCompass\mindcompass-backend\ai\emotions\services.py", line 27, in detect
    return cls._rule_based_detect(text)
           ~~~~~~~~~~~~~~~~~~~~~~^^^^^^
  File "C:\Users\HP\Documents\mindCompass\mindcompass-backend\ai\emotions\services.py", line 44, in _rule_based_detect
    sentiment_res = SentimentAnalysisService.analyze(text)
  File "C:\Users\HP\Documents\mindCompass\mindcompass-backend\ai\sentiment\services.py", line 68, in analyze
    em_res = EmotionDetectionService.detect(text)
  File "C:\Users\HP\Documents\mindCompass\mindcompass-backend\ai\emotions\services.py", line 27, in detect
    return cls._rule_based_detect(text)
           ~~~~~~~~~~~~~~~~~~~~~~^^^^^^
  File "C:\Users\HP\Documents\mindCompass\mindcompass-backend\ai\emotions\services.py", line 44, in _rule_based_detect
    sentiment_res = SentimentAnalysisService.analyze(text)
  File "C:\Users\HP\Documents\mindCompass\mindcompass-backend\ai\sentiment\services.py", line 68, in analyze
    em_res = EmotionDetectionService.detect(text)
  File "C:\Users\HP\Documents\mindCompass\mindcompass-backend\ai\emotions\services.py", line 27, in detect
    return cls._rule_based_detect(text)
           ~~~~~~~~~~~~~~~~~~~~~~^^^^^^
  File "C:\Users\HP\Documents\mindCompass\mindcompass-backend\ai\emotions\services.py", line 44, in _rule_based_detect
    sentiment_res = SentimentAnalysisService.analyze(text)
  File "C:\Users\HP\Documents\mindCompass\mindcompass-backend\ai\sentiment\services.py", line 68, in analyze
    em_res = EmotionDetectionService.detect(text)
  File "C:\Users\HP\Documents\mindCompass\mindcompass-backend\ai\emotions\services.py", line 27, in detect
    return cls._rule_based_detect(text)
           ~~~~~~~~~~~~~~~~~~~~~~^^^^^^
  File "C:\Users\HP\Documents\mindCompass\mindcompass-backend\ai\emotions\services.py", line 44, in _rule_based_detect
    sentiment_res = SentimentAnalysisService.analyze(text)
  File "C:\Users\HP\Documents\mindCompass\mindcompass-backend\ai\sentiment\services.py", line 68, in analyze
    em_res = EmotionDetectionService.detect(text)
  File "C:\Users\HP\Documents\mindCompass\mindcompass-backend\ai\emotions\services.py", line 27, in detect
    return cls._rule_based_detect(text)
           ~~~~~~~~~~~~~~~~~~~~~~^^^^^^
  File "C:\Users\HP\Documents\mindCompass\mindcompass-backend\ai\emotions\services.py", line 44, in _rule_based_detect
    sentiment_res = SentimentAnalysisService.analyze(text)
  File "C:\Users\HP\Documents\mindCompass\mindcompass-backend\ai\sentiment\services.py", line 68, in analyze
    em_res = EmotionDetectionService.detect(text)
  File "C:\Users\HP\Documents\mindCompass\mindcompass-backend\ai\emotions\services.py", line 27, in detect
    return cls._rule_based_detect(text)
           ~~~~~~~~~~~~~~~~~~~~~~^^^^^^
  File "C:\Users\HP\Documents\mindCompass\mindcompass-backend\ai\emotions\services.py", line 44, in _rule_based_detect
    sentiment_res = SentimentAnalysisService.analyze(text)
  File "C:\Users\HP\Documents\mindCompass\mindcompass-backend\ai\sentiment\services.py", line 68, in analyze
    em_res = EmotionDetectionService.detect(text)
  File "C:\Users\HP\Documents\mindCompass\mindcompass-backend\ai\emotions\services.py", line 27, in detect
    return cls._rule_based_detect(text)
           ~~~~~~~~~~~~~~~~~~~~~~^^^^^^
  File "C:\Users\HP\Documents\mindCompass\mindcompass-backend\ai\emotions\services.py", line 44, in _rule_based_detect
    sentiment_res = SentimentAnalysisService.analyze(text)
  File "C:\Users\HP\Documents\mindCompass\mindcompass-backend\ai\sentiment\services.py", line 68, in analyze
    em_res = EmotionDetectionService.detect(text)
  File "C:\Users\HP\Documents\mindCompass\mindcompass-backend\ai\emotions\services.py", line 27, in detect
    return cls._rule_based_detect(text)
           ~~~~~~~~~~~~~~~~~~~~~~^^^^^^
  File "C:\Users\HP\Documents\mindCompass\mindcompass-backend\ai\emotions\services.py", line 44, in _rule_based_detect
    sentiment_res = SentimentAnalysisService.analyze(text)
  File "C:\Users\HP\Documents\mindCompass\mindcompass-backend\ai\sentiment\services.py", line 68, in analyze
    em_res = EmotionDetectionService.detect(text)
  File "C:\Users\HP\Documents\mindCompass\mindcompass-backend\ai\emotions\services.py", line 27, in detect
    return cls._rule_based_detect(text)
           ~~~~~~~~~~~~~~~~~~~~~~^^^^^^
  File "C:\Users\HP\Documents\mindCompass\mindcompass-backend\ai\emotions\services.py", line 44, in _rule_based_detect
    sentiment_res = SentimentAnalysisService.analyze(text)
  File "C:\Users\HP\Documents\mindCompass\mindcompass-backend\ai\sentiment\services.py", line 68, in analyze
    em_res = EmotionDetectionService.detect(text)
  File "C:\Users\HP\Documents\mindCompass\mindcompass-backend\ai\emotions\services.py", line 27, in detect
    return cls._rule_based_detect(text)
           ~~~~~~~~~~~~~~~~~~~~~~^^^^^^
  File "C:\Users\HP\Documents\mindCompass\mindcompass-backend\ai\emotions\services.py", line 44, in _rule_based_detect
    sentiment_res = SentimentAnalysisService.analyze(text)
  File "C:\Users\HP\Documents\mindCompass\mindcompass-backend\ai\sentiment\services.py", line 68, in analyze
    em_res = EmotionDetectionService.detect(text)
  File "C:\Users\HP\Documents\mindCompass\mindcompass-backend\ai\emotions\services.py", line 27, in detect
    return cls._rule_based_detect(text)
           ~~~~~~~~~~~~~~~~~~~~~~^^^^^^
  File "C:\Users\HP\Documents\mindCompass\mindcompass-backend\ai\emotions\services.py", line 44, in _rule_based_detect
    sentiment_res = SentimentAnalysisService.analyze(text)
  File "C:\Users\HP\Documents\mindCompass\mindcompass-backend\ai\sentiment\services.py", line 68, in analyze
    em_res = EmotionDetectionService.detect(text)
  File "C:\Users\HP\Documents\mindCompass\mindcompass-backend\ai\emotions\services.py", line 27, in detect
    return cls._rule_based_detect(text)
           ~~~~~~~~~~~~~~~~~~~~~~^^^^^^
  File "C:\Users\HP\Documents\mindCompass\mindcompass-backend\ai\emotions\services.py", line 44, in _rule_based_detect
    sentiment_res = SentimentAnalysisService.analyze(text)
  File "C:\Users\HP\Documents\mindCompass\mindcompass-backend\ai\sentiment\services.py", line 68, in analyze
    em_res = EmotionDetectionService.detect(text)
  File "C:\Users\HP\Documents\mindCompass\mindcompass-backend\ai\emotions\services.py", line 27, in detect
    return cls._rule_based_detect(text)
           ~~~~~~~~~~~~~~~~~~~~~~^^^^^^
  File "C:\Users\HP\Documents\mindCompass\mindcompass-backend\ai\emotions\services.py", line 44, in _rule_based_detect
    sentiment_res = SentimentAnalysisService.analyze(text)
  File "C:\Users\HP\Documents\mindCompass\mindcompass-backend\ai\sentiment\services.py", line 68, in analyze
    em_res = EmotionDetectionService.detect(text)
  File "C:\Users\HP\Documents\mindCompass\mindcompass-backend\ai\emotions\services.py", line 27, in detect
    return cls._rule_based_detect(text)
           ~~~~~~~~~~~~~~~~~~~~~~^^^^^^
  File "C:\Users\HP\Documents\mindCompass\mindcompass-backend\ai\emotions\services.py", line 44, in _rule_based_detect
    sentiment_res = SentimentAnalysisService.analyze(text)
  File "C:\Users\HP\Documents\mindCompass\mindcompass-backend\ai\sentiment\services.py", line 68, in analyze
    em_res = EmotionDetectionService.detect(text)
  File "C:\Users\HP\Documents\mindCompass\mindcompass-backend\ai\emotions\services.py", line 27, in detect
    return cls._rule_based_detect(text)
           ~~~~~~~~~~~~~~~~~~~~~~^^^^^^
  File "C:\Users\HP\Documents\mindCompass\mindcompass-backend\ai\emotions\services.py", line 44, in _rule_based_detect
    sentiment_res = SentimentAnalysisService.analyze(text)
  File "C:\Users\HP\Documents\mindCompass\mindcompass-backend\ai\sentiment\services.py", line 68, in analyze
    em_res = EmotionDetectionService.detect(text)
  File "C:\Users\HP\Documents\mindCompass\mindcompass-backend\ai\emotions\services.py", line 27, in detect
    return cls._rule_based_detect(text)
           ~~~~~~~~~~~~~~~~~~~~~~^^^^^^
  File "C:\Users\HP\Documents\mindCompass\mindcompass-backend\ai\emotions\services.py", line 44, in _rule_based_detect
    sentiment_res = SentimentAnalysisService.analyze(text)
  File "C:\Users\HP\Documents\mindCompass\mindcompass-backend\ai\sentiment\services.py", line 68, in analyze
    em_res = EmotionDetectionService.detect(text)
  File "C:\Users\HP\Documents\mindCompass\mindcompass-backend\ai\emotions\services.py", line 27, in detect
    return cls._rule_based_detect(text)
           ~~~~~~~~~~~~~~~~~~~~~~^^^^^^
  File "C:\Users\HP\Documents\mindCompass\mindcompass-backend\ai\emotions\services.py", line 44, in _rule_based_detect
    sentiment_res = SentimentAnalysisService.analyze(text)
  File "C:\Users\HP\Documents\mindCompass\mindcompass-backend\ai\sentiment\services.py", line 68, in analyze
    em_res = EmotionDetectionService.detect(text)
  File "C:\Users\HP\Documents\mindCompass\mindcompass-backend\ai\emotions\services.py", line 27, in detect
    return cls._rule_based_detect(text)
           ~~~~~~~~~~~~~~~~~~~~~~^^^^^^
  File "C:\Users\HP\Documents\mindCompass\mindcompass-backend\ai\emotions\services.py", line 44, in _rule_based_detect
    sentiment_res = SentimentAnalysisService.analyze(text)
  File "C:\Users\HP\Documents\mindCompass\mindcompass-backend\ai\sentiment\services.py", line 68, in analyze
    em_res = EmotionDetectionService.detect(text)
  File "C:\Users\HP\Documents\mindCompass\mindcompass-backend\ai\emotions\services.py", line 27, in detect
    return cls._rule_based_detect(text)
           ~~~~~~~~~~~~~~~~~~~~~~^^^^^^
  File "C:\Users\HP\Documents\mindCompass\mindcompass-backend\ai\emotions\services.py", line 44, in _rule_based_detect
    sentiment_res = SentimentAnalysisService.analyze(text)
  File "C:\Users\HP\Documents\mindCompass\mindcompass-backend\ai\sentiment\services.py", line 68, in analyze
    em_res = EmotionDetectionService.detect(text)
  File "C:\Users\HP\Documents\mindCompass\mindcompass-backend\ai\emotions\services.py", line 27, in detect
    return cls._rule_based_detect(text)
           ~~~~~~~~~~~~~~~~~~~~~~^^^^^^
  File "C:\Users\HP\Documents\mindCompass\mindcompass-backend\ai\emotions\services.py", line 44, in _rule_based_detect
    sentiment_res = SentimentAnalysisService.analyze(text)
  File "C:\Users\HP\Documents\mindCompass\mindcompass-backend\ai\sentiment\services.py", line 68, in analyze
    em_res = EmotionDetectionService.detect(text)
  File "C:\Users\HP\Documents\mindCompass\mindcompass-backend\ai\emotions\services.py", line 27, in detect
    return cls._rule_based_detect(text)
           ~~~~~~~~~~~~~~~~~~~~~~^^^^^^
  File "C:\Users\HP\Documents\mindCompass\mindcompass-backend\ai\emotions\services.py", line 44, in _rule_based_detect
    sentiment_res = SentimentAnalysisService.analyze(text)
  File "C:\Users\HP\Documents\mindCompass\mindcompass-backend\ai\sentiment\services.py", line 68, in analyze
    em_res = EmotionDetectionService.detect(text)
  File "C:\Users\HP\Documents\mindCompass\mindcompass-backend\ai\emotions\services.py", line 27, in detect
    return cls._rule_based_detect(text)
           ~~~~~~~~~~~~~~~~~~~~~~^^^^^^
  File "C:\Users\HP\Documents\mindCompass\mindcompass-backend\ai\emotions\services.py", line 44, in _rule_based_detect
    sentiment_res = SentimentAnalysisService.analyze(text)
  File "C:\Users\HP\Documents\mindCompass\mindcompass-backend\ai\sentiment\services.py", line 68, in analyze
    em_res = EmotionDetectionService.detect(text)
  File "C:\Users\HP\Documents\mindCompass\mindcompass-backend\ai\emotions\services.py", line 27, in detect
    return cls._rule_based_detect(text)
           ~~~~~~~~~~~~~~~~~~~~~~^^^^^^
  File "C:\Users\HP\Documents\mindCompass\mindcompass-backend\ai\emotions\services.py", line 44, in _rule_based_detect
    sentiment_res = SentimentAnalysisService.analyze(text)
  File "C:\Users\HP\Documents\mindCompass\mindcompass-backend\ai\sentiment\services.py", line 68, in analyze
    em_res = EmotionDetectionService.detect(text)
  File "C:\Users\HP\Documents\mindCompass\mindcompass-backend\ai\emotions\services.py", line 27, in detect
    return cls._rule_based_detect(text)
           ~~~~~~~~~~~~~~~~~~~~~~^^^^^^
  File "C:\Users\HP\Documents\mindCompass\mindcompass-backend\ai\emotions\services.py", line 44, in _rule_based_detect
    sentiment_res = SentimentAnalysisService.analyze(text)
  File "C:\Users\HP\Documents\mindCompass\mindcompass-backend\ai\sentiment\services.py", line 68, in analyze
    em_res = EmotionDetectionService.detect(text)
  File "C:\Users\HP\Documents\mindCompass\mindcompass-backend\ai\emotions\services.py", line 27, in detect
    return cls._rule_based_detect(text)
           ~~~~~~~~~~~~~~~~~~~~~~^^^^^^
  File "C:\Users\HP\Documents\mindCompass\mindcompass-backend\ai\emotions\services.py", line 44, in _rule_based_detect
    sentiment_res = SentimentAnalysisService.analyze(text)
  File "C:\Users\HP\Documents\mindCompass\mindcompass-backend\ai\sentiment\services.py", line 68, in analyze
    em_res = EmotionDetectionService.detect(text)
  File "C:\Users\HP\Documents\mindCompass\mindcompass-backend\ai\emotions\services.py", line 27, in detect
    return cls._rule_based_detect(text)
           ~~~~~~~~~~~~~~~~~~~~~~^^^^^^
  File "C:\Users\HP\Documents\mindCompass\mindcompass-backend\ai\emotions\services.py", line 44, in _rule_based_detect
    sentiment_res = SentimentAnalysisService.analyze(text)
  File "C:\Users\HP\Documents\mindCompass\mindcompass-backend\ai\sentiment\services.py", line 68, in analyze
    em_res = EmotionDetectionService.detect(text)
  File "C:\Users\HP\Documents\mindCompass\mindcompass-backend\ai\emotions\services.py", line 27, in detect
    return cls._rule_based_detect(text)
           ~~~~~~~~~~~~~~~~~~~~~~^^^^^^
  File "C:\Users\HP\Documents\mindCompass\mindcompass-backend\ai\emotions\services.py", line 44, in _rule_based_detect
    sentiment_res = SentimentAnalysisService.analyze(text)
  File "C:\Users\HP\Documents\mindCompass\mindcompass-backend\ai\sentiment\services.py", line 68, in analyze
    em_res = EmotionDetectionService.detect(text)
  File "C:\Users\HP\Documents\mindCompass\mindcompass-backend\ai\emotions\services.py", line 27, in detect
    return cls._rule_based_detect(text)
           ~~~~~~~~~~~~~~~~~~~~~~^^^^^^
  File "C:\Users\HP\Documents\mindCompass\mindcompass-backend\ai\emotions\services.py", line 44, in _rule_based_detect
    sentiment_res = SentimentAnalysisService.analyze(text)
  File "C:\Users\HP\Documents\mindCompass\mindcompass-backend\ai\sentiment\services.py", line 68, in analyze
    em_res = EmotionDetectionService.detect(text)
  File "C:\Users\HP\Documents\mindCompass\mindcompass-backend\ai\emotions\services.py", line 27, in detect
    return cls._rule_based_detect(text)
           ~~~~~~~~~~~~~~~~~~~~~~^^^^^^
  File "C:\Users\HP\Documents\mindCompass\mindcompass-backend\ai\emotions\services.py", line 44, in _rule_based_detect
    sentiment_res = SentimentAnalysisService.analyze(text)
  File "C:\Users\HP\Documents\mindCompass\mindcompass-backend\ai\sentiment\services.py", line 68, in analyze
    em_res = EmotionDetectionService.detect(text)
  File "C:\Users\HP\Documents\mindCompass\mindcompass-backend\ai\emotions\services.py", line 27, in detect
    return cls._rule_based_detect(text)
           ~~~~~~~~~~~~~~~~~~~~~~^^^^^^
  File "C:\Users\HP\Documents\mindCompass\mindcompass-backend\ai\emotions\services.py", line 44, in _rule_based_detect
    sentiment_res = SentimentAnalysisService.analyze(text)
  File "C:\Users\HP\Documents\mindCompass\mindcompass-backend\ai\sentiment\services.py", line 68, in analyze
    em_res = EmotionDetectionService.detect(text)
  File "C:\Users\HP\Documents\mindCompass\mindcompass-backend\ai\emotions\services.py", line 27, in detect
    return cls._rule_based_detect(text)
           ~~~~~~~~~~~~~~~~~~~~~~^^^^^^
  File "C:\Users\HP\Documents\mindCompass\mindcompass-backend\ai\emotions\services.py", line 44, in _rule_based_detect
    sentiment_res = SentimentAnalysisService.analyze(text)
  File "C:\Users\HP\Documents\mindCompass\mindcompass-backend\ai\sentiment\services.py", line 68, in analyze
    em_res = EmotionDetectionService.detect(text)
  File "C:\Users\HP\Documents\mindCompass\mindcompass-backend\ai\emotions\services.py", line 27, in detect
    return cls._rule_based_detect(text)
           ~~~~~~~~~~~~~~~~~~~~~~^^^^^^
  File "C:\Users\HP\Documents\mindCompass\mindcompass-backend\ai\emotions\services.py", line 44, in _rule_based_detect
    sentiment_res = SentimentAnalysisService.analyze(text)
  File "C:\Users\HP\Documents\mindCompass\mindcompass-backend\ai\sentiment\services.py", line 68, in analyze
    em_res = EmotionDetectionService.detect(text)
  File "C:\Users\HP\Documents\mindCompass\mindcompass-backend\ai\emotions\services.py", line 27, in detect
    return cls._rule_based_detect(text)
           ~~~~~~~~~~~~~~~~~~~~~~^^^^^^
  File "C:\Users\HP\Documents\mindCompass\mindcompass-backend\ai\emotions\services.py", line 44, in _rule_based_detect
    sentiment_res = SentimentAnalysisService.analyze(text)
  File "C:\Users\HP\Documents\mindCompass\mindcompass-backend\ai\sentiment\services.py", line 68, in analyze
    em_res = EmotionDetectionService.detect(text)
  File "C:\Users\HP\Documents\mindCompass\mindcompass-backend\ai\emotions\services.py", line 27, in detect
    return cls._rule_based_detect(text)
           ~~~~~~~~~~~~~~~~~~~~~~^^^^^^
  File "C:\Users\HP\Documents\mindCompass\mindcompass-backend\ai\emotions\services.py", line 44, in _rule_based_detect
    sentiment_res = SentimentAnalysisService.analyze(text)
  File "C:\Users\HP\Documents\mindCompass\mindcompass-backend\ai\sentiment\services.py", line 68, in analyze
    em_res = EmotionDetectionService.detect(text)
  File "C:\Users\HP\Documents\mindCompass\mindcompass-backend\ai\emotions\services.py", line 27, in detect
    return cls._rule_based_detect(text)
           ~~~~~~~~~~~~~~~~~~~~~~^^^^^^
  File "C:\Users\HP\Documents\mindCompass\mindcompass-backend\ai\emotions\services.py", line 44, in _rule_based_detect
    sentiment_res = SentimentAnalysisService.analyze(text)
  File "C:\Users\HP\Documents\mindCompass\mindcompass-backend\ai\sentiment\services.py", line 68, in analyze
    em_res = EmotionDetectionService.detect(text)
  File "C:\Users\HP\Documents\mindCompass\mindcompass-backend\ai\emotions\services.py", line 27, in detect
    return cls._rule_based_detect(text)
           ~~~~~~~~~~~~~~~~~~~~~~^^^^^^
  File "C:\Users\HP\Documents\mindCompass\mindcompass-backend\ai\emotions\services.py", line 44, in _rule_based_detect
    sentiment_res = SentimentAnalysisService.analyze(text)
  File "C:\Users\HP\Documents\mindCompass\mindcompass-backend\ai\sentiment\services.py", line 68, in analyze
    em_res = EmotionDetectionService.detect(text)
  File "C:\Users\HP\Documents\mindCompass\mindcompass-backend\ai\emotions\services.py", line 27, in detect
    return cls._rule_based_detect(text)
           ~~~~~~~~~~~~~~~~~~~~~~^^^^^^
  File "C:\Users\HP\Documents\mindCompass\mindcompass-backend\ai\emotions\services.py", line 44, in _rule_based_detect
    sentiment_res = SentimentAnalysisService.analyze(text)
  File "C:\Users\HP\Documents\mindCompass\mindcompass-backend\ai\sentiment\services.py", line 68, in analyze
    em_res = EmotionDetectionService.detect(text)
  File "C:\Users\HP\Documents\mindCompass\mindcompass-backend\ai\emotions\services.py", line 27, in detect
    return cls._rule_based_detect(text)
           ~~~~~~~~~~~~~~~~~~~~~~^^^^^^
  File "C:\Users\HP\Documents\mindCompass\mindcompass-backend\ai\emotions\services.py", line 44, in _rule_based_detect
    sentiment_res = SentimentAnalysisService.analyze(text)
  File "C:\Users\HP\Documents\mindCompass\mindcompass-backend\ai\sentiment\services.py", line 68, in analyze
    em_res = EmotionDetectionService.detect(text)
  File "C:\Users\HP\Documents\mindCompass\mindcompass-backend\ai\emotions\services.py", line 27, in detect
    return cls._rule_based_detect(text)
           ~~~~~~~~~~~~~~~~~~~~~~^^^^^^
  File "C:\Users\HP\Documents\mindCompass\mindcompass-backend\ai\emotions\services.py", line 44, in _rule_based_detect
    sentiment_res = SentimentAnalysisService.analyze(text)
  File "C:\Users\HP\Documents\mindCompass\mindcompass-backend\ai\sentiment\services.py", line 68, in analyze
    em_res = EmotionDetectionService.detect(text)
  File "C:\Users\HP\Documents\mindCompass\mindcompass-backend\ai\emotions\services.py", line 27, in detect
    return cls._rule_based_detect(text)
           ~~~~~~~~~~~~~~~~~~~~~~^^^^^^
  File "C:\Users\HP\Documents\mindCompass\mindcompass-backend\ai\emotions\services.py", line 44, in _rule_based_detect
    sentiment_res = SentimentAnalysisService.analyze(text)
  File "C:\Users\HP\Documents\mindCompass\mindcompass-backend\ai\sentiment\services.py", line 68, in analyze
    em_res = EmotionDetectionService.detect(text)
  File "C:\Users\HP\Documents\mindCompass\mindcompass-backend\ai\emotions\services.py", line 27, in detect
    return cls._rule_based_detect(text)
           ~~~~~~~~~~~~~~~~~~~~~~^^^^^^
  File "C:\Users\HP\Documents\mindCompass\mindcompass-backend\ai\emotions\services.py", line 44, in _rule_based_detect
    sentiment_res = SentimentAnalysisService.analyze(text)
  File "C:\Users\HP\Documents\mindCompass\mindcompass-backend\ai\sentiment\services.py", line 68, in analyze
    em_res = EmotionDetectionService.detect(text)
  File "C:\Users\HP\Documents\mindCompass\mindcompass-backend\ai\emotions\services.py", line 27, in detect
    return cls._rule_based_detect(text)
           ~~~~~~~~~~~~~~~~~~~~~~^^^^^^
  File "C:\Users\HP\Documents\mindCompass\mindcompass-backend\ai\emotions\services.py", line 44, in _rule_based_detect
    sentiment_res = SentimentAnalysisService.analyze(text)
  File "C:\Users\HP\Documents\mindCompass\mindcompass-backend\ai\sentiment\services.py", line 68, in analyze
    em_res = EmotionDetectionService.detect(text)
  File "C:\Users\HP\Documents\mindCompass\mindcompass-backend\ai\emotions\services.py", line 27, in detect
    return cls._rule_based_detect(text)
           ~~~~~~~~~~~~~~~~~~~~~~^^^^^^
  File "C:\Users\HP\Documents\mindCompass\mindcompass-backend\ai\emotions\services.py", line 44, in _rule_based_detect
    sentiment_res = SentimentAnalysisService.analyze(text)
  File "C:\Users\HP\Documents\mindCompass\mindcompass-backend\ai\sentiment\services.py", line 68, in analyze
    em_res = EmotionDetectionService.detect(text)
  File "C:\Users\HP\Documents\mindCompass\mindcompass-backend\ai\emotions\services.py", line 27, in detect
    return cls._rule_based_detect(text)
           ~~~~~~~~~~~~~~~~~~~~~~^^^^^^
  File "C:\Users\HP\Documents\mindCompass\mindcompass-backend\ai\emotions\services.py", line 44, in _rule_based_detect
    sentiment_res = SentimentAnalysisService.analyze(text)
  File "C:\Users\HP\Documents\mindCompass\mindcompass-backend\ai\sentiment\services.py", line 68, in analyze
    em_res = EmotionDetectionService.detect(text)
  File "C:\Users\HP\Documents\mindCompass\mindcompass-backend\ai\emotions\services.py", line 27, in detect
    return cls._rule_based_detect(text)
           ~~~~~~~~~~~~~~~~~~~~~~^^^^^^
  File "C:\Users\HP\Documents\mindCompass\mindcompass-backend\ai\emotions\services.py", line 44, in _rule_based_detect
    sentiment_res = SentimentAnalysisService.analyze(text)
  File "C:\Users\HP\Documents\mindCompass\mindcompass-backend\ai\sentiment\services.py", line 68, in analyze
    em_res = EmotionDetectionService.detect(text)
  File "C:\Users\HP\Documents\mindCompass\mindcompass-backend\ai\emotions\services.py", line 27, in detect
    return cls._rule_based_detect(text)
           ~~~~~~~~~~~~~~~~~~~~~~^^^^^^
  File "C:\Users\HP\Documents\mindCompass\mindcompass-backend\ai\emotions\services.py", line 44, in _rule_based_detect
    sentiment_res = SentimentAnalysisService.analyze(text)
  File "C:\Users\HP\Documents\mindCompass\mindcompass-backend\ai\sentiment\services.py", line 68, in analyze
    em_res = EmotionDetectionService.detect(text)
  File "C:\Users\HP\Documents\mindCompass\mindcompass-backend\ai\emotions\services.py", line 27, in detect
    return cls._rule_based_detect(text)
           ~~~~~~~~~~~~~~~~~~~~~~^^^^^^
  File "C:\Users\HP\Documents\mindCompass\mindcompass-backend\ai\emotions\services.py", line 44, in _rule_based_detect
    sentiment_res = SentimentAnalysisService.analyze(text)
  File "C:\Users\HP\Documents\mindCompass\mindcompass-backend\ai\sentiment\services.py", line 68, in analyze
    em_res = EmotionDetectionService.detect(text)
  File "C:\Users\HP\Documents\mindCompass\mindcompass-backend\ai\emotions\services.py", line 27, in detect
    return cls._rule_based_detect(text)
           ~~~~~~~~~~~~~~~~~~~~~~^^^^^^
  File "C:\Users\HP\Documents\mindCompass\mindcompass-backend\ai\emotions\services.py", line 44, in _rule_based_detect
    sentiment_res = SentimentAnalysisService.analyze(text)
  File "C:\Users\HP\Documents\mindCompass\mindcompass-backend\ai\sentiment\services.py", line 68, in analyze
    em_res = EmotionDetectionService.detect(text)
  File "C:\Users\HP\Documents\mindCompass\mindcompass-backend\ai\emotions\services.py", line 27, in detect
    return cls._rule_based_detect(text)
           ~~~~~~~~~~~~~~~~~~~~~~^^^^^^
  File "C:\Users\HP\Documents\mindCompass\mindcompass-backend\ai\emotions\services.py", line 44, in _rule_based_detect
    sentiment_res = SentimentAnalysisService.analyze(text)
  File "C:\Users\HP\Documents\mindCompass\mindcompass-backend\ai\sentiment\services.py", line 68, in analyze
    em_res = EmotionDetectionService.detect(text)
  File "C:\Users\HP\Documents\mindCompass\mindcompass-backend\ai\emotions\services.py", line 27, in detect
    return cls._rule_based_detect(text)
           ~~~~~~~~~~~~~~~~~~~~~~^^^^^^
  File "C:\Users\HP\Documents\mindCompass\mindcompass-backend\ai\emotions\services.py", line 44, in _rule_based_detect
    sentiment_res = SentimentAnalysisService.analyze(text)
  File "C:\Users\HP\Documents\mindCompass\mindcompass-backend\ai\sentiment\services.py", line 68, in analyze
    em_res = EmotionDetectionService.detect(text)
  File "C:\Users\HP\Documents\mindCompass\mindcompass-backend\ai\emotions\services.py", line 27, in detect
    return cls._rule_based_detect(text)
           ~~~~~~~~~~~~~~~~~~~~~~^^^^^^
  File "C:\Users\HP\Documents\mindCompass\mindcompass-backend\ai\emotions\services.py", line 44, in _rule_based_detect
    sentiment_res = SentimentAnalysisService.analyze(text)
  File "C:\Users\HP\Documents\mindCompass\mindcompass-backend\ai\sentiment\services.py", line 68, in analyze
    em_res = EmotionDetectionService.detect(text)
  File "C:\Users\HP\Documents\mindCompass\mindcompass-backend\ai\emotions\services.py", line 27, in detect
    return cls._rule_based_detect(text)
           ~~~~~~~~~~~~~~~~~~~~~~^^^^^^
  File "C:\Users\HP\Documents\mindCompass\mindcompass-backend\ai\emotions\services.py", line 44, in _rule_based_detect
    sentiment_res = SentimentAnalysisService.analyze(text)
  File "C:\Users\HP\Documents\mindCompass\mindcompass-backend\ai\sentiment\services.py", line 68, in analyze
    em_res = EmotionDetectionService.detect(text)
  File "C:\Users\HP\Documents\mindCompass\mindcompass-backend\ai\emotions\services.py", line 27, in detect
    return cls._rule_based_detect(text)
           ~~~~~~~~~~~~~~~~~~~~~~^^^^^^
  File "C:\Users\HP\Documents\mindCompass\mindcompass-backend\ai\emotions\services.py", line 44, in _rule_based_detect
    sentiment_res = SentimentAnalysisService.analyze(text)
  File "C:\Users\HP\Documents\mindCompass\mindcompass-backend\ai\sentiment\services.py", line 68, in analyze
    em_res = EmotionDetectionService.detect(text)
  File "C:\Users\HP\Documents\mindCompass\mindcompass-backend\ai\emotions\services.py", line 27, in detect
    return cls._rule_based_detect(text)
           ~~~~~~~~~~~~~~~~~~~~~~^^^^^^
  File "C:\Users\HP\Documents\mindCompass\mindcompass-backend\ai\emotions\services.py", line 44, in _rule_based_detect
    sentiment_res = SentimentAnalysisService.analyze(text)
  File "C:\Users\HP\Documents\mindCompass\mindcompass-backend\ai\sentiment\services.py", line 68, in analyze
    em_res = EmotionDetectionService.detect(text)
  File "C:\Users\HP\Documents\mindCompass\mindcompass-backend\ai\emotions\services.py", line 27, in detect
    return cls._rule_based_detect(text)
           ~~~~~~~~~~~~~~~~~~~~~~^^^^^^
  File "C:\Users\HP\Documents\mindCompass\mindcompass-backend\ai\emotions\services.py", line 44, in _rule_based_detect
    sentiment_res = SentimentAnalysisService.analyze(text)
  File "C:\Users\HP\Documents\mindCompass\mindcompass-backend\ai\sentiment\services.py", line 68, in analyze
    em_res = EmotionDetectionService.detect(text)
  File "C:\Users\HP\Documents\mindCompass\mindcompass-backend\ai\emotions\services.py", line 27, in detect
    return cls._rule_based_detect(text)
           ~~~~~~~~~~~~~~~~~~~~~~^^^^^^
  File "C:\Users\HP\Documents\mindCompass\mindcompass-backend\ai\emotions\services.py", line 44, in _rule_based_detect
    sentiment_res = SentimentAnalysisService.analyze(text)
  File "C:\Users\HP\Documents\mindCompass\mindcompass-backend\ai\sentiment\services.py", line 68, in analyze
    em_res = EmotionDetectionService.detect(text)
  File "C:\Users\HP\Documents\mindCompass\mindcompass-backend\ai\emotions\services.py", line 27, in detect
    return cls._rule_based_detect(text)
           ~~~~~~~~~~~~~~~~~~~~~~^^^^^^
  File "C:\Users\HP\Documents\mindCompass\mindcompass-backend\ai\emotions\services.py", line 44, in _rule_based_detect
    sentiment_res = SentimentAnalysisService.analyze(text)
  File "C:\Users\HP\Documents\mindCompass\mindcompass-backend\ai\sentiment\services.py", line 68, in analyze
    em_res = EmotionDetectionService.detect(text)
  File "C:\Users\HP\Documents\mindCompass\mindcompass-backend\ai\emotions\services.py", line 27, in detect
    return cls._rule_based_detect(text)
           ~~~~~~~~~~~~~~~~~~~~~~^^^^^^
  File "C:\Users\HP\Documents\mindCompass\mindcompass-backend\ai\emotions\services.py", line 44, in _rule_based_detect
    sentiment_res = SentimentAnalysisService.analyze(text)
  File "C:\Users\HP\Documents\mindCompass\mindcompass-backend\ai\sentiment\services.py", line 68, in analyze
    em_res = EmotionDetectionService.detect(text)
  File "C:\Users\HP\Documents\mindCompass\mindcompass-backend\ai\emotions\services.py", line 27, in detect
    return cls._rule_based_detect(text)
           ~~~~~~~~~~~~~~~~~~~~~~^^^^^^
  File "C:\Users\HP\Documents\mindCompass\mindcompass-backend\ai\emotions\services.py", line 44, in _rule_based_detect
    sentiment_res = SentimentAnalysisService.analyze(text)
  File "C:\Users\HP\Documents\mindCompass\mindcompass-backend\ai\sentiment\services.py", line 68, in analyze
    em_res = EmotionDetectionService.detect(text)
  File "C:\Users\HP\Documents\mindCompass\mindcompass-backend\ai\emotions\services.py", line 27, in detect
    return cls._rule_based_detect(text)
           ~~~~~~~~~~~~~~~~~~~~~~^^^^^^
  File "C:\Users\HP\Documents\mindCompass\mindcompass-backend\ai\emotions\services.py", line 44, in _rule_based_detect
    sentiment_res = SentimentAnalysisService.analyze(text)
  File "C:\Users\HP\Documents\mindCompass\mindcompass-backend\ai\sentiment\services.py", line 68, in analyze
    em_res = EmotionDetectionService.detect(text)
  File "C:\Users\HP\Documents\mindCompass\mindcompass-backend\ai\emotions\services.py", line 27, in detect
    return cls._rule_based_detect(text)
           ~~~~~~~~~~~~~~~~~~~~~~^^^^^^
  File "C:\Users\HP\Documents\mindCompass\mindcompass-backend\ai\emotions\services.py", line 44, in _rule_based_detect
    sentiment_res = SentimentAnalysisService.analyze(text)
  File "C:\Users\HP\Documents\mindCompass\mindcompass-backend\ai\sentiment\services.py", line 68, in analyze
    em_res = EmotionDetectionService.detect(text)
  File "C:\Users\HP\Documents\mindCompass\mindcompass-backend\ai\emotions\services.py", line 27, in detect
    return cls._rule_based_detect(text)
           ~~~~~~~~~~~~~~~~~~~~~~^^^^^^
  File "C:\Users\HP\Documents\mindCompass\mindcompass-backend\ai\emotions\services.py", line 44, in _rule_based_detect
    sentiment_res = SentimentAnalysisService.analyze(text)
  File "C:\Users\HP\Documents\mindCompass\mindcompass-backend\ai\sentiment\services.py", line 68, in analyze
    em_res = EmotionDetectionService.detect(text)
  File "C:\Users\HP\Documents\mindCompass\mindcompass-backend\ai\emotions\services.py", line 27, in detect
    return cls._rule_based_detect(text)
           ~~~~~~~~~~~~~~~~~~~~~~^^^^^^
  File "C:\Users\HP\Documents\mindCompass\mindcompass-backend\ai\emotions\services.py", line 44, in _rule_based_detect
    sentiment_res = SentimentAnalysisService.analyze(text)
  File "C:\Users\HP\Documents\mindCompass\mindcompass-backend\ai\sentiment\services.py", line 68, in analyze
    em_res = EmotionDetectionService.detect(text)
  File "C:\Users\HP\Documents\mindCompass\mindcompass-backend\ai\emotions\services.py", line 27, in detect
    return cls._rule_based_detect(text)
           ~~~~~~~~~~~~~~~~~~~~~~^^^^^^
  File "C:\Users\HP\Documents\mindCompass\mindcompass-backend\ai\emotions\services.py", line 44, in _rule_based_detect
    sentiment_res = SentimentAnalysisService.analyze(text)
  File "C:\Users\HP\Documents\mindCompass\mindcompass-backend\ai\sentiment\services.py", line 68, in analyze
    em_res = EmotionDetectionService.detect(text)
  File "C:\Users\HP\Documents\mindCompass\mindcompass-backend\ai\emotions\services.py", line 27, in detect
    return cls._rule_based_detect(text)
           ~~~~~~~~~~~~~~~~~~~~~~^^^^^^
  File "C:\Users\HP\Documents\mindCompass\mindcompass-backend\ai\emotions\services.py", line 44, in _rule_based_detect
    sentiment_res = SentimentAnalysisService.analyze(text)
  File "C:\Users\HP\Documents\mindCompass\mindcompass-backend\ai\sentiment\services.py", line 68, in analyze
    em_res = EmotionDetectionService.detect(text)
  File "C:\Users\HP\Documents\mindCompass\mindcompass-backend\ai\emotions\services.py", line 27, in detect
    return cls._rule_based_detect(text)
           ~~~~~~~~~~~~~~~~~~~~~~^^^^^^
  File "C:\Users\HP\Documents\mindCompass\mindcompass-backend\ai\emotions\services.py", line 44, in _rule_based_detect
    sentiment_res = SentimentAnalysisService.analyze(text)
  File "C:\Users\HP\Documents\mindCompass\mindcompass-backend\ai\sentiment\services.py", line 68, in analyze
    em_res = EmotionDetectionService.detect(text)
  File "C:\Users\HP\Documents\mindCompass\mindcompass-backend\ai\emotions\services.py", line 27, in detect
    return cls._rule_based_detect(text)
           ~~~~~~~~~~~~~~~~~~~~~~^^^^^^
  File "C:\Users\HP\Documents\mindCompass\mindcompass-backend\ai\emotions\services.py", line 44, in _rule_based_detect
    sentiment_res = SentimentAnalysisService.analyze(text)
  File "C:\Users\HP\Documents\mindCompass\mindcompass-backend\ai\sentiment\services.py", line 68, in analyze
    em_res = EmotionDetectionService.detect(text)
  File "C:\Users\HP\Documents\mindCompass\mindcompass-backend\ai\emotions\services.py", line 27, in detect
    return cls._rule_based_detect(text)
           ~~~~~~~~~~~~~~~~~~~~~~^^^^^^
  File "C:\Users\HP\Documents\mindCompass\mindcompass-backend\ai\emotions\services.py", line 44, in _rule_based_detect
    sentiment_res = SentimentAnalysisService.analyze(text)
  File "C:\Users\HP\Documents\mindCompass\mindcompass-backend\ai\sentiment\services.py", line 68, in analyze
    em_res = EmotionDetectionService.detect(text)
  File "C:\Users\HP\Documents\mindCompass\mindcompass-backend\ai\emotions\services.py", line 27, in detect
    return cls._rule_based_detect(text)
           ~~~~~~~~~~~~~~~~~~~~~~^^^^^^
  File "C:\Users\HP\Documents\mindCompass\mindcompass-backend\ai\emotions\services.py", line 44, in _rule_based_detect
    sentiment_res = SentimentAnalysisService.analyze(text)
  File "C:\Users\HP\Documents\mindCompass\mindcompass-backend\ai\sentiment\services.py", line 68, in analyze
    em_res = EmotionDetectionService.detect(text)
  File "C:\Users\HP\Documents\mindCompass\mindcompass-backend\ai\emotions\services.py", line 27, in detect
    return cls._rule_based_detect(text)
           ~~~~~~~~~~~~~~~~~~~~~~^^^^^^
  File "C:\Users\HP\Documents\mindCompass\mindcompass-backend\ai\emotions\services.py", line 44, in _rule_based_detect
    sentiment_res = SentimentAnalysisService.analyze(text)
  File "C:\Users\HP\Documents\mindCompass\mindcompass-backend\ai\sentiment\services.py", line 68, in analyze
    em_res = EmotionDetectionService.detect(text)
  File "C:\Users\HP\Documents\mindCompass\mindcompass-backend\ai\emotions\services.py", line 27, in detect
    return cls._rule_based_detect(text)
           ~~~~~~~~~~~~~~~~~~~~~~^^^^^^
  File "C:\Users\HP\Documents\mindCompass\mindcompass-backend\ai\emotions\services.py", line 44, in _rule_based_detect
    sentiment_res = SentimentAnalysisService.analyze(text)
  File "C:\Users\HP\Documents\mindCompass\mindcompass-backend\ai\sentiment\services.py", line 68, in analyze
    em_res = EmotionDetectionService.detect(text)
  File "C:\Users\HP\Documents\mindCompass\mindcompass-backend\ai\emotions\services.py", line 27, in detect
    return cls._rule_based_detect(text)
           ~~~~~~~~~~~~~~~~~~~~~~^^^^^^
  File "C:\Users\HP\Documents\mindCompass\mindcompass-backend\ai\emotions\services.py", line 44, in _rule_based_detect
    sentiment_res = SentimentAnalysisService.analyze(text)
  File "C:\Users\HP\Documents\mindCompass\mindcompass-backend\ai\sentiment\services.py", line 68, in analyze
    em_res = EmotionDetectionService.detect(text)
  File "C:\Users\HP\Documents\mindCompass\mindcompass-backend\ai\emotions\services.py", line 27, in detect
    return cls._rule_based_detect(text)
           ~~~~~~~~~~~~~~~~~~~~~~^^^^^^
  File "C:\Users\HP\Documents\mindCompass\mindcompass-backend\ai\emotions\services.py", line 44, in _rule_based_detect
    sentiment_res = SentimentAnalysisService.analyze(text)
  File "C:\Users\HP\Documents\mindCompass\mindcompass-backend\ai\sentiment\services.py", line 68, in analyze
    em_res = EmotionDetectionService.detect(text)
  File "C:\Users\HP\Documents\mindCompass\mindcompass-backend\ai\emotions\services.py", line 27, in detect
    return cls._rule_based_detect(text)
           ~~~~~~~~~~~~~~~~~~~~~~^^^^^^
  File "C:\Users\HP\Documents\mindCompass\mindcompass-backend\ai\emotions\services.py", line 44, in _rule_based_detect
    sentiment_res = SentimentAnalysisService.analyze(text)
  File "C:\Users\HP\Documents\mindCompass\mindcompass-backend\ai\sentiment\services.py", line 68, in analyze
    em_res = EmotionDetectionService.detect(text)
  File "C:\Users\HP\Documents\mindCompass\mindcompass-backend\ai\emotions\services.py", line 27, in detect
    return cls._rule_based_detect(text)
           ~~~~~~~~~~~~~~~~~~~~~~^^^^^^
  File "C:\Users\HP\Documents\mindCompass\mindcompass-backend\ai\emotions\services.py", line 44, in _rule_based_detect
    sentiment_res = SentimentAnalysisService.analyze(text)
  File "C:\Users\HP\Documents\mindCompass\mindcompass-backend\ai\sentiment\services.py", line 68, in analyze
    em_res = EmotionDetectionService.detect(text)
  File "C:\Users\HP\Documents\mindCompass\mindcompass-backend\ai\emotions\services.py", line 27, in detect
    return cls._rule_based_detect(text)
           ~~~~~~~~~~~~~~~~~~~~~~^^^^^^
  File "C:\Users\HP\Documents\mindCompass\mindcompass-backend\ai\emotions\services.py", line 44, in _rule_based_detect
    sentiment_res = SentimentAnalysisService.analyze(text)
  File "C:\Users\HP\Documents\mindCompass\mindcompass-backend\ai\sentiment\services.py", line 68, in analyze
    em_res = EmotionDetectionService.detect(text)
  File "C:\Users\HP\Documents\mindCompass\mindcompass-backend\ai\emotions\services.py", line 27, in detect
    return cls._rule_based_detect(text)
           ~~~~~~~~~~~~~~~~~~~~~~^^^^^^
  File "C:\Users\HP\Documents\mindCompass\mindcompass-backend\ai\emotions\services.py", line 44, in _rule_based_detect
    sentiment_res = SentimentAnalysisService.analyze(text)
  File "C:\Users\HP\Documents\mindCompass\mindcompass-backend\ai\sentiment\services.py", line 68, in analyze
    em_res = EmotionDetectionService.detect(text)
  File "C:\Users\HP\Documents\mindCompass\mindcompass-backend\ai\emotions\services.py", line 27, in detect
    return cls._rule_based_detect(text)
           ~~~~~~~~~~~~~~~~~~~~~~^^^^^^
  File "C:\Users\HP\Documents\mindCompass\mindcompass-backend\ai\emotions\services.py", line 44, in _rule_based_detect
    sentiment_res = SentimentAnalysisService.analyze(text)
  File "C:\Users\HP\Documents\mindCompass\mindcompass-backend\ai\sentiment\services.py", line 68, in analyze
    em_res = EmotionDetectionService.detect(text)
  File "C:\Users\HP\Documents\mindCompass\mindcompass-backend\ai\emotions\services.py", line 27, in detect
    return cls._rule_based_detect(text)
           ~~~~~~~~~~~~~~~~~~~~~~^^^^^^
  File "C:\Users\HP\Documents\mindCompass\mindcompass-backend\ai\emotions\services.py", line 44, in _rule_based_detect
    sentiment_res = SentimentAnalysisService.analyze(text)
  File "C:\Users\HP\Documents\mindCompass\mindcompass-backend\ai\sentiment\services.py", line 68, in analyze
    em_res = EmotionDetectionService.detect(text)
  File "C:\Users\HP\Documents\mindCompass\mindcompass-backend\ai\emotions\services.py", line 27, in detect
    return cls._rule_based_detect(text)
           ~~~~~~~~~~~~~~~~~~~~~~^^^^^^
  File "C:\Users\HP\Documents\mindCompass\mindcompass-backend\ai\emotions\services.py", line 44, in _rule_based_detect
    sentiment_res = SentimentAnalysisService.analyze(text)
  File "C:\Users\HP\Documents\mindCompass\mindcompass-backend\ai\sentiment\services.py", line 68, in analyze
    em_res = EmotionDetectionService.detect(text)
  File "C:\Users\HP\Documents\mindCompass\mindcompass-backend\ai\emotions\services.py", line 27, in detect
    return cls._rule_based_detect(text)
           ~~~~~~~~~~~~~~~~~~~~~~^^^^^^
  File "C:\Users\HP\Documents\mindCompass\mindcompass-backend\ai\emotions\services.py", line 44, in _rule_based_detect
    sentiment_res = SentimentAnalysisService.analyze(text)
  File "C:\Users\HP\Documents\mindCompass\mindcompass-backend\ai\sentiment\services.py", line 68, in analyze
    em_res = EmotionDetectionService.detect(text)
  File "C:\Users\HP\Documents\mindCompass\mindcompass-backend\ai\emotions\services.py", line 27, in detect
    return cls._rule_based_detect(text)
           ~~~~~~~~~~~~~~~~~~~~~~^^^^^^
  File "C:\Users\HP\Documents\mindCompass\mindcompass-backend\ai\emotions\services.py", line 44, in _rule_based_detect
    sentiment_res = SentimentAnalysisService.analyze(text)
  File "C:\Users\HP\Documents\mindCompass\mindcompass-backend\ai\sentiment\services.py", line 68, in analyze
    em_res = EmotionDetectionService.detect(text)
  File "C:\Users\HP\Documents\mindCompass\mindcompass-backend\ai\emotions\services.py", line 27, in detect
    return cls._rule_based_detect(text)
           ~~~~~~~~~~~~~~~~~~~~~~^^^^^^
  File "C:\Users\HP\Documents\mindCompass\mindcompass-backend\ai\emotions\services.py", line 44, in _rule_based_detect
    sentiment_res = SentimentAnalysisService.analyze(text)
  File "C:\Users\HP\Documents\mindCompass\mindcompass-backend\ai\sentiment\services.py", line 68, in analyze
    em_res = EmotionDetectionService.detect(text)
  File "C:\Users\HP\Documents\mindCompass\mindcompass-backend\ai\emotions\services.py", line 27, in detect
    return cls._rule_based_detect(text)
           ~~~~~~~~~~~~~~~~~~~~~~^^^^^^
  File "C:\Users\HP\Documents\mindCompass\mindcompass-backend\ai\emotions\services.py", line 44, in _rule_based_detect
    sentiment_res = SentimentAnalysisService.analyze(text)
  File "C:\Users\HP\Documents\mindCompass\mindcompass-backend\ai\sentiment\services.py", line 68, in analyze
    em_res = EmotionDetectionService.detect(text)
  File "C:\Users\HP\Documents\mindCompass\mindcompass-backend\ai\emotions\services.py", line 27, in detect
    return cls._rule_based_detect(text)
           ~~~~~~~~~~~~~~~~~~~~~~^^^^^^
  File "C:\Users\HP\Documents\mindCompass\mindcompass-backend\ai\emotions\services.py", line 44, in _rule_based_detect
    sentiment_res = SentimentAnalysisService.analyze(text)
  File "C:\Users\HP\Documents\mindCompass\mindcompass-backend\ai\sentiment\services.py", line 68, in analyze
    em_res = EmotionDetectionService.detect(text)
  File "C:\Users\HP\Documents\mindCompass\mindcompass-backend\ai\emotions\services.py", line 27, in detect
    return cls._rule_based_detect(text)
           ~~~~~~~~~~~~~~~~~~~~~~^^^^^^
  File "C:\Users\HP\Documents\mindCompass\mindcompass-backend\ai\emotions\services.py", line 44, in _rule_based_detect
    sentiment_res = SentimentAnalysisService.analyze(text)
  File "C:\Users\HP\Documents\mindCompass\mindcompass-backend\ai\sentiment\services.py", line 68, in analyze
    em_res = EmotionDetectionService.detect(text)
  File "C:\Users\HP\Documents\mindCompass\mindcompass-backend\ai\emotions\services.py", line 27, in detect
    return cls._rule_based_detect(text)
           ~~~~~~~~~~~~~~~~~~~~~~^^^^^^
  File "C:\Users\HP\Documents\mindCompass\mindcompass-backend\ai\emotions\services.py", line 44, in _rule_based_detect
    sentiment_res = SentimentAnalysisService.analyze(text)
  File "C:\Users\HP\Documents\mindCompass\mindcompass-backend\ai\sentiment\services.py", line 68, in analyze
    em_res = EmotionDetectionService.detect(text)
  File "C:\Users\HP\Documents\mindCompass\mindcompass-backend\ai\emotions\services.py", line 27, in detect
    return cls._rule_based_detect(text)
           ~~~~~~~~~~~~~~~~~~~~~~^^^^^^
  File "C:\Users\HP\Documents\mindCompass\mindcompass-backend\ai\emotions\services.py", line 44, in _rule_based_detect
    sentiment_res = SentimentAnalysisService.analyze(text)
  File "C:\Users\HP\Documents\mindCompass\mindcompass-backend\ai\sentiment\services.py", line 68, in analyze
    em_res = EmotionDetectionService.detect(text)
  File "C:\Users\HP\Documents\mindCompass\mindcompass-backend\ai\emotions\services.py", line 27, in detect
    return cls._rule_based_detect(text)
           ~~~~~~~~~~~~~~~~~~~~~~^^^^^^
  File "C:\Users\HP\Documents\mindCompass\mindcompass-backend\ai\emotions\services.py", line 44, in _rule_based_detect
    sentiment_res = SentimentAnalysisService.analyze(text)
  File "C:\Users\HP\Documents\mindCompass\mindcompass-backend\ai\sentiment\services.py", line 68, in analyze
    em_res = EmotionDetectionService.detect(text)
  File "C:\Users\HP\Documents\mindCompass\mindcompass-backend\ai\emotions\services.py", line 27, in detect
    return cls._rule_based_detect(text)
           ~~~~~~~~~~~~~~~~~~~~~~^^^^^^
  File "C:\Users\HP\Documents\mindCompass\mindcompass-backend\ai\emotions\services.py", line 44, in _rule_based_detect
    sentiment_res = SentimentAnalysisService.analyze(text)
  File "C:\Users\HP\Documents\mindCompass\mindcompass-backend\ai\sentiment\services.py", line 68, in analyze
    em_res = EmotionDetectionService.detect(text)
  File "C:\Users\HP\Documents\mindCompass\mindcompass-backend\ai\emotions\services.py", line 27, in detect
    return cls._rule_based_detect(text)
           ~~~~~~~~~~~~~~~~~~~~~~^^^^^^
  File "C:\Users\HP\Documents\mindCompass\mindcompass-backend\ai\emotions\services.py", line 44, in _rule_based_detect
    sentiment_res = SentimentAnalysisService.analyze(text)
  File "C:\Users\HP\Documents\mindCompass\mindcompass-backend\ai\sentiment\services.py", line 68, in analyze
    em_res = EmotionDetectionService.detect(text)
  File "C:\Users\HP\Documents\mindCompass\mindcompass-backend\ai\emotions\services.py", line 27, in detect
    return cls._rule_based_detect(text)
           ~~~~~~~~~~~~~~~~~~~~~~^^^^^^
  File "C:\Users\HP\Documents\mindCompass\mindcompass-backend\ai\emotions\services.py", line 44, in _rule_based_detect
    sentiment_res = SentimentAnalysisService.analyze(text)
  File "C:\Users\HP\Documents\mindCompass\mindcompass-backend\ai\sentiment\services.py", line 68, in analyze
    em_res = EmotionDetectionService.detect(text)
  File "C:\Users\HP\Documents\mindCompass\mindcompass-backend\ai\emotions\services.py", line 27, in detect
    return cls._rule_based_detect(text)
           ~~~~~~~~~~~~~~~~~~~~~~^^^^^^
  File "C:\Users\HP\Documents\mindCompass\mindcompass-backend\ai\emotions\services.py", line 44, in _rule_based_detect
    sentiment_res = SentimentAnalysisService.analyze(text)
  File "C:\Users\HP\Documents\mindCompass\mindcompass-backend\ai\sentiment\services.py", line 68, in analyze
    em_res = EmotionDetectionService.detect(text)
  File "C:\Users\HP\Documents\mindCompass\mindcompass-backend\ai\emotions\services.py", line 27, in detect
    return cls._rule_based_detect(text)
           ~~~~~~~~~~~~~~~~~~~~~~^^^^^^
  File "C:\Users\HP\Documents\mindCompass\mindcompass-backend\ai\emotions\services.py", line 44, in _rule_based_detect
    sentiment_res = SentimentAnalysisService.analyze(text)
  File "C:\Users\HP\Documents\mindCompass\mindcompass-backend\ai\sentiment\services.py", line 68, in analyze
    em_res = EmotionDetectionService.detect(text)
  File "C:\Users\HP\Documents\mindCompass\mindcompass-backend\ai\emotions\services.py", line 27, in detect
    return cls._rule_based_detect(text)
           ~~~~~~~~~~~~~~~~~~~~~~^^^^^^
  File "C:\Users\HP\Documents\mindCompass\mindcompass-backend\ai\emotions\services.py", line 44, in _rule_based_detect
    sentiment_res = SentimentAnalysisService.analyze(text)
  File "C:\Users\HP\Documents\mindCompass\mindcompass-backend\ai\sentiment\services.py", line 68, in analyze
    em_res = EmotionDetectionService.detect(text)
  File "C:\Users\HP\Documents\mindCompass\mindcompass-backend\ai\emotions\services.py", line 27, in detect
    return cls._rule_based_detect(text)
           ~~~~~~~~~~~~~~~~~~~~~~^^^^^^
  File "C:\Users\HP\Documents\mindCompass\mindcompass-backend\ai\emotions\services.py", line 44, in _rule_based_detect
    sentiment_res = SentimentAnalysisService.analyze(text)
  File "C:\Users\HP\Documents\mindCompass\mindcompass-backend\ai\sentiment\services.py", line 68, in analyze
    em_res = EmotionDetectionService.detect(text)
  File "C:\Users\HP\Documents\mindCompass\mindcompass-backend\ai\emotions\services.py", line 27, in detect
    return cls._rule_based_detect(text)
           ~~~~~~~~~~~~~~~~~~~~~~^^^^^^
  File "C:\Users\HP\Documents\mindCompass\mindcompass-backend\ai\emotions\services.py", line 44, in _rule_based_detect
    sentiment_res = SentimentAnalysisService.analyze(text)
  File "C:\Users\HP\Documents\mindCompass\mindcompass-backend\ai\sentiment\services.py", line 68, in analyze
    em_res = EmotionDetectionService.detect(text)
  File "C:\Users\HP\Documents\mindCompass\mindcompass-backend\ai\emotions\services.py", line 27, in detect
    return cls._rule_based_detect(text)
           ~~~~~~~~~~~~~~~~~~~~~~^^^^^^
  File "C:\Users\HP\Documents\mindCompass\mindcompass-backend\ai\emotions\services.py", line 44, in _rule_based_detect
    sentiment_res = SentimentAnalysisService.analyze(text)
  File "C:\Users\HP\Documents\mindCompass\mindcompass-backend\ai\sentiment\services.py", line 68, in analyze
    em_res = EmotionDetectionService.detect(text)
  File "C:\Users\HP\Documents\mindCompass\mindcompass-backend\ai\emotions\services.py", line 27, in detect
    return cls._rule_based_detect(text)
           ~~~~~~~~~~~~~~~~~~~~~~^^^^^^
  File "C:\Users\HP\Documents\mindCompass\mindcompass-backend\ai\emotions\services.py", line 44, in _rule_based_detect
    sentiment_res = SentimentAnalysisService.analyze(text)
  File "C:\Users\HP\Documents\mindCompass\mindcompass-backend\ai\sentiment\services.py", line 68, in analyze
    em_res = EmotionDetectionService.detect(text)
  File "C:\Users\HP\Documents\mindCompass\mindcompass-backend\ai\emotions\services.py", line 27, in detect
    return cls._rule_based_detect(text)
           ~~~~~~~~~~~~~~~~~~~~~~^^^^^^
  File "C:\Users\HP\Documents\mindCompass\mindcompass-backend\ai\emotions\services.py", line 44, in _rule_based_detect
    sentiment_res = SentimentAnalysisService.analyze(text)
  File "C:\Users\HP\Documents\mindCompass\mindcompass-backend\ai\sentiment\services.py", line 68, in analyze
    em_res = EmotionDetectionService.detect(text)
  File "C:\Users\HP\Documents\mindCompass\mindcompass-backend\ai\emotions\services.py", line 27, in detect
    return cls._rule_based_detect(text)
           ~~~~~~~~~~~~~~~~~~~~~~^^^^^^
  File "C:\Users\HP\Documents\mindCompass\mindcompass-backend\ai\emotions\services.py", line 44, in _rule_based_detect
    sentiment_res = SentimentAnalysisService.analyze(text)
  File "C:\Users\HP\Documents\mindCompass\mindcompass-backend\ai\sentiment\services.py", line 68, in analyze
    em_res = EmotionDetectionService.detect(text)
  File "C:\Users\HP\Documents\mindCompass\mindcompass-backend\ai\emotions\services.py", line 27, in detect
    return cls._rule_based_detect(text)
           ~~~~~~~~~~~~~~~~~~~~~~^^^^^^
  File "C:\Users\HP\Documents\mindCompass\mindcompass-backend\ai\emotions\services.py", line 44, in _rule_based_detect
    sentiment_res = SentimentAnalysisService.analyze(text)
  File "C:\Users\HP\Documents\mindCompass\mindcompass-backend\ai\sentiment\services.py", line 68, in analyze
    em_res = EmotionDetectionService.detect(text)
  File "C:\Users\HP\Documents\mindCompass\mindcompass-backend\ai\emotions\services.py", line 27, in detect
    return cls._rule_based_detect(text)
           ~~~~~~~~~~~~~~~~~~~~~~^^^^^^
  File "C:\Users\HP\Documents\mindCompass\mindcompass-backend\ai\emotions\services.py", line 44, in _rule_based_detect
    sentiment_res = SentimentAnalysisService.analyze(text)
  File "C:\Users\HP\Documents\mindCompass\mindcompass-backend\ai\sentiment\services.py", line 68, in analyze
    em_res = EmotionDetectionService.detect(text)
  File "C:\Users\HP\Documents\mindCompass\mindcompass-backend\ai\emotions\services.py", line 27, in detect
    return cls._rule_based_detect(text)
           ~~~~~~~~~~~~~~~~~~~~~~^^^^^^
  File "C:\Users\HP\Documents\mindCompass\mindcompass-backend\ai\emotions\services.py", line 44, in _rule_based_detect
    sentiment_res = SentimentAnalysisService.analyze(text)
  File "C:\Users\HP\Documents\mindCompass\mindcompass-backend\ai\sentiment\services.py", line 68, in analyze
    em_res = EmotionDetectionService.detect(text)
  File "C:\Users\HP\Documents\mindCompass\mindcompass-backend\ai\emotions\services.py", line 27, in detect
    return cls._rule_based_detect(text)
           ~~~~~~~~~~~~~~~~~~~~~~^^^^^^
  File "C:\Users\HP\Documents\mindCompass\mindcompass-backend\ai\emotions\services.py", line 44, in _rule_based_detect
    sentiment_res = SentimentAnalysisService.analyze(text)
  File "C:\Users\HP\Documents\mindCompass\mindcompass-backend\ai\sentiment\services.py", line 68, in analyze
    em_res = EmotionDetectionService.detect(text)
  File "C:\Users\HP\Documents\mindCompass\mindcompass-backend\ai\emotions\services.py", line 27, in detect
    return cls._rule_based_detect(text)
           ~~~~~~~~~~~~~~~~~~~~~~^^^^^^
  File "C:\Users\HP\Documents\mindCompass\mindcompass-backend\ai\emotions\services.py", line 44, in _rule_based_detect
    sentiment_res = SentimentAnalysisService.analyze(text)
  File "C:\Users\HP\Documents\mindCompass\mindcompass-backend\ai\sentiment\services.py", line 68, in analyze
    em_res = EmotionDetectionService.detect(text)
  File "C:\Users\HP\Documents\mindCompass\mindcompass-backend\ai\emotions\services.py", line 27, in detect
    return cls._rule_based_detect(text)
           ~~~~~~~~~~~~~~~~~~~~~~^^^^^^
  File "C:\Users\HP\Documents\mindCompass\mindcompass-backend\ai\emotions\services.py", line 44, in _rule_based_detect
    sentiment_res = SentimentAnalysisService.analyze(text)
  File "C:\Users\HP\Documents\mindCompass\mindcompass-backend\ai\sentiment\services.py", line 68, in analyze
    em_res = EmotionDetectionService.detect(text)
  File "C:\Users\HP\Documents\mindCompass\mindcompass-backend\ai\emotions\services.py", line 27, in detect
    return cls._rule_based_detect(text)
           ~~~~~~~~~~~~~~~~~~~~~~^^^^^^
  File "C:\Users\HP\Documents\mindCompass\mindcompass-backend\ai\emotions\services.py", line 44, in _rule_based_detect
    sentiment_res = SentimentAnalysisService.analyze(text)
  File "C:\Users\HP\Documents\mindCompass\mindcompass-backend\ai\sentiment\services.py", line 68, in analyze
    em_res = EmotionDetectionService.detect(text)
  File "C:\Users\HP\Documents\mindCompass\mindcompass-backend\ai\emotions\services.py", line 27, in detect
    return cls._rule_based_detect(text)
           ~~~~~~~~~~~~~~~~~~~~~~^^^^^^
  File "C:\Users\HP\Documents\mindCompass\mindcompass-backend\ai\emotions\services.py", line 44, in _rule_based_detect
    sentiment_res = SentimentAnalysisService.analyze(text)
  File "C:\Users\HP\Documents\mindCompass\mindcompass-backend\ai\sentiment\services.py", line 68, in analyze
    em_res = EmotionDetectionService.detect(text)
  File "C:\Users\HP\Documents\mindCompass\mindcompass-backend\ai\emotions\services.py", line 27, in detect
    return cls._rule_based_detect(text)
           ~~~~~~~~~~~~~~~~~~~~~~^^^^^^
  File "C:\Users\HP\Documents\mindCompass\mindcompass-backend\ai\emotions\services.py", line 44, in _rule_based_detect
    sentiment_res = SentimentAnalysisService.analyze(text)
  File "C:\Users\HP\Documents\mindCompass\mindcompass-backend\ai\sentiment\services.py", line 68, in analyze
    em_res = EmotionDetectionService.detect(text)
  File "C:\Users\HP\Documents\mindCompass\mindcompass-backend\ai\emotions\services.py", line 27, in detect
    return cls._rule_based_detect(text)
           ~~~~~~~~~~~~~~~~~~~~~~^^^^^^
  File "C:\Users\HP\Documents\mindCompass\mindcompass-backend\ai\emotions\services.py", line 44, in _rule_based_detect
    sentiment_res = SentimentAnalysisService.analyze(text)
  File "C:\Users\HP\Documents\mindCompass\mindcompass-backend\ai\sentiment\services.py", line 68, in analyze
    em_res = EmotionDetectionService.detect(text)
  File "C:\Users\HP\Documents\mindCompass\mindcompass-backend\ai\emotions\services.py", line 27, in detect
    return cls._rule_based_detect(text)
           ~~~~~~~~~~~~~~~~~~~~~~^^^^^^
  File "C:\Users\HP\Documents\mindCompass\mindcompass-backend\ai\emotions\services.py", line 44, in _rule_based_detect
    sentiment_res = SentimentAnalysisService.analyze(text)
  File "C:\Users\HP\Documents\mindCompass\mindcompass-backend\ai\sentiment\services.py", line 68, in analyze
    em_res = EmotionDetectionService.detect(text)
  File "C:\Users\HP\Documents\mindCompass\mindcompass-backend\ai\emotions\services.py", line 27, in detect
    return cls._rule_based_detect(text)
           ~~~~~~~~~~~~~~~~~~~~~~^^^^^^
  File "C:\Users\HP\Documents\mindCompass\mindcompass-backend\ai\emotions\services.py", line 44, in _rule_based_detect
    sentiment_res = SentimentAnalysisService.analyze(text)
  File "C:\Users\HP\Documents\mindCompass\mindcompass-backend\ai\sentiment\services.py", line 68, in analyze
    em_res = EmotionDetectionService.detect(text)
  File "C:\Users\HP\Documents\mindCompass\mindcompass-backend\ai\emotions\services.py", line 27, in detect
    return cls._rule_based_detect(text)
           ~~~~~~~~~~~~~~~~~~~~~~^^^^^^
  File "C:\Users\HP\Documents\mindCompass\mindcompass-backend\ai\emotions\services.py", line 44, in _rule_based_detect
    sentiment_res = SentimentAnalysisService.analyze(text)
  File "C:\Users\HP\Documents\mindCompass\mindcompass-backend\ai\sentiment\services.py", line 68, in analyze
    em_res = EmotionDetectionService.detect(text)
  File "C:\Users\HP\Documents\mindCompass\mindcompass-backend\ai\emotions\services.py", line 27, in detect
    return cls._rule_based_detect(text)
           ~~~~~~~~~~~~~~~~~~~~~~^^^^^^
  File "C:\Users\HP\Documents\mindCompass\mindcompass-backend\ai\emotions\services.py", line 44, in _rule_based_detect
    sentiment_res = SentimentAnalysisService.analyze(text)
  File "C:\Users\HP\Documents\mindCompass\mindcompass-backend\ai\sentiment\services.py", line 68, in analyze
    em_res = EmotionDetectionService.detect(text)
  File "C:\Users\HP\Documents\mindCompass\mindcompass-backend\ai\emotions\services.py", line 27, in detect
    return cls._rule_based_detect(text)
           ~~~~~~~~~~~~~~~~~~~~~~^^^^^^
  File "C:\Users\HP\Documents\mindCompass\mindcompass-backend\ai\emotions\services.py", line 44, in _rule_based_detect
    sentiment_res = SentimentAnalysisService.analyze(text)
  File "C:\Users\HP\Documents\mindCompass\mindcompass-backend\ai\sentiment\services.py", line 68, in analyze
    em_res = EmotionDetectionService.detect(text)
  File "C:\Users\HP\Documents\mindCompass\mindcompass-backend\ai\emotions\services.py", line 27, in detect
    return cls._rule_based_detect(text)
           ~~~~~~~~~~~~~~~~~~~~~~^^^^^^
  File "C:\Users\HP\Documents\mindCompass\mindcompass-backend\ai\emotions\services.py", line 44, in _rule_based_detect
    sentiment_res = SentimentAnalysisService.analyze(text)
  File "C:\Users\HP\Documents\mindCompass\mindcompass-backend\ai\sentiment\services.py", line 68, in analyze
    em_res = EmotionDetectionService.detect(text)
  File "C:\Users\HP\Documents\mindCompass\mindcompass-backend\ai\emotions\services.py", line 27, in detect
    return cls._rule_based_detect(text)
           ~~~~~~~~~~~~~~~~~~~~~~^^^^^^
  File "C:\Users\HP\Documents\mindCompass\mindcompass-backend\ai\emotions\services.py", line 44, in _rule_based_detect
    sentiment_res = SentimentAnalysisService.analyze(text)
  File "C:\Users\HP\Documents\mindCompass\mindcompass-backend\ai\sentiment\services.py", line 68, in analyze
    em_res = EmotionDetectionService.detect(text)
  File "C:\Users\HP\Documents\mindCompass\mindcompass-backend\ai\emotions\services.py", line 27, in detect
    return cls._rule_based_detect(text)
           ~~~~~~~~~~~~~~~~~~~~~~^^^^^^
  File "C:\Users\HP\Documents\mindCompass\mindcompass-backend\ai\emotions\services.py", line 44, in _rule_based_detect
    sentiment_res = SentimentAnalysisService.analyze(text)
  File "C:\Users\HP\Documents\mindCompass\mindcompass-backend\ai\sentiment\services.py", line 68, in analyze
    em_res = EmotionDetectionService.detect(text)
  File "C:\Users\HP\Documents\mindCompass\mindcompass-backend\ai\emotions\services.py", line 27, in detect
    return cls._rule_based_detect(text)
           ~~~~~~~~~~~~~~~~~~~~~~^^^^^^
  File "C:\Users\HP\Documents\mindCompass\mindcompass-backend\ai\emotions\services.py", line 44, in _rule_based_detect
    sentiment_res = SentimentAnalysisService.analyze(text)
  File "C:\Users\HP\Documents\mindCompass\mindcompass-backend\ai\sentiment\services.py", line 68, in analyze
    em_res = EmotionDetectionService.detect(text)
  File "C:\Users\HP\Documents\mindCompass\mindcompass-backend\ai\emotions\services.py", line 27, in detect
    return cls._rule_based_detect(text)
           ~~~~~~~~~~~~~~~~~~~~~~^^^^^^
  File "C:\Users\HP\Documents\mindCompass\mindcompass-backend\ai\emotions\services.py", line 44, in _rule_based_detect
    sentiment_res = SentimentAnalysisService.analyze(text)
  File "C:\Users\HP\Documents\mindCompass\mindcompass-backend\ai\sentiment\services.py", line 68, in analyze
    em_res = EmotionDetectionService.detect(text)
  File "C:\Users\HP\Documents\mindCompass\mindcompass-backend\ai\emotions\services.py", line 27, in detect
    return cls._rule_based_detect(text)
           ~~~~~~~~~~~~~~~~~~~~~~^^^^^^
  File "C:\Users\HP\Documents\mindCompass\mindcompass-backend\ai\emotions\services.py", line 44, in _rule_based_detect
    sentiment_res = SentimentAnalysisService.analyze(text)
  File "C:\Users\HP\Documents\mindCompass\mindcompass-backend\ai\sentiment\services.py", line 68, in analyze
    em_res = EmotionDetectionService.detect(text)
  File "C:\Users\HP\Documents\mindCompass\mindcompass-backend\ai\emotions\services.py", line 27, in detect
    return cls._rule_based_detect(text)
           ~~~~~~~~~~~~~~~~~~~~~~^^^^^^
  File "C:\Users\HP\Documents\mindCompass\mindcompass-backend\ai\emotions\services.py", line 44, in _rule_based_detect
    sentiment_res = SentimentAnalysisService.analyze(text)
  File "C:\Users\HP\Documents\mindCompass\mindcompass-backend\ai\sentiment\services.py", line 68, in analyze
    em_res = EmotionDetectionService.detect(text)
  File "C:\Users\HP\Documents\mindCompass\mindcompass-backend\ai\emotions\services.py", line 27, in detect
    return cls._rule_based_detect(text)
           ~~~~~~~~~~~~~~~~~~~~~~^^^^^^
  File "C:\Users\HP\Documents\mindCompass\mindcompass-backend\ai\emotions\services.py", line 44, in _rule_based_detect
    sentiment_res = SentimentAnalysisService.analyze(text)
  File "C:\Users\HP\Documents\mindCompass\mindcompass-backend\ai\sentiment\services.py", line 68, in analyze
    em_res = EmotionDetectionService.detect(text)
  File "C:\Users\HP\Documents\mindCompass\mindcompass-backend\ai\emotions\services.py", line 27, in detect
    return cls._rule_based_detect(text)
           ~~~~~~~~~~~~~~~~~~~~~~^^^^^^
  File "C:\Users\HP\Documents\mindCompass\mindcompass-backend\ai\emotions\services.py", line 44, in _rule_based_detect
    sentiment_res = SentimentAnalysisService.analyze(text)
  File "C:\Users\HP\Documents\mindCompass\mindcompass-backend\ai\sentiment\services.py", line 68, in analyze
    em_res = EmotionDetectionService.detect(text)
  File "C:\Users\HP\Documents\mindCompass\mindcompass-backend\ai\emotions\services.py", line 27, in detect
    return cls._rule_based_detect(text)
           ~~~~~~~~~~~~~~~~~~~~~~^^^^^^
  File "C:\Users\HP\Documents\mindCompass\mindcompass-backend\ai\emotions\services.py", line 44, in _rule_based_detect
    sentiment_res = SentimentAnalysisService.analyze(text)
  File "C:\Users\HP\Documents\mindCompass\mindcompass-backend\ai\sentiment\services.py", line 68, in analyze
    em_res = EmotionDetectionService.detect(text)
  File "C:\Users\HP\Documents\mindCompass\mindcompass-backend\ai\emotions\services.py", line 27, in detect
    return cls._rule_based_detect(text)
           ~~~~~~~~~~~~~~~~~~~~~~^^^^^^
  File "C:\Users\HP\Documents\mindCompass\mindcompass-backend\ai\emotions\services.py", line 44, in _rule_based_detect
    sentiment_res = SentimentAnalysisService.analyze(text)
  File "C:\Users\HP\Documents\mindCompass\mindcompass-backend\ai\sentiment\services.py", line 68, in analyze
    em_res = EmotionDetectionService.detect(text)
  File "C:\Users\HP\Documents\mindCompass\mindcompass-backend\ai\emotions\services.py", line 27, in detect
    return cls._rule_based_detect(text)
           ~~~~~~~~~~~~~~~~~~~~~~^^^^^^
  File "C:\Users\HP\Documents\mindCompass\mindcompass-backend\ai\emotions\services.py", line 44, in _rule_based_detect
    sentiment_res = SentimentAnalysisService.analyze(text)
  File "C:\Users\HP\Documents\mindCompass\mindcompass-backend\ai\sentiment\services.py", line 68, in analyze
    em_res = EmotionDetectionService.detect(text)
  File "C:\Users\HP\Documents\mindCompass\mindcompass-backend\ai\emotions\services.py", line 27, in detect
    return cls._rule_based_detect(text)
           ~~~~~~~~~~~~~~~~~~~~~~^^^^^^
  File "C:\Users\HP\Documents\mindCompass\mindcompass-backend\ai\emotions\services.py", line 44, in _rule_based_detect
    sentiment_res = SentimentAnalysisService.analyze(text)
  File "C:\Users\HP\Documents\mindCompass\mindcompass-backend\ai\sentiment\services.py", line 68, in analyze
    em_res = EmotionDetectionService.detect(text)
  File "C:\Users\HP\Documents\mindCompass\mindcompass-backend\ai\emotions\services.py", line 27, in detect
    return cls._rule_based_detect(text)
           ~~~~~~~~~~~~~~~~~~~~~~^^^^^^
  File "C:\Users\HP\Documents\mindCompass\mindcompass-backend\ai\emotions\services.py", line 44, in _rule_based_detect
    sentiment_res = SentimentAnalysisService.analyze(text)
  File "C:\Users\HP\Documents\mindCompass\mindcompass-backend\ai\sentiment\services.py", line 68, in analyze
    em_res = EmotionDetectionService.detect(text)
  File "C:\Users\HP\Documents\mindCompass\mindcompass-backend\ai\emotions\services.py", line 27, in detect
    return cls._rule_based_detect(text)
           ~~~~~~~~~~~~~~~~~~~~~~^^^^^^
  File "C:\Users\HP\Documents\mindCompass\mindcompass-backend\ai\emotions\services.py", line 44, in _rule_based_detect
    sentiment_res = SentimentAnalysisService.analyze(text)
  File "C:\Users\HP\Documents\mindCompass\mindcompass-backend\ai\sentiment\services.py", line 68, in analyze
    em_res = EmotionDetectionService.detect(text)
  File "C:\Users\HP\Documents\mindCompass\mindcompass-backend\ai\emotions\services.py", line 27, in detect
    return cls._rule_based_detect(text)
           ~~~~~~~~~~~~~~~~~~~~~~^^^^^^
  File "C:\Users\HP\Documents\mindCompass\mindcompass-backend\ai\emotions\services.py", line 44, in _rule_based_detect
    sentiment_res = SentimentAnalysisService.analyze(text)
  File "C:\Users\HP\Documents\mindCompass\mindcompass-backend\ai\sentiment\services.py", line 68, in analyze
    em_res = EmotionDetectionService.detect(text)
  File "C:\Users\HP\Documents\mindCompass\mindcompass-backend\ai\emotions\services.py", line 27, in detect
    return cls._rule_based_detect(text)
           ~~~~~~~~~~~~~~~~~~~~~~^^^^^^
  File "C:\Users\HP\Documents\mindCompass\mindcompass-backend\ai\emotions\services.py", line 44, in _rule_based_detect
    sentiment_res = SentimentAnalysisService.analyze(text)
  File "C:\Users\HP\Documents\mindCompass\mindcompass-backend\ai\sentiment\services.py", line 68, in analyze
    em_res = EmotionDetectionService.detect(text)
  File "C:\Users\HP\Documents\mindCompass\mindcompass-backend\ai\emotions\services.py", line 27, in detect
    return cls._rule_based_detect(text)
           ~~~~~~~~~~~~~~~~~~~~~~^^^^^^
  File "C:\Users\HP\Documents\mindCompass\mindcompass-backend\ai\emotions\services.py", line 44, in _rule_based_detect
    sentiment_res = SentimentAnalysisService.analyze(text)
  File "C:\Users\HP\Documents\mindCompass\mindcompass-backend\ai\sentiment\services.py", line 68, in analyze
    em_res = EmotionDetectionService.detect(text)
  File "C:\Users\HP\Documents\mindCompass\mindcompass-backend\ai\emotions\services.py", line 27, in detect
    return cls._rule_based_detect(text)
           ~~~~~~~~~~~~~~~~~~~~~~^^^^^^
  File "C:\Users\HP\Documents\mindCompass\mindcompass-backend\ai\emotions\services.py", line 44, in _rule_based_detect
    sentiment_res = SentimentAnalysisService.analyze(text)
  File "C:\Users\HP\Documents\mindCompass\mindcompass-backend\ai\sentiment\services.py", line 68, in analyze
    em_res = EmotionDetectionService.detect(text)
  File "C:\Users\HP\Documents\mindCompass\mindcompass-backend\ai\emotions\services.py", line 27, in detect
    return cls._rule_based_detect(text)
           ~~~~~~~~~~~~~~~~~~~~~~^^^^^^
  File "C:\Users\HP\Documents\mindCompass\mindcompass-backend\ai\emotions\services.py", line 44, in _rule_based_detect
    sentiment_res = SentimentAnalysisService.analyze(text)
  File "C:\Users\HP\Documents\mindCompass\mindcompass-backend\ai\sentiment\services.py", line 68, in analyze
    em_res = EmotionDetectionService.detect(text)
  File "C:\Users\HP\Documents\mindCompass\mindcompass-backend\ai\emotions\services.py", line 27, in detect
    return cls._rule_based_detect(text)
           ~~~~~~~~~~~~~~~~~~~~~~^^^^^^
  File "C:\Users\HP\Documents\mindCompass\mindcompass-backend\ai\emotions\services.py", line 44, in _rule_based_detect
    sentiment_res = SentimentAnalysisService.analyze(text)
  File "C:\Users\HP\Documents\mindCompass\mindcompass-backend\ai\sentiment\services.py", line 68, in analyze
    em_res = EmotionDetectionService.detect(text)
  File "C:\Users\HP\Documents\mindCompass\mindcompass-backend\ai\emotions\services.py", line 27, in detect
    return cls._rule_based_detect(text)
           ~~~~~~~~~~~~~~~~~~~~~~^^^^^^
  File "C:\Users\HP\Documents\mindCompass\mindcompass-backend\ai\emotions\services.py", line 44, in _rule_based_detect
    sentiment_res = SentimentAnalysisService.analyze(text)
  File "C:\Users\HP\Documents\mindCompass\mindcompass-backend\ai\sentiment\services.py", line 68, in analyze
    em_res = EmotionDetectionService.detect(text)
  File "C:\Users\HP\Documents\mindCompass\mindcompass-backend\ai\emotions\services.py", line 27, in detect
    return cls._rule_based_detect(text)
           ~~~~~~~~~~~~~~~~~~~~~~^^^^^^
  File "C:\Users\HP\Documents\mindCompass\mindcompass-backend\ai\emotions\services.py", line 44, in _rule_based_detect
    sentiment_res = SentimentAnalysisService.analyze(text)
  File "C:\Users\HP\Documents\mindCompass\mindcompass-backend\ai\sentiment\services.py", line 68, in analyze
    em_res = EmotionDetectionService.detect(text)
  File "C:\Users\HP\Documents\mindCompass\mindcompass-backend\ai\emotions\services.py", line 27, in detect
    return cls._rule_based_detect(text)
           ~~~~~~~~~~~~~~~~~~~~~~^^^^^^
  File "C:\Users\HP\Documents\mindCompass\mindcompass-backend\ai\emotions\services.py", line 44, in _rule_based_detect
    sentiment_res = SentimentAnalysisService.analyze(text)
  File "C:\Users\HP\Documents\mindCompass\mindcompass-backend\ai\sentiment\services.py", line 68, in analyze
    em_res = EmotionDetectionService.detect(text)
  File "C:\Users\HP\Documents\mindCompass\mindcompass-backend\ai\emotions\services.py", line 27, in detect
    return cls._rule_based_detect(text)
           ~~~~~~~~~~~~~~~~~~~~~~^^^^^^
  File "C:\Users\HP\Documents\mindCompass\mindcompass-backend\ai\emotions\services.py", line 44, in _rule_based_detect
    sentiment_res = SentimentAnalysisService.analyze(text)
  File "C:\Users\HP\Documents\mindCompass\mindcompass-backend\ai\sentiment\services.py", line 68, in analyze
    em_res = EmotionDetectionService.detect(text)
  File "C:\Users\HP\Documents\mindCompass\mindcompass-backend\ai\emotions\services.py", line 27, in detect
    return cls._rule_based_detect(text)
           ~~~~~~~~~~~~~~~~~~~~~~^^^^^^
  File "C:\Users\HP\Documents\mindCompass\mindcompass-backend\ai\emotions\services.py", line 44, in _rule_based_detect
    sentiment_res = SentimentAnalysisService.analyze(text)
  File "C:\Users\HP\Documents\mindCompass\mindcompass-backend\ai\sentiment\services.py", line 68, in analyze
    em_res = EmotionDetectionService.detect(text)
  File "C:\Users\HP\Documents\mindCompass\mindcompass-backend\ai\emotions\services.py", line 27, in detect
    return cls._rule_based_detect(text)
           ~~~~~~~~~~~~~~~~~~~~~~^^^^^^
  File "C:\Users\HP\Documents\mindCompass\mindcompass-backend\ai\emotions\services.py", line 44, in _rule_based_detect
    sentiment_res = SentimentAnalysisService.analyze(text)
  File "C:\Users\HP\Documents\mindCompass\mindcompass-backend\ai\sentiment\services.py", line 68, in analyze
    em_res = EmotionDetectionService.detect(text)
  File "C:\Users\HP\Documents\mindCompass\mindcompass-backend\ai\emotions\services.py", line 27, in detect
    return cls._rule_based_detect(text)
           ~~~~~~~~~~~~~~~~~~~~~~^^^^^^
  File "C:\Users\HP\Documents\mindCompass\mindcompass-backend\ai\emotions\services.py", line 44, in _rule_based_detect
    sentiment_res = SentimentAnalysisService.analyze(text)
  File "C:\Users\HP\Documents\mindCompass\mindcompass-backend\ai\sentiment\services.py", line 68, in analyze
    em_res = EmotionDetectionService.detect(text)
  File "C:\Users\HP\Documents\mindCompass\mindcompass-backend\ai\emotions\services.py", line 27, in detect
    return cls._rule_based_detect(text)
           ~~~~~~~~~~~~~~~~~~~~~~^^^^^^
  File "C:\Users\HP\Documents\mindCompass\mindcompass-backend\ai\emotions\services.py", line 44, in _rule_based_detect
    sentiment_res = SentimentAnalysisService.analyze(text)
  File "C:\Users\HP\Documents\mindCompass\mindcompass-backend\ai\sentiment\services.py", line 68, in analyze
    em_res = EmotionDetectionService.detect(text)
  File "C:\Users\HP\Documents\mindCompass\mindcompass-backend\ai\emotions\services.py", line 27, in detect
    return cls._rule_based_detect(text)
           ~~~~~~~~~~~~~~~~~~~~~~^^^^^^
  File "C:\Users\HP\Documents\mindCompass\mindcompass-backend\ai\emotions\services.py", line 44, in _rule_based_detect
    sentiment_res = SentimentAnalysisService.analyze(text)
  File "C:\Users\HP\Documents\mindCompass\mindcompass-backend\ai\sentiment\services.py", line 68, in analyze
    em_res = EmotionDetectionService.detect(text)
  File "C:\Users\HP\Documents\mindCompass\mindcompass-backend\ai\emotions\services.py", line 27, in detect
    return cls._rule_based_detect(text)
           ~~~~~~~~~~~~~~~~~~~~~~^^^^^^
  File "C:\Users\HP\Documents\mindCompass\mindcompass-backend\ai\emotions\services.py", line 44, in _rule_based_detect
    sentiment_res = SentimentAnalysisService.analyze(text)
  File "C:\Users\HP\Documents\mindCompass\mindcompass-backend\ai\sentiment\services.py", line 68, in analyze
    em_res = EmotionDetectionService.detect(text)
  File "C:\Users\HP\Documents\mindCompass\mindcompass-backend\ai\emotions\services.py", line 27, in detect
    return cls._rule_based_detect(text)
           ~~~~~~~~~~~~~~~~~~~~~~^^^^^^
  File "C:\Users\HP\Documents\mindCompass\mindcompass-backend\ai\emotions\services.py", line 44, in _rule_based_detect
    sentiment_res = SentimentAnalysisService.analyze(text)
  File "C:\Users\HP\Documents\mindCompass\mindcompass-backend\ai\sentiment\services.py", line 68, in analyze
    em_res = EmotionDetectionService.detect(text)
  File "C:\Users\HP\Documents\mindCompass\mindcompass-backend\ai\emotions\services.py", line 27, in detect
    return cls._rule_based_detect(text)
           ~~~~~~~~~~~~~~~~~~~~~~^^^^^^
  File "C:\Users\HP\Documents\mindCompass\mindcompass-backend\ai\emotions\services.py", line 44, in _rule_based_detect
    sentiment_res = SentimentAnalysisService.analyze(text)
  File "C:\Users\HP\Documents\mindCompass\mindcompass-backend\ai\sentiment\services.py", line 68, in analyze
    em_res = EmotionDetectionService.detect(text)
  File "C:\Users\HP\Documents\mindCompass\mindcompass-backend\ai\emotions\services.py", line 27, in detect
    return cls._rule_based_detect(text)
           ~~~~~~~~~~~~~~~~~~~~~~^^^^^^
  File "C:\Users\HP\Documents\mindCompass\mindcompass-backend\ai\emotions\services.py", line 44, in _rule_based_detect
    sentiment_res = SentimentAnalysisService.analyze(text)
  File "C:\Users\HP\Documents\mindCompass\mindcompass-backend\ai\sentiment\services.py", line 68, in analyze
    em_res = EmotionDetectionService.detect(text)
  File "C:\Users\HP\Documents\mindCompass\mindcompass-backend\ai\emotions\services.py", line 27, in detect
    return cls._rule_based_detect(text)
           ~~~~~~~~~~~~~~~~~~~~~~^^^^^^
  File "C:\Users\HP\Documents\mindCompass\mindcompass-backend\ai\emotions\services.py", line 44, in _rule_based_detect
    sentiment_res = SentimentAnalysisService.analyze(text)
  File "C:\Users\HP\Documents\mindCompass\mindcompass-backend\ai\sentiment\services.py", line 68, in analyze
    em_res = EmotionDetectionService.detect(text)
  File "C:\Users\HP\Documents\mindCompass\mindcompass-backend\ai\emotions\services.py", line 27, in detect
    return cls._rule_based_detect(text)
           ~~~~~~~~~~~~~~~~~~~~~~^^^^^^
  File "C:\Users\HP\Documents\mindCompass\mindcompass-backend\ai\emotions\services.py", line 44, in _rule_based_detect
    sentiment_res = SentimentAnalysisService.analyze(text)
  File "C:\Users\HP\Documents\mindCompass\mindcompass-backend\ai\sentiment\services.py", line 68, in analyze
    em_res = EmotionDetectionService.detect(text)
  File "C:\Users\HP\Documents\mindCompass\mindcompass-backend\ai\emotions\services.py", line 27, in detect
    return cls._rule_based_detect(text)
           ~~~~~~~~~~~~~~~~~~~~~~^^^^^^
  File "C:\Users\HP\Documents\mindCompass\mindcompass-backend\ai\emotions\services.py", line 44, in _rule_based_detect
    sentiment_res = SentimentAnalysisService.analyze(text)
  File "C:\Users\HP\Documents\mindCompass\mindcompass-backend\ai\sentiment\services.py", line 68, in analyze
    em_res = EmotionDetectionService.detect(text)
  File "C:\Users\HP\Documents\mindCompass\mindcompass-backend\ai\emotions\services.py", line 27, in detect
    return cls._rule_based_detect(text)
           ~~~~~~~~~~~~~~~~~~~~~~^^^^^^
  File "C:\Users\HP\Documents\mindCompass\mindcompass-backend\ai\emotions\services.py", line 44, in _rule_based_detect
    sentiment_res = SentimentAnalysisService.analyze(text)
  File "C:\Users\HP\Documents\mindCompass\mindcompass-backend\ai\sentiment\services.py", line 68, in analyze
    em_res = EmotionDetectionService.detect(text)
  File "C:\Users\HP\Documents\mindCompass\mindcompass-backend\ai\emotions\services.py", line 27, in detect
    return cls._rule_based_detect(text)
           ~~~~~~~~~~~~~~~~~~~~~~^^^^^^
  File "C:\Users\HP\Documents\mindCompass\mindcompass-backend\ai\emotions\services.py", line 44, in _rule_based_detect
    sentiment_res = SentimentAnalysisService.analyze(text)
  File "C:\Users\HP\Documents\mindCompass\mindcompass-backend\ai\sentiment\services.py", line 68, in analyze
    em_res = EmotionDetectionService.detect(text)
  File "C:\Users\HP\Documents\mindCompass\mindcompass-backend\ai\emotions\services.py", line 27, in detect
    return cls._rule_based_detect(text)
           ~~~~~~~~~~~~~~~~~~~~~~^^^^^^
  File "C:\Users\HP\Documents\mindCompass\mindcompass-backend\ai\emotions\services.py", line 44, in _rule_based_detect
    sentiment_res = SentimentAnalysisService.analyze(text)
  File "C:\Users\HP\Documents\mindCompass\mindcompass-backend\ai\sentiment\services.py", line 68, in analyze
    em_res = EmotionDetectionService.detect(text)
  File "C:\Users\HP\Documents\mindCompass\mindcompass-backend\ai\emotions\services.py", line 27, in detect
    return cls._rule_based_detect(text)
           ~~~~~~~~~~~~~~~~~~~~~~^^^^^^
  File "C:\Users\HP\Documents\mindCompass\mindcompass-backend\ai\emotions\services.py", line 44, in _rule_based_detect
    sentiment_res = SentimentAnalysisService.analyze(text)
  File "C:\Users\HP\Documents\mindCompass\mindcompass-backend\ai\sentiment\services.py", line 68, in analyze
    em_res = EmotionDetectionService.detect(text)
  File "C:\Users\HP\Documents\mindCompass\mindcompass-backend\ai\emotions\services.py", line 27, in detect
    return cls._rule_based_detect(text)
           ~~~~~~~~~~~~~~~~~~~~~~^^^^^^
  File "C:\Users\HP\Documents\mindCompass\mindcompass-backend\ai\emotions\services.py", line 44, in _rule_based_detect
    sentiment_res = SentimentAnalysisService.analyze(text)
  File "C:\Users\HP\Documents\mindCompass\mindcompass-backend\ai\sentiment\services.py", line 68, in analyze
    em_res = EmotionDetectionService.detect(text)
  File "C:\Users\HP\Documents\mindCompass\mindcompass-backend\ai\emotions\services.py", line 27, in detect
    return cls._rule_based_detect(text)
           ~~~~~~~~~~~~~~~~~~~~~~^^^^^^
  File "C:\Users\HP\Documents\mindCompass\mindcompass-backend\ai\emotions\services.py", line 44, in _rule_based_detect
    sentiment_res = SentimentAnalysisService.analyze(text)
  File "C:\Users\HP\Documents\mindCompass\mindcompass-backend\ai\sentiment\services.py", line 68, in analyze
    em_res = EmotionDetectionService.detect(text)
  File "C:\Users\HP\Documents\mindCompass\mindcompass-backend\ai\emotions\services.py", line 27, in detect
    return cls._rule_based_detect(text)
           ~~~~~~~~~~~~~~~~~~~~~~^^^^^^
  File "C:\Users\HP\Documents\mindCompass\mindcompass-backend\ai\emotions\services.py", line 44, in _rule_based_detect
    sentiment_res = SentimentAnalysisService.analyze(text)
  File "C:\Users\HP\Documents\mindCompass\mindcompass-backend\ai\sentiment\services.py", line 68, in analyze
    em_res = EmotionDetectionService.detect(text)
  File "C:\Users\HP\Documents\mindCompass\mindcompass-backend\ai\emotions\services.py", line 27, in detect
    return cls._rule_based_detect(text)
           ~~~~~~~~~~~~~~~~~~~~~~^^^^^^
  File "C:\Users\HP\Documents\mindCompass\mindcompass-backend\ai\emotions\services.py", line 44, in _rule_based_detect
    sentiment_res = SentimentAnalysisService.analyze(text)
  File "C:\Users\HP\Documents\mindCompass\mindcompass-backend\ai\sentiment\services.py", line 68, in analyze
    em_res = EmotionDetectionService.detect(text)
  File "C:\Users\HP\Documents\mindCompass\mindcompass-backend\ai\emotions\services.py", line 27, in detect
    return cls._rule_based_detect(text)
           ~~~~~~~~~~~~~~~~~~~~~~^^^^^^
  File "C:\Users\HP\Documents\mindCompass\mindcompass-backend\ai\emotions\services.py", line 44, in _rule_based_detect
    sentiment_res = SentimentAnalysisService.analyze(text)
  File "C:\Users\HP\Documents\mindCompass\mindcompass-backend\ai\sentiment\services.py", line 68, in analyze
    em_res = EmotionDetectionService.detect(text)
  File "C:\Users\HP\Documents\mindCompass\mindcompass-backend\ai\emotions\services.py", line 27, in detect
    return cls._rule_based_detect(text)
           ~~~~~~~~~~~~~~~~~~~~~~^^^^^^
  File "C:\Users\HP\Documents\mindCompass\mindcompass-backend\ai\emotions\services.py", line 44, in _rule_based_detect
    sentiment_res = SentimentAnalysisService.analyze(text)
  File "C:\Users\HP\Documents\mindCompass\mindcompass-backend\ai\sentiment\services.py", line 68, in analyze
    em_res = EmotionDetectionService.detect(text)
  File "C:\Users\HP\Documents\mindCompass\mindcompass-backend\ai\emotions\services.py", line 27, in detect
    return cls._rule_based_detect(text)
           ~~~~~~~~~~~~~~~~~~~~~~^^^^^^
  File "C:\Users\HP\Documents\mindCompass\mindcompass-backend\ai\emotions\services.py", line 39, in _rule_based_detect
    preprocess_res = preprocess_text(text)
  File "C:\Users\HP\Documents\mindCompass\mindcompass-backend\ai\utils\preprocessing.py", line 41, in preprocess_text
    raw_tokens = word_tokenize(cleaned_spaces)
  File "C:\Users\HP\AppData\Roaming\Python\Python314\site-packages\nltk\tokenize\__init__.py", line 142, in word_tokenize
    sentences = [text] if preserve_line else sent_tokenize(text, language)
                                             ~~~~~~~~~~~~~^^^^^^^^^^^^^^^^
  File "C:\Users\HP\AppData\Roaming\Python\Python314\site-packages\nltk\tokenize\__init__.py", line 120, in sent_tokenize
    return tokenizer.tokenize(text)
           ~~~~~~~~~~~~~~~~~~^^^^^^
  File "C:\Users\HP\AppData\Roaming\Python\Python314\site-packages\nltk\tokenize\punkt.py", line 1280, in tokenize
    return list(self.sentences_from_text(text, realign_boundaries))
                ~~~~~~~~~~~~~~~~~~~~~~~~^^^^^^^^^^^^^^^^^^^^^^^^^^
  File "C:\Users\HP\AppData\Roaming\Python\Python314\site-packages\nltk\tokenize\punkt.py", line 1340, in sentences_from_text
    return [text[s:e] for s, e in self.span_tokenize(text, realign_boundaries)]
                                  ~~~~~~~~~~~~~~~~~~^^^^^^^^^^^^^^^^^^^^^^^^^^
  File "C:\Users\HP\AppData\Roaming\Python\Python314\site-packages\nltk\tokenize\punkt.py", line 1328, in span_tokenize
    for sentence in slices:
                    ^^^^^^
  File "C:\Users\HP\AppData\Roaming\Python\Python314\site-packages\nltk\tokenize\punkt.py", line 1457, in _realign_boundaries
    for sentence1, sentence2 in _pair_iter(slices):
                                ~~~~~~~~~~^^^^^^^^
  File "C:\Users\HP\AppData\Roaming\Python\Python314\site-packages\nltk\tokenize\punkt.py", line 321, in _pair_iter
    prev = next(iterator)
  File "C:\Users\HP\AppData\Roaming\Python\Python314\site-packages\nltk\tokenize\punkt.py", line 1429, in _slices_from_text
    for match, context in self._match_potential_end_contexts(text):
                          ~~~~~~~~~~~~~~~~~~~~~~~~~~~~~~~~~~^^^^^^
  File "C:\Users\HP\AppData\Roaming\Python\Python314\site-packages\nltk\tokenize\punkt.py", line 1394, in _match_potential_end_contexts
    for match in self._lang_vars.period_context_re().finditer(text):
                 ~~~~~~~~~~~~~~~~~~~~~~~~~~~~~~~~~^^
RecursionError: maximum recursion depth exceeded
ERROR 2026-07-31 23:07:53,978 log 28196 31964 Internal Server Error: /api/ai/sentiment/
Traceback (most recent call last):
  File "C:\Users\HP\AppData\Roaming\Python\Python314\site-packages\django\core\handlers\exception.py", line 55, in inner
    response = get_response(request)
  File "C:\Users\HP\AppData\Roaming\Python\Python314\site-packages\django\core\handlers\base.py", line 198, in _get_response
    response = wrapped_callback(request, *callback_args, **callback_kwargs)
  File "C:\Users\HP\AppData\Roaming\Python\Python314\site-packages\django\views\decorators\csrf.py", line 65, in _view_wrapper
    return view_func(request, *args, **kwargs)
  File "C:\Users\HP\AppData\Roaming\Python\Python314\site-packages\django\views\generic\base.py", line 106, in view
    return self.dispatch(request, *args, **kwargs)
           ~~~~~~~~~~~~~^^^^^^^^^^^^^^^^^^^^^^^^^^
  File "C:\Users\HP\AppData\Roaming\Python\Python314\site-packages\rest_framework\views.py", line 515, in dispatch
    response = self.handle_exception(exc)
  File "C:\Users\HP\AppData\Roaming\Python\Python314\site-packages\rest_framework\views.py", line 475, in handle_exception
    self.raise_uncaught_exception(exc)
    ~~~~~~~~~~~~~~~~~~~~~~~~~~~~~^^^^^
  File "C:\Users\HP\AppData\Roaming\Python\Python314\site-packages\rest_framework\views.py", line 486, in raise_uncaught_exception
    raise exc
  File "C:\Users\HP\AppData\Roaming\Python\Python314\site-packages\rest_framework\views.py", line 512, in dispatch
    response = handler(request, *args, **kwargs)
  File "C:\Users\HP\Documents\mindCompass\mindcompass-backend\ai\views.py", line 29, in post
    result = SentimentAnalysisService.analyze(text)
  File "C:\Users\HP\Documents\mindCompass\mindcompass-backend\ai\sentiment\services.py", line 68, in analyze
    em_res = EmotionDetectionService.detect(text)
  File "C:\Users\HP\Documents\mindCompass\mindcompass-backend\ai\emotions\services.py", line 27, in detect
    return cls._rule_based_detect(text)
           ~~~~~~~~~~~~~~~~~~~~~~^^^^^^
  File "C:\Users\HP\Documents\mindCompass\mindcompass-backend\ai\emotions\services.py", line 44, in _rule_based_detect
    sentiment_res = SentimentAnalysisService.analyze(text)
  File "C:\Users\HP\Documents\mindCompass\mindcompass-backend\ai\sentiment\services.py", line 68, in analyze
    em_res = EmotionDetectionService.detect(text)
  File "C:\Users\HP\Documents\mindCompass\mindcompass-backend\ai\emotions\services.py", line 27, in detect
    return cls._rule_based_detect(text)
           ~~~~~~~~~~~~~~~~~~~~~~^^^^^^
  File "C:\Users\HP\Documents\mindCompass\mindcompass-backend\ai\emotions\services.py", line 44, in _rule_based_detect
    sentiment_res = SentimentAnalysisService.analyze(text)
  File "C:\Users\HP\Documents\mindCompass\mindcompass-backend\ai\sentiment\services.py", line 68, in analyze
    em_res = EmotionDetectionService.detect(text)
  File "C:\Users\HP\Documents\mindCompass\mindcompass-backend\ai\emotions\services.py", line 27, in detect
    return cls._rule_based_detect(text)
           ~~~~~~~~~~~~~~~~~~~~~~^^^^^^
  File "C:\Users\HP\Documents\mindCompass\mindcompass-backend\ai\emotions\services.py", line 44, in _rule_based_detect
    sentiment_res = SentimentAnalysisService.analyze(text)
  File "C:\Users\HP\Documents\mindCompass\mindcompass-backend\ai\sentiment\services.py", line 68, in analyze
    em_res = EmotionDetectionService.detect(text)
  File "C:\Users\HP\Documents\mindCompass\mindcompass-backend\ai\emotions\services.py", line 27, in detect
    return cls._rule_based_detect(text)
           ~~~~~~~~~~~~~~~~~~~~~~^^^^^^
  File "C:\Users\HP\Documents\mindCompass\mindcompass-backend\ai\emotions\services.py", line 44, in _rule_based_detect
    sentiment_res = SentimentAnalysisService.analyze(text)
  File "C:\Users\HP\Documents\mindCompass\mindcompass-backend\ai\sentiment\services.py", line 68, in analyze
    em_res = EmotionDetectionService.detect(text)
  File "C:\Users\HP\Documents\mindCompass\mindcompass-backend\ai\emotions\services.py", line 27, in detect
    return cls._rule_based_detect(text)
           ~~~~~~~~~~~~~~~~~~~~~~^^^^^^
  File "C:\Users\HP\Documents\mindCompass\mindcompass-backend\ai\emotions\services.py", line 44, in _rule_based_detect
    sentiment_res = SentimentAnalysisService.analyze(text)
  File "C:\Users\HP\Documents\mindCompass\mindcompass-backend\ai\sentiment\services.py", line 68, in analyze
    em_res = EmotionDetectionService.detect(text)
  File "C:\Users\HP\Documents\mindCompass\mindcompass-backend\ai\emotions\services.py", line 27, in detect
    return cls._rule_based_detect(text)
           ~~~~~~~~~~~~~~~~~~~~~~^^^^^^
  File "C:\Users\HP\Documents\mindCompass\mindcompass-backend\ai\emotions\services.py", line 44, in _rule_based_detect
    sentiment_res = SentimentAnalysisService.analyze(text)
  File "C:\Users\HP\Documents\mindCompass\mindcompass-backend\ai\sentiment\services.py", line 68, in analyze
    em_res = EmotionDetectionService.detect(text)
  File "C:\Users\HP\Documents\mindCompass\mindcompass-backend\ai\emotions\services.py", line 27, in detect
    return cls._rule_based_detect(text)
           ~~~~~~~~~~~~~~~~~~~~~~^^^^^^
  File "C:\Users\HP\Documents\mindCompass\mindcompass-backend\ai\emotions\services.py", line 44, in _rule_based_detect
    sentiment_res = SentimentAnalysisService.analyze(text)
  File "C:\Users\HP\Documents\mindCompass\mindcompass-backend\ai\sentiment\services.py", line 68, in analyze
    em_res = EmotionDetectionService.detect(text)
  File "C:\Users\HP\Documents\mindCompass\mindcompass-backend\ai\emotions\services.py", line 27, in detect
    return cls._rule_based_detect(text)
           ~~~~~~~~~~~~~~~~~~~~~~^^^^^^
  File "C:\Users\HP\Documents\mindCompass\mindcompass-backend\ai\emotions\services.py", line 44, in _rule_based_detect
    sentiment_res = SentimentAnalysisService.analyze(text)
  File "C:\Users\HP\Documents\mindCompass\mindcompass-backend\ai\sentiment\services.py", line 68, in analyze
    em_res = EmotionDetectionService.detect(text)
  File "C:\Users\HP\Documents\mindCompass\mindcompass-backend\ai\emotions\services.py", line 27, in detect
    return cls._rule_based_detect(text)
           ~~~~~~~~~~~~~~~~~~~~~~^^^^^^
  File "C:\Users\HP\Documents\mindCompass\mindcompass-backend\ai\emotions\services.py", line 44, in _rule_based_detect
    sentiment_res = SentimentAnalysisService.analyze(text)
  File "C:\Users\HP\Documents\mindCompass\mindcompass-backend\ai\sentiment\services.py", line 68, in analyze
    em_res = EmotionDetectionService.detect(text)
  File "C:\Users\HP\Documents\mindCompass\mindcompass-backend\ai\emotions\services.py", line 27, in detect
    return cls._rule_based_detect(text)
           ~~~~~~~~~~~~~~~~~~~~~~^^^^^^
  File "C:\Users\HP\Documents\mindCompass\mindcompass-backend\ai\emotions\services.py", line 44, in _rule_based_detect
    sentiment_res = SentimentAnalysisService.analyze(text)
  File "C:\Users\HP\Documents\mindCompass\mindcompass-backend\ai\sentiment\services.py", line 68, in analyze
    em_res = EmotionDetectionService.detect(text)
  File "C:\Users\HP\Documents\mindCompass\mindcompass-backend\ai\emotions\services.py", line 27, in detect
    return cls._rule_based_detect(text)
           ~~~~~~~~~~~~~~~~~~~~~~^^^^^^
  File "C:\Users\HP\Documents\mindCompass\mindcompass-backend\ai\emotions\services.py", line 44, in _rule_based_detect
    sentiment_res = SentimentAnalysisService.analyze(text)
  File "C:\Users\HP\Documents\mindCompass\mindcompass-backend\ai\sentiment\services.py", line 68, in analyze
    em_res = EmotionDetectionService.detect(text)
  File "C:\Users\HP\Documents\mindCompass\mindcompass-backend\ai\emotions\services.py", line 27, in detect
    return cls._rule_based_detect(text)
           ~~~~~~~~~~~~~~~~~~~~~~^^^^^^
  File "C:\Users\HP\Documents\mindCompass\mindcompass-backend\ai\emotions\services.py", line 44, in _rule_based_detect
    sentiment_res = SentimentAnalysisService.analyze(text)
  File "C:\Users\HP\Documents\mindCompass\mindcompass-backend\ai\sentiment\services.py", line 68, in analyze
    em_res = EmotionDetectionService.detect(text)
  File "C:\Users\HP\Documents\mindCompass\mindcompass-backend\ai\emotions\services.py", line 27, in detect
    return cls._rule_based_detect(text)
           ~~~~~~~~~~~~~~~~~~~~~~^^^^^^
  File "C:\Users\HP\Documents\mindCompass\mindcompass-backend\ai\emotions\services.py", line 44, in _rule_based_detect
    sentiment_res = SentimentAnalysisService.analyze(text)
  File "C:\Users\HP\Documents\mindCompass\mindcompass-backend\ai\sentiment\services.py", line 68, in analyze
    em_res = EmotionDetectionService.detect(text)
  File "C:\Users\HP\Documents\mindCompass\mindcompass-backend\ai\emotions\services.py", line 27, in detect
    return cls._rule_based_detect(text)
           ~~~~~~~~~~~~~~~~~~~~~~^^^^^^
  File "C:\Users\HP\Documents\mindCompass\mindcompass-backend\ai\emotions\services.py", line 44, in _rule_based_detect
    sentiment_res = SentimentAnalysisService.analyze(text)
  File "C:\Users\HP\Documents\mindCompass\mindcompass-backend\ai\sentiment\services.py", line 68, in analyze
    em_res = EmotionDetectionService.detect(text)
  File "C:\Users\HP\Documents\mindCompass\mindcompass-backend\ai\emotions\services.py", line 27, in detect
    return cls._rule_based_detect(text)
           ~~~~~~~~~~~~~~~~~~~~~~^^^^^^
  File "C:\Users\HP\Documents\mindCompass\mindcompass-backend\ai\emotions\services.py", line 44, in _rule_based_detect
    sentiment_res = SentimentAnalysisService.analyze(text)
  File "C:\Users\HP\Documents\mindCompass\mindcompass-backend\ai\sentiment\services.py", line 68, in analyze
    em_res = EmotionDetectionService.detect(text)
  File "C:\Users\HP\Documents\mindCompass\mindcompass-backend\ai\emotions\services.py", line 27, in detect
    return cls._rule_based_detect(text)
           ~~~~~~~~~~~~~~~~~~~~~~^^^^^^
  File "C:\Users\HP\Documents\mindCompass\mindcompass-backend\ai\emotions\services.py", line 44, in _rule_based_detect
    sentiment_res = SentimentAnalysisService.analyze(text)
  File "C:\Users\HP\Documents\mindCompass\mindcompass-backend\ai\sentiment\services.py", line 68, in analyze
    em_res = EmotionDetectionService.detect(text)
  File "C:\Users\HP\Documents\mindCompass\mindcompass-backend\ai\emotions\services.py", line 27, in detect
    return cls._rule_based_detect(text)
           ~~~~~~~~~~~~~~~~~~~~~~^^^^^^
  File "C:\Users\HP\Documents\mindCompass\mindcompass-backend\ai\emotions\services.py", line 44, in _rule_based_detect
    sentiment_res = SentimentAnalysisService.analyze(text)
  File "C:\Users\HP\Documents\mindCompass\mindcompass-backend\ai\sentiment\services.py", line 68, in analyze
    em_res = EmotionDetectionService.detect(text)
  File "C:\Users\HP\Documents\mindCompass\mindcompass-backend\ai\emotions\services.py", line 27, in detect
    return cls._rule_based_detect(text)
           ~~~~~~~~~~~~~~~~~~~~~~^^^^^^
  File "C:\Users\HP\Documents\mindCompass\mindcompass-backend\ai\emotions\services.py", line 44, in _rule_based_detect
    sentiment_res = SentimentAnalysisService.analyze(text)
  File "C:\Users\HP\Documents\mindCompass\mindcompass-backend\ai\sentiment\services.py", line 68, in analyze
    em_res = EmotionDetectionService.detect(text)
  File "C:\Users\HP\Documents\mindCompass\mindcompass-backend\ai\emotions\services.py", line 27, in detect
    return cls._rule_based_detect(text)
           ~~~~~~~~~~~~~~~~~~~~~~^^^^^^
  File "C:\Users\HP\Documents\mindCompass\mindcompass-backend\ai\emotions\services.py", line 44, in _rule_based_detect
    sentiment_res = SentimentAnalysisService.analyze(text)
  File "C:\Users\HP\Documents\mindCompass\mindcompass-backend\ai\sentiment\services.py", line 68, in analyze
    em_res = EmotionDetectionService.detect(text)
  File "C:\Users\HP\Documents\mindCompass\mindcompass-backend\ai\emotions\services.py", line 27, in detect
    return cls._rule_based_detect(text)
           ~~~~~~~~~~~~~~~~~~~~~~^^^^^^
  File "C:\Users\HP\Documents\mindCompass\mindcompass-backend\ai\emotions\services.py", line 44, in _rule_based_detect
    sentiment_res = SentimentAnalysisService.analyze(text)
  File "C:\Users\HP\Documents\mindCompass\mindcompass-backend\ai\sentiment\services.py", line 68, in analyze
    em_res = EmotionDetectionService.detect(text)
  File "C:\Users\HP\Documents\mindCompass\mindcompass-backend\ai\emotions\services.py", line 27, in detect
    return cls._rule_based_detect(text)
           ~~~~~~~~~~~~~~~~~~~~~~^^^^^^
  File "C:\Users\HP\Documents\mindCompass\mindcompass-backend\ai\emotions\services.py", line 44, in _rule_based_detect
    sentiment_res = SentimentAnalysisService.analyze(text)
  File "C:\Users\HP\Documents\mindCompass\mindcompass-backend\ai\sentiment\services.py", line 68, in analyze
    em_res = EmotionDetectionService.detect(text)
  File "C:\Users\HP\Documents\mindCompass\mindcompass-backend\ai\emotions\services.py", line 27, in detect
    return cls._rule_based_detect(text)
           ~~~~~~~~~~~~~~~~~~~~~~^^^^^^
  File "C:\Users\HP\Documents\mindCompass\mindcompass-backend\ai\emotions\services.py", line 44, in _rule_based_detect
    sentiment_res = SentimentAnalysisService.analyze(text)
  File "C:\Users\HP\Documents\mindCompass\mindcompass-backend\ai\sentiment\services.py", line 68, in analyze
    em_res = EmotionDetectionService.detect(text)
  File "C:\Users\HP\Documents\mindCompass\mindcompass-backend\ai\emotions\services.py", line 27, in detect
    return cls._rule_based_detect(text)
           ~~~~~~~~~~~~~~~~~~~~~~^^^^^^
  File "C:\Users\HP\Documents\mindCompass\mindcompass-backend\ai\emotions\services.py", line 44, in _rule_based_detect
    sentiment_res = SentimentAnalysisService.analyze(text)
  File "C:\Users\HP\Documents\mindCompass\mindcompass-backend\ai\sentiment\services.py", line 68, in analyze
    em_res = EmotionDetectionService.detect(text)
  File "C:\Users\HP\Documents\mindCompass\mindcompass-backend\ai\emotions\services.py", line 27, in detect
    return cls._rule_based_detect(text)
           ~~~~~~~~~~~~~~~~~~~~~~^^^^^^
  File "C:\Users\HP\Documents\mindCompass\mindcompass-backend\ai\emotions\services.py", line 44, in _rule_based_detect
    sentiment_res = SentimentAnalysisService.analyze(text)
  File "C:\Users\HP\Documents\mindCompass\mindcompass-backend\ai\sentiment\services.py", line 68, in analyze
    em_res = EmotionDetectionService.detect(text)
  File "C:\Users\HP\Documents\mindCompass\mindcompass-backend\ai\emotions\services.py", line 27, in detect
    return cls._rule_based_detect(text)
           ~~~~~~~~~~~~~~~~~~~~~~^^^^^^
  File "C:\Users\HP\Documents\mindCompass\mindcompass-backend\ai\emotions\services.py", line 44, in _rule_based_detect
    sentiment_res = SentimentAnalysisService.analyze(text)
  File "C:\Users\HP\Documents\mindCompass\mindcompass-backend\ai\sentiment\services.py", line 68, in analyze
    em_res = EmotionDetectionService.detect(text)
  File "C:\Users\HP\Documents\mindCompass\mindcompass-backend\ai\emotions\services.py", line 27, in detect
    return cls._rule_based_detect(text)
           ~~~~~~~~~~~~~~~~~~~~~~^^^^^^
  File "C:\Users\HP\Documents\mindCompass\mindcompass-backend\ai\emotions\services.py", line 44, in _rule_based_detect
    sentiment_res = SentimentAnalysisService.analyze(text)
  File "C:\Users\HP\Documents\mindCompass\mindcompass-backend\ai\sentiment\services.py", line 68, in analyze
    em_res = EmotionDetectionService.detect(text)
  File "C:\Users\HP\Documents\mindCompass\mindcompass-backend\ai\emotions\services.py", line 27, in detect
    return cls._rule_based_detect(text)
           ~~~~~~~~~~~~~~~~~~~~~~^^^^^^
  File "C:\Users\HP\Documents\mindCompass\mindcompass-backend\ai\emotions\services.py", line 44, in _rule_based_detect
    sentiment_res = SentimentAnalysisService.analyze(text)
  File "C:\Users\HP\Documents\mindCompass\mindcompass-backend\ai\sentiment\services.py", line 68, in analyze
    em_res = EmotionDetectionService.detect(text)
  File "C:\Users\HP\Documents\mindCompass\mindcompass-backend\ai\emotions\services.py", line 27, in detect
    return cls._rule_based_detect(text)
           ~~~~~~~~~~~~~~~~~~~~~~^^^^^^
  File "C:\Users\HP\Documents\mindCompass\mindcompass-backend\ai\emotions\services.py", line 44, in _rule_based_detect
    sentiment_res = SentimentAnalysisService.analyze(text)
  File "C:\Users\HP\Documents\mindCompass\mindcompass-backend\ai\sentiment\services.py", line 68, in analyze
    em_res = EmotionDetectionService.detect(text)
  File "C:\Users\HP\Documents\mindCompass\mindcompass-backend\ai\emotions\services.py", line 27, in detect
    return cls._rule_based_detect(text)
           ~~~~~~~~~~~~~~~~~~~~~~^^^^^^
  File "C:\Users\HP\Documents\mindCompass\mindcompass-backend\ai\emotions\services.py", line 44, in _rule_based_detect
    sentiment_res = SentimentAnalysisService.analyze(text)
  File "C:\Users\HP\Documents\mindCompass\mindcompass-backend\ai\sentiment\services.py", line 68, in analyze
    em_res = EmotionDetectionService.detect(text)
  File "C:\Users\HP\Documents\mindCompass\mindcompass-backend\ai\emotions\services.py", line 27, in detect
    return cls._rule_based_detect(text)
           ~~~~~~~~~~~~~~~~~~~~~~^^^^^^
  File "C:\Users\HP\Documents\mindCompass\mindcompass-backend\ai\emotions\services.py", line 44, in _rule_based_detect
    sentiment_res = SentimentAnalysisService.analyze(text)
  File "C:\Users\HP\Documents\mindCompass\mindcompass-backend\ai\sentiment\services.py", line 68, in analyze
    em_res = EmotionDetectionService.detect(text)
  File "C:\Users\HP\Documents\mindCompass\mindcompass-backend\ai\emotions\services.py", line 27, in detect
    return cls._rule_based_detect(text)
           ~~~~~~~~~~~~~~~~~~~~~~^^^^^^
  File "C:\Users\HP\Documents\mindCompass\mindcompass-backend\ai\emotions\services.py", line 44, in _rule_based_detect
    sentiment_res = SentimentAnalysisService.analyze(text)
  File "C:\Users\HP\Documents\mindCompass\mindcompass-backend\ai\sentiment\services.py", line 68, in analyze
    em_res = EmotionDetectionService.detect(text)
  File "C:\Users\HP\Documents\mindCompass\mindcompass-backend\ai\emotions\services.py", line 27, in detect
    return cls._rule_based_detect(text)
           ~~~~~~~~~~~~~~~~~~~~~~^^^^^^
  File "C:\Users\HP\Documents\mindCompass\mindcompass-backend\ai\emotions\services.py", line 44, in _rule_based_detect
    sentiment_res = SentimentAnalysisService.analyze(text)
  File "C:\Users\HP\Documents\mindCompass\mindcompass-backend\ai\sentiment\services.py", line 68, in analyze
    em_res = EmotionDetectionService.detect(text)
  File "C:\Users\HP\Documents\mindCompass\mindcompass-backend\ai\emotions\services.py", line 27, in detect
    return cls._rule_based_detect(text)
           ~~~~~~~~~~~~~~~~~~~~~~^^^^^^
  File "C:\Users\HP\Documents\mindCompass\mindcompass-backend\ai\emotions\services.py", line 44, in _rule_based_detect
    sentiment_res = SentimentAnalysisService.analyze(text)
  File "C:\Users\HP\Documents\mindCompass\mindcompass-backend\ai\sentiment\services.py", line 68, in analyze
    em_res = EmotionDetectionService.detect(text)
  File "C:\Users\HP\Documents\mindCompass\mindcompass-backend\ai\emotions\services.py", line 27, in detect
    return cls._rule_based_detect(text)
           ~~~~~~~~~~~~~~~~~~~~~~^^^^^^
  File "C:\Users\HP\Documents\mindCompass\mindcompass-backend\ai\emotions\services.py", line 44, in _rule_based_detect
    sentiment_res = SentimentAnalysisService.analyze(text)
  File "C:\Users\HP\Documents\mindCompass\mindcompass-backend\ai\sentiment\services.py", line 68, in analyze
    em_res = EmotionDetectionService.detect(text)
  File "C:\Users\HP\Documents\mindCompass\mindcompass-backend\ai\emotions\services.py", line 27, in detect
    return cls._rule_based_detect(text)
           ~~~~~~~~~~~~~~~~~~~~~~^^^^^^
  File "C:\Users\HP\Documents\mindCompass\mindcompass-backend\ai\emotions\services.py", line 44, in _rule_based_detect
    sentiment_res = SentimentAnalysisService.analyze(text)
  File "C:\Users\HP\Documents\mindCompass\mindcompass-backend\ai\sentiment\services.py", line 68, in analyze
    em_res = EmotionDetectionService.detect(text)
  File "C:\Users\HP\Documents\mindCompass\mindcompass-backend\ai\emotions\services.py", line 27, in detect
    return cls._rule_based_detect(text)
           ~~~~~~~~~~~~~~~~~~~~~~^^^^^^
  File "C:\Users\HP\Documents\mindCompass\mindcompass-backend\ai\emotions\services.py", line 44, in _rule_based_detect
    sentiment_res = SentimentAnalysisService.analyze(text)
  File "C:\Users\HP\Documents\mindCompass\mindcompass-backend\ai\sentiment\services.py", line 68, in analyze
    em_res = EmotionDetectionService.detect(text)
  File "C:\Users\HP\Documents\mindCompass\mindcompass-backend\ai\emotions\services.py", line 27, in detect
    return cls._rule_based_detect(text)
           ~~~~~~~~~~~~~~~~~~~~~~^^^^^^
  File "C:\Users\HP\Documents\mindCompass\mindcompass-backend\ai\emotions\services.py", line 44, in _rule_based_detect
    sentiment_res = SentimentAnalysisService.analyze(text)
  File "C:\Users\HP\Documents\mindCompass\mindcompass-backend\ai\sentiment\services.py", line 68, in analyze
    em_res = EmotionDetectionService.detect(text)
  File "C:\Users\HP\Documents\mindCompass\mindcompass-backend\ai\emotions\services.py", line 27, in detect
    return cls._rule_based_detect(text)
           ~~~~~~~~~~~~~~~~~~~~~~^^^^^^
  File "C:\Users\HP\Documents\mindCompass\mindcompass-backend\ai\emotions\services.py", line 44, in _rule_based_detect
    sentiment_res = SentimentAnalysisService.analyze(text)
  File "C:\Users\HP\Documents\mindCompass\mindcompass-backend\ai\sentiment\services.py", line 68, in analyze
    em_res = EmotionDetectionService.detect(text)
  File "C:\Users\HP\Documents\mindCompass\mindcompass-backend\ai\emotions\services.py", line 27, in detect
    return cls._rule_based_detect(text)
           ~~~~~~~~~~~~~~~~~~~~~~^^^^^^
  File "C:\Users\HP\Documents\mindCompass\mindcompass-backend\ai\emotions\services.py", line 44, in _rule_based_detect
    sentiment_res = SentimentAnalysisService.analyze(text)
  File "C:\Users\HP\Documents\mindCompass\mindcompass-backend\ai\sentiment\services.py", line 68, in analyze
    em_res = EmotionDetectionService.detect(text)
  File "C:\Users\HP\Documents\mindCompass\mindcompass-backend\ai\emotions\services.py", line 27, in detect
    return cls._rule_based_detect(text)
           ~~~~~~~~~~~~~~~~~~~~~~^^^^^^
  File "C:\Users\HP\Documents\mindCompass\mindcompass-backend\ai\emotions\services.py", line 44, in _rule_based_detect
    sentiment_res = SentimentAnalysisService.analyze(text)
  File "C:\Users\HP\Documents\mindCompass\mindcompass-backend\ai\sentiment\services.py", line 68, in analyze
    em_res = EmotionDetectionService.detect(text)
  File "C:\Users\HP\Documents\mindCompass\mindcompass-backend\ai\emotions\services.py", line 27, in detect
    return cls._rule_based_detect(text)
           ~~~~~~~~~~~~~~~~~~~~~~^^^^^^
  File "C:\Users\HP\Documents\mindCompass\mindcompass-backend\ai\emotions\services.py", line 44, in _rule_based_detect
    sentiment_res = SentimentAnalysisService.analyze(text)
  File "C:\Users\HP\Documents\mindCompass\mindcompass-backend\ai\sentiment\services.py", line 68, in analyze
    em_res = EmotionDetectionService.detect(text)
  File "C:\Users\HP\Documents\mindCompass\mindcompass-backend\ai\emotions\services.py", line 27, in detect
    return cls._rule_based_detect(text)
           ~~~~~~~~~~~~~~~~~~~~~~^^^^^^
  File "C:\Users\HP\Documents\mindCompass\mindcompass-backend\ai\emotions\services.py", line 44, in _rule_based_detect
    sentiment_res = SentimentAnalysisService.analyze(text)
  File "C:\Users\HP\Documents\mindCompass\mindcompass-backend\ai\sentiment\services.py", line 68, in analyze
    em_res = EmotionDetectionService.detect(text)
  File "C:\Users\HP\Documents\mindCompass\mindcompass-backend\ai\emotions\services.py", line 27, in detect
    return cls._rule_based_detect(text)
           ~~~~~~~~~~~~~~~~~~~~~~^^^^^^
  File "C:\Users\HP\Documents\mindCompass\mindcompass-backend\ai\emotions\services.py", line 44, in _rule_based_detect
    sentiment_res = SentimentAnalysisService.analyze(text)
  File "C:\Users\HP\Documents\mindCompass\mindcompass-backend\ai\sentiment\services.py", line 68, in analyze
    em_res = EmotionDetectionService.detect(text)
  File "C:\Users\HP\Documents\mindCompass\mindcompass-backend\ai\emotions\services.py", line 27, in detect
    return cls._rule_based_detect(text)
           ~~~~~~~~~~~~~~~~~~~~~~^^^^^^
  File "C:\Users\HP\Documents\mindCompass\mindcompass-backend\ai\emotions\services.py", line 44, in _rule_based_detect
    sentiment_res = SentimentAnalysisService.analyze(text)
  File "C:\Users\HP\Documents\mindCompass\mindcompass-backend\ai\sentiment\services.py", line 68, in analyze
    em_res = EmotionDetectionService.detect(text)
  File "C:\Users\HP\Documents\mindCompass\mindcompass-backend\ai\emotions\services.py", line 27, in detect
    return cls._rule_based_detect(text)
           ~~~~~~~~~~~~~~~~~~~~~~^^^^^^
  File "C:\Users\HP\Documents\mindCompass\mindcompass-backend\ai\emotions\services.py", line 44, in _rule_based_detect
    sentiment_res = SentimentAnalysisService.analyze(text)
  File "C:\Users\HP\Documents\mindCompass\mindcompass-backend\ai\sentiment\services.py", line 68, in analyze
    em_res = EmotionDetectionService.detect(text)
  File "C:\Users\HP\Documents\mindCompass\mindcompass-backend\ai\emotions\services.py", line 27, in detect
    return cls._rule_based_detect(text)
           ~~~~~~~~~~~~~~~~~~~~~~^^^^^^
  File "C:\Users\HP\Documents\mindCompass\mindcompass-backend\ai\emotions\services.py", line 44, in _rule_based_detect
    sentiment_res = SentimentAnalysisService.analyze(text)
  File "C:\Users\HP\Documents\mindCompass\mindcompass-backend\ai\sentiment\services.py", line 68, in analyze
    em_res = EmotionDetectionService.detect(text)
  File "C:\Users\HP\Documents\mindCompass\mindcompass-backend\ai\emotions\services.py", line 27, in detect
    return cls._rule_based_detect(text)
           ~~~~~~~~~~~~~~~~~~~~~~^^^^^^
  File "C:\Users\HP\Documents\mindCompass\mindcompass-backend\ai\emotions\services.py", line 44, in _rule_based_detect
    sentiment_res = SentimentAnalysisService.analyze(text)
  File "C:\Users\HP\Documents\mindCompass\mindcompass-backend\ai\sentiment\services.py", line 68, in analyze
    em_res = EmotionDetectionService.detect(text)
  File "C:\Users\HP\Documents\mindCompass\mindcompass-backend\ai\emotions\services.py", line 27, in detect
    return cls._rule_based_detect(text)
           ~~~~~~~~~~~~~~~~~~~~~~^^^^^^
  File "C:\Users\HP\Documents\mindCompass\mindcompass-backend\ai\emotions\services.py", line 44, in _rule_based_detect
    sentiment_res = SentimentAnalysisService.analyze(text)
  File "C:\Users\HP\Documents\mindCompass\mindcompass-backend\ai\sentiment\services.py", line 68, in analyze
    em_res = EmotionDetectionService.detect(text)
  File "C:\Users\HP\Documents\mindCompass\mindcompass-backend\ai\emotions\services.py", line 27, in detect
    return cls._rule_based_detect(text)
           ~~~~~~~~~~~~~~~~~~~~~~^^^^^^
  File "C:\Users\HP\Documents\mindCompass\mindcompass-backend\ai\emotions\services.py", line 44, in _rule_based_detect
    sentiment_res = SentimentAnalysisService.analyze(text)
  File "C:\Users\HP\Documents\mindCompass\mindcompass-backend\ai\sentiment\services.py", line 68, in analyze
    em_res = EmotionDetectionService.detect(text)
  File "C:\Users\HP\Documents\mindCompass\mindcompass-backend\ai\emotions\services.py", line 27, in detect
    return cls._rule_based_detect(text)
           ~~~~~~~~~~~~~~~~~~~~~~^^^^^^
  File "C:\Users\HP\Documents\mindCompass\mindcompass-backend\ai\emotions\services.py", line 44, in _rule_based_detect
    sentiment_res = SentimentAnalysisService.analyze(text)
  File "C:\Users\HP\Documents\mindCompass\mindcompass-backend\ai\sentiment\services.py", line 68, in analyze
    em_res = EmotionDetectionService.detect(text)
  File "C:\Users\HP\Documents\mindCompass\mindcompass-backend\ai\emotions\services.py", line 27, in detect
    return cls._rule_based_detect(text)
           ~~~~~~~~~~~~~~~~~~~~~~^^^^^^
  File "C:\Users\HP\Documents\mindCompass\mindcompass-backend\ai\emotions\services.py", line 44, in _rule_based_detect
    sentiment_res = SentimentAnalysisService.analyze(text)
  File "C:\Users\HP\Documents\mindCompass\mindcompass-backend\ai\sentiment\services.py", line 68, in analyze
    em_res = EmotionDetectionService.detect(text)
  File "C:\Users\HP\Documents\mindCompass\mindcompass-backend\ai\emotions\services.py", line 27, in detect
    return cls._rule_based_detect(text)
           ~~~~~~~~~~~~~~~~~~~~~~^^^^^^
  File "C:\Users\HP\Documents\mindCompass\mindcompass-backend\ai\emotions\services.py", line 44, in _rule_based_detect
    sentiment_res = SentimentAnalysisService.analyze(text)
  File "C:\Users\HP\Documents\mindCompass\mindcompass-backend\ai\sentiment\services.py", line 68, in analyze
    em_res = EmotionDetectionService.detect(text)
  File "C:\Users\HP\Documents\mindCompass\mindcompass-backend\ai\emotions\services.py", line 27, in detect
    return cls._rule_based_detect(text)
           ~~~~~~~~~~~~~~~~~~~~~~^^^^^^
  File "C:\Users\HP\Documents\mindCompass\mindcompass-backend\ai\emotions\services.py", line 44, in _rule_based_detect
    sentiment_res = SentimentAnalysisService.analyze(text)
  File "C:\Users\HP\Documents\mindCompass\mindcompass-backend\ai\sentiment\services.py", line 68, in analyze
    em_res = EmotionDetectionService.detect(text)
  File "C:\Users\HP\Documents\mindCompass\mindcompass-backend\ai\emotions\services.py", line 27, in detect
    return cls._rule_based_detect(text)
           ~~~~~~~~~~~~~~~~~~~~~~^^^^^^
  File "C:\Users\HP\Documents\mindCompass\mindcompass-backend\ai\emotions\services.py", line 44, in _rule_based_detect
    sentiment_res = SentimentAnalysisService.analyze(text)
  File "C:\Users\HP\Documents\mindCompass\mindcompass-backend\ai\sentiment\services.py", line 68, in analyze
    em_res = EmotionDetectionService.detect(text)
  File "C:\Users\HP\Documents\mindCompass\mindcompass-backend\ai\emotions\services.py", line 27, in detect
    return cls._rule_based_detect(text)
           ~~~~~~~~~~~~~~~~~~~~~~^^^^^^
  File "C:\Users\HP\Documents\mindCompass\mindcompass-backend\ai\emotions\services.py", line 44, in _rule_based_detect
    sentiment_res = SentimentAnalysisService.analyze(text)
  File "C:\Users\HP\Documents\mindCompass\mindcompass-backend\ai\sentiment\services.py", line 68, in analyze
    em_res = EmotionDetectionService.detect(text)
  File "C:\Users\HP\Documents\mindCompass\mindcompass-backend\ai\emotions\services.py", line 27, in detect
    return cls._rule_based_detect(text)
           ~~~~~~~~~~~~~~~~~~~~~~^^^^^^
  File "C:\Users\HP\Documents\mindCompass\mindcompass-backend\ai\emotions\services.py", line 44, in _rule_based_detect
    sentiment_res = SentimentAnalysisService.analyze(text)
  File "C:\Users\HP\Documents\mindCompass\mindcompass-backend\ai\sentiment\services.py", line 68, in analyze
    em_res = EmotionDetectionService.detect(text)
  File "C:\Users\HP\Documents\mindCompass\mindcompass-backend\ai\emotions\services.py", line 27, in detect
    return cls._rule_based_detect(text)
           ~~~~~~~~~~~~~~~~~~~~~~^^^^^^
  File "C:\Users\HP\Documents\mindCompass\mindcompass-backend\ai\emotions\services.py", line 44, in _rule_based_detect
    sentiment_res = SentimentAnalysisService.analyze(text)
  File "C:\Users\HP\Documents\mindCompass\mindcompass-backend\ai\sentiment\services.py", line 68, in analyze
    em_res = EmotionDetectionService.detect(text)
  File "C:\Users\HP\Documents\mindCompass\mindcompass-backend\ai\emotions\services.py", line 27, in detect
    return cls._rule_based_detect(text)
           ~~~~~~~~~~~~~~~~~~~~~~^^^^^^
  File "C:\Users\HP\Documents\mindCompass\mindcompass-backend\ai\emotions\services.py", line 44, in _rule_based_detect
    sentiment_res = SentimentAnalysisService.analyze(text)
  File "C:\Users\HP\Documents\mindCompass\mindcompass-backend\ai\sentiment\services.py", line 68, in analyze
    em_res = EmotionDetectionService.detect(text)
  File "C:\Users\HP\Documents\mindCompass\mindcompass-backend\ai\emotions\services.py", line 27, in detect
    return cls._rule_based_detect(text)
           ~~~~~~~~~~~~~~~~~~~~~~^^^^^^
  File "C:\Users\HP\Documents\mindCompass\mindcompass-backend\ai\emotions\services.py", line 44, in _rule_based_detect
    sentiment_res = SentimentAnalysisService.analyze(text)
  File "C:\Users\HP\Documents\mindCompass\mindcompass-backend\ai\sentiment\services.py", line 68, in analyze
    em_res = EmotionDetectionService.detect(text)
  File "C:\Users\HP\Documents\mindCompass\mindcompass-backend\ai\emotions\services.py", line 27, in detect
    return cls._rule_based_detect(text)
           ~~~~~~~~~~~~~~~~~~~~~~^^^^^^
  File "C:\Users\HP\Documents\mindCompass\mindcompass-backend\ai\emotions\services.py", line 44, in _rule_based_detect
    sentiment_res = SentimentAnalysisService.analyze(text)
  File "C:\Users\HP\Documents\mindCompass\mindcompass-backend\ai\sentiment\services.py", line 68, in analyze
    em_res = EmotionDetectionService.detect(text)
  File "C:\Users\HP\Documents\mindCompass\mindcompass-backend\ai\emotions\services.py", line 27, in detect
    return cls._rule_based_detect(text)
           ~~~~~~~~~~~~~~~~~~~~~~^^^^^^
  File "C:\Users\HP\Documents\mindCompass\mindcompass-backend\ai\emotions\services.py", line 44, in _rule_based_detect
    sentiment_res = SentimentAnalysisService.analyze(text)
  File "C:\Users\HP\Documents\mindCompass\mindcompass-backend\ai\sentiment\services.py", line 68, in analyze
    em_res = EmotionDetectionService.detect(text)
  File "C:\Users\HP\Documents\mindCompass\mindcompass-backend\ai\emotions\services.py", line 27, in detect
    return cls._rule_based_detect(text)
           ~~~~~~~~~~~~~~~~~~~~~~^^^^^^
  File "C:\Users\HP\Documents\mindCompass\mindcompass-backend\ai\emotions\services.py", line 44, in _rule_based_detect
    sentiment_res = SentimentAnalysisService.analyze(text)
  File "C:\Users\HP\Documents\mindCompass\mindcompass-backend\ai\sentiment\services.py", line 68, in analyze
    em_res = EmotionDetectionService.detect(text)
  File "C:\Users\HP\Documents\mindCompass\mindcompass-backend\ai\emotions\services.py", line 27, in detect
    return cls._rule_based_detect(text)
           ~~~~~~~~~~~~~~~~~~~~~~^^^^^^
  File "C:\Users\HP\Documents\mindCompass\mindcompass-backend\ai\emotions\services.py", line 44, in _rule_based_detect
    sentiment_res = SentimentAnalysisService.analyze(text)
  File "C:\Users\HP\Documents\mindCompass\mindcompass-backend\ai\sentiment\services.py", line 68, in analyze
    em_res = EmotionDetectionService.detect(text)
  File "C:\Users\HP\Documents\mindCompass\mindcompass-backend\ai\emotions\services.py", line 27, in detect
    return cls._rule_based_detect(text)
           ~~~~~~~~~~~~~~~~~~~~~~^^^^^^
  File "C:\Users\HP\Documents\mindCompass\mindcompass-backend\ai\emotions\services.py", line 44, in _rule_based_detect
    sentiment_res = SentimentAnalysisService.analyze(text)
  File "C:\Users\HP\Documents\mindCompass\mindcompass-backend\ai\sentiment\services.py", line 68, in analyze
    em_res = EmotionDetectionService.detect(text)
  File "C:\Users\HP\Documents\mindCompass\mindcompass-backend\ai\emotions\services.py", line 27, in detect
    return cls._rule_based_detect(text)
           ~~~~~~~~~~~~~~~~~~~~~~^^^^^^
  File "C:\Users\HP\Documents\mindCompass\mindcompass-backend\ai\emotions\services.py", line 44, in _rule_based_detect
    sentiment_res = SentimentAnalysisService.analyze(text)
  File "C:\Users\HP\Documents\mindCompass\mindcompass-backend\ai\sentiment\services.py", line 68, in analyze
    em_res = EmotionDetectionService.detect(text)
  File "C:\Users\HP\Documents\mindCompass\mindcompass-backend\ai\emotions\services.py", line 27, in detect
    return cls._rule_based_detect(text)
           ~~~~~~~~~~~~~~~~~~~~~~^^^^^^
  File "C:\Users\HP\Documents\mindCompass\mindcompass-backend\ai\emotions\services.py", line 44, in _rule_based_detect
    sentiment_res = SentimentAnalysisService.analyze(text)
  File "C:\Users\HP\Documents\mindCompass\mindcompass-backend\ai\sentiment\services.py", line 68, in analyze
    em_res = EmotionDetectionService.detect(text)
  File "C:\Users\HP\Documents\mindCompass\mindcompass-backend\ai\emotions\services.py", line 27, in detect
    return cls._rule_based_detect(text)
           ~~~~~~~~~~~~~~~~~~~~~~^^^^^^
  File "C:\Users\HP\Documents\mindCompass\mindcompass-backend\ai\emotions\services.py", line 44, in _rule_based_detect
    sentiment_res = SentimentAnalysisService.analyze(text)
  File "C:\Users\HP\Documents\mindCompass\mindcompass-backend\ai\sentiment\services.py", line 68, in analyze
    em_res = EmotionDetectionService.detect(text)
  File "C:\Users\HP\Documents\mindCompass\mindcompass-backend\ai\emotions\services.py", line 27, in detect
    return cls._rule_based_detect(text)
           ~~~~~~~~~~~~~~~~~~~~~~^^^^^^
  File "C:\Users\HP\Documents\mindCompass\mindcompass-backend\ai\emotions\services.py", line 44, in _rule_based_detect
    sentiment_res = SentimentAnalysisService.analyze(text)
  File "C:\Users\HP\Documents\mindCompass\mindcompass-backend\ai\sentiment\services.py", line 68, in analyze
    em_res = EmotionDetectionService.detect(text)
  File "C:\Users\HP\Documents\mindCompass\mindcompass-backend\ai\emotions\services.py", line 27, in detect
    return cls._rule_based_detect(text)
           ~~~~~~~~~~~~~~~~~~~~~~^^^^^^
  File "C:\Users\HP\Documents\mindCompass\mindcompass-backend\ai\emotions\services.py", line 44, in _rule_based_detect
    sentiment_res = SentimentAnalysisService.analyze(text)
  File "C:\Users\HP\Documents\mindCompass\mindcompass-backend\ai\sentiment\services.py", line 68, in analyze
    em_res = EmotionDetectionService.detect(text)
  File "C:\Users\HP\Documents\mindCompass\mindcompass-backend\ai\emotions\services.py", line 27, in detect
    return cls._rule_based_detect(text)
           ~~~~~~~~~~~~~~~~~~~~~~^^^^^^
  File "C:\Users\HP\Documents\mindCompass\mindcompass-backend\ai\emotions\services.py", line 44, in _rule_based_detect
    sentiment_res = SentimentAnalysisService.analyze(text)
  File "C:\Users\HP\Documents\mindCompass\mindcompass-backend\ai\sentiment\services.py", line 68, in analyze
    em_res = EmotionDetectionService.detect(text)
  File "C:\Users\HP\Documents\mindCompass\mindcompass-backend\ai\emotions\services.py", line 27, in detect
    return cls._rule_based_detect(text)
           ~~~~~~~~~~~~~~~~~~~~~~^^^^^^
  File "C:\Users\HP\Documents\mindCompass\mindcompass-backend\ai\emotions\services.py", line 44, in _rule_based_detect
    sentiment_res = SentimentAnalysisService.analyze(text)
  File "C:\Users\HP\Documents\mindCompass\mindcompass-backend\ai\sentiment\services.py", line 68, in analyze
    em_res = EmotionDetectionService.detect(text)
  File "C:\Users\HP\Documents\mindCompass\mindcompass-backend\ai\emotions\services.py", line 27, in detect
    return cls._rule_based_detect(text)
           ~~~~~~~~~~~~~~~~~~~~~~^^^^^^
  File "C:\Users\HP\Documents\mindCompass\mindcompass-backend\ai\emotions\services.py", line 44, in _rule_based_detect
    sentiment_res = SentimentAnalysisService.analyze(text)
  File "C:\Users\HP\Documents\mindCompass\mindcompass-backend\ai\sentiment\services.py", line 68, in analyze
    em_res = EmotionDetectionService.detect(text)
  File "C:\Users\HP\Documents\mindCompass\mindcompass-backend\ai\emotions\services.py", line 27, in detect
    return cls._rule_based_detect(text)
           ~~~~~~~~~~~~~~~~~~~~~~^^^^^^
  File "C:\Users\HP\Documents\mindCompass\mindcompass-backend\ai\emotions\services.py", line 44, in _rule_based_detect
    sentiment_res = SentimentAnalysisService.analyze(text)
  File "C:\Users\HP\Documents\mindCompass\mindcompass-backend\ai\sentiment\services.py", line 68, in analyze
    em_res = EmotionDetectionService.detect(text)
  File "C:\Users\HP\Documents\mindCompass\mindcompass-backend\ai\emotions\services.py", line 27, in detect
    return cls._rule_based_detect(text)
           ~~~~~~~~~~~~~~~~~~~~~~^^^^^^
  File "C:\Users\HP\Documents\mindCompass\mindcompass-backend\ai\emotions\services.py", line 44, in _rule_based_detect
    sentiment_res = SentimentAnalysisService.analyze(text)
  File "C:\Users\HP\Documents\mindCompass\mindcompass-backend\ai\sentiment\services.py", line 68, in analyze
    em_res = EmotionDetectionService.detect(text)
  File "C:\Users\HP\Documents\mindCompass\mindcompass-backend\ai\emotions\services.py", line 27, in detect
    return cls._rule_based_detect(text)
           ~~~~~~~~~~~~~~~~~~~~~~^^^^^^
  File "C:\Users\HP\Documents\mindCompass\mindcompass-backend\ai\emotions\services.py", line 44, in _rule_based_detect
    sentiment_res = SentimentAnalysisService.analyze(text)
  File "C:\Users\HP\Documents\mindCompass\mindcompass-backend\ai\sentiment\services.py", line 68, in analyze
    em_res = EmotionDetectionService.detect(text)
  File "C:\Users\HP\Documents\mindCompass\mindcompass-backend\ai\emotions\services.py", line 27, in detect
    return cls._rule_based_detect(text)
           ~~~~~~~~~~~~~~~~~~~~~~^^^^^^
  File "C:\Users\HP\Documents\mindCompass\mindcompass-backend\ai\emotions\services.py", line 44, in _rule_based_detect
    sentiment_res = SentimentAnalysisService.analyze(text)
  File "C:\Users\HP\Documents\mindCompass\mindcompass-backend\ai\sentiment\services.py", line 68, in analyze
    em_res = EmotionDetectionService.detect(text)
  File "C:\Users\HP\Documents\mindCompass\mindcompass-backend\ai\emotions\services.py", line 27, in detect
    return cls._rule_based_detect(text)
           ~~~~~~~~~~~~~~~~~~~~~~^^^^^^
  File "C:\Users\HP\Documents\mindCompass\mindcompass-backend\ai\emotions\services.py", line 44, in _rule_based_detect
    sentiment_res = SentimentAnalysisService.analyze(text)
  File "C:\Users\HP\Documents\mindCompass\mindcompass-backend\ai\sentiment\services.py", line 68, in analyze
    em_res = EmotionDetectionService.detect(text)
  File "C:\Users\HP\Documents\mindCompass\mindcompass-backend\ai\emotions\services.py", line 27, in detect
    return cls._rule_based_detect(text)
           ~~~~~~~~~~~~~~~~~~~~~~^^^^^^
  File "C:\Users\HP\Documents\mindCompass\mindcompass-backend\ai\emotions\services.py", line 44, in _rule_based_detect
    sentiment_res = SentimentAnalysisService.analyze(text)
  File "C:\Users\HP\Documents\mindCompass\mindcompass-backend\ai\sentiment\services.py", line 68, in analyze
    em_res = EmotionDetectionService.detect(text)
  File "C:\Users\HP\Documents\mindCompass\mindcompass-backend\ai\emotions\services.py", line 27, in detect
    return cls._rule_based_detect(text)
           ~~~~~~~~~~~~~~~~~~~~~~^^^^^^
  File "C:\Users\HP\Documents\mindCompass\mindcompass-backend\ai\emotions\services.py", line 44, in _rule_based_detect
    sentiment_res = SentimentAnalysisService.analyze(text)
  File "C:\Users\HP\Documents\mindCompass\mindcompass-backend\ai\sentiment\services.py", line 68, in analyze
    em_res = EmotionDetectionService.detect(text)
  File "C:\Users\HP\Documents\mindCompass\mindcompass-backend\ai\emotions\services.py", line 27, in detect
    return cls._rule_based_detect(text)
           ~~~~~~~~~~~~~~~~~~~~~~^^^^^^
  File "C:\Users\HP\Documents\mindCompass\mindcompass-backend\ai\emotions\services.py", line 44, in _rule_based_detect
    sentiment_res = SentimentAnalysisService.analyze(text)
  File "C:\Users\HP\Documents\mindCompass\mindcompass-backend\ai\sentiment\services.py", line 68, in analyze
    em_res = EmotionDetectionService.detect(text)
  File "C:\Users\HP\Documents\mindCompass\mindcompass-backend\ai\emotions\services.py", line 27, in detect
    return cls._rule_based_detect(text)
           ~~~~~~~~~~~~~~~~~~~~~~^^^^^^
  File "C:\Users\HP\Documents\mindCompass\mindcompass-backend\ai\emotions\services.py", line 44, in _rule_based_detect
    sentiment_res = SentimentAnalysisService.analyze(text)
  File "C:\Users\HP\Documents\mindCompass\mindcompass-backend\ai\sentiment\services.py", line 68, in analyze
    em_res = EmotionDetectionService.detect(text)
  File "C:\Users\HP\Documents\mindCompass\mindcompass-backend\ai\emotions\services.py", line 27, in detect
    return cls._rule_based_detect(text)
           ~~~~~~~~~~~~~~~~~~~~~~^^^^^^
  File "C:\Users\HP\Documents\mindCompass\mindcompass-backend\ai\emotions\services.py", line 44, in _rule_based_detect
    sentiment_res = SentimentAnalysisService.analyze(text)
  File "C:\Users\HP\Documents\mindCompass\mindcompass-backend\ai\sentiment\services.py", line 68, in analyze
    em_res = EmotionDetectionService.detect(text)
  File "C:\Users\HP\Documents\mindCompass\mindcompass-backend\ai\emotions\services.py", line 27, in detect
    return cls._rule_based_detect(text)
           ~~~~~~~~~~~~~~~~~~~~~~^^^^^^
  File "C:\Users\HP\Documents\mindCompass\mindcompass-backend\ai\emotions\services.py", line 44, in _rule_based_detect
    sentiment_res = SentimentAnalysisService.analyze(text)
  File "C:\Users\HP\Documents\mindCompass\mindcompass-backend\ai\sentiment\services.py", line 68, in analyze
    em_res = EmotionDetectionService.detect(text)
  File "C:\Users\HP\Documents\mindCompass\mindcompass-backend\ai\emotions\services.py", line 27, in detect
    return cls._rule_based_detect(text)
           ~~~~~~~~~~~~~~~~~~~~~~^^^^^^
  File "C:\Users\HP\Documents\mindCompass\mindcompass-backend\ai\emotions\services.py", line 44, in _rule_based_detect
    sentiment_res = SentimentAnalysisService.analyze(text)
  File "C:\Users\HP\Documents\mindCompass\mindcompass-backend\ai\sentiment\services.py", line 68, in analyze
    em_res = EmotionDetectionService.detect(text)
  File "C:\Users\HP\Documents\mindCompass\mindcompass-backend\ai\emotions\services.py", line 27, in detect
    return cls._rule_based_detect(text)
           ~~~~~~~~~~~~~~~~~~~~~~^^^^^^
  File "C:\Users\HP\Documents\mindCompass\mindcompass-backend\ai\emotions\services.py", line 44, in _rule_based_detect
    sentiment_res = SentimentAnalysisService.analyze(text)
  File "C:\Users\HP\Documents\mindCompass\mindcompass-backend\ai\sentiment\services.py", line 68, in analyze
    em_res = EmotionDetectionService.detect(text)
  File "C:\Users\HP\Documents\mindCompass\mindcompass-backend\ai\emotions\services.py", line 27, in detect
    return cls._rule_based_detect(text)
           ~~~~~~~~~~~~~~~~~~~~~~^^^^^^
  File "C:\Users\HP\Documents\mindCompass\mindcompass-backend\ai\emotions\services.py", line 44, in _rule_based_detect
    sentiment_res = SentimentAnalysisService.analyze(text)
  File "C:\Users\HP\Documents\mindCompass\mindcompass-backend\ai\sentiment\services.py", line 68, in analyze
    em_res = EmotionDetectionService.detect(text)
  File "C:\Users\HP\Documents\mindCompass\mindcompass-backend\ai\emotions\services.py", line 27, in detect
    return cls._rule_based_detect(text)
           ~~~~~~~~~~~~~~~~~~~~~~^^^^^^
  File "C:\Users\HP\Documents\mindCompass\mindcompass-backend\ai\emotions\services.py", line 44, in _rule_based_detect
    sentiment_res = SentimentAnalysisService.analyze(text)
  File "C:\Users\HP\Documents\mindCompass\mindcompass-backend\ai\sentiment\services.py", line 68, in analyze
    em_res = EmotionDetectionService.detect(text)
  File "C:\Users\HP\Documents\mindCompass\mindcompass-backend\ai\emotions\services.py", line 27, in detect
    return cls._rule_based_detect(text)
           ~~~~~~~~~~~~~~~~~~~~~~^^^^^^
  File "C:\Users\HP\Documents\mindCompass\mindcompass-backend\ai\emotions\services.py", line 44, in _rule_based_detect
    sentiment_res = SentimentAnalysisService.analyze(text)
  File "C:\Users\HP\Documents\mindCompass\mindcompass-backend\ai\sentiment\services.py", line 68, in analyze
    em_res = EmotionDetectionService.detect(text)
  File "C:\Users\HP\Documents\mindCompass\mindcompass-backend\ai\emotions\services.py", line 27, in detect
    return cls._rule_based_detect(text)
           ~~~~~~~~~~~~~~~~~~~~~~^^^^^^
  File "C:\Users\HP\Documents\mindCompass\mindcompass-backend\ai\emotions\services.py", line 44, in _rule_based_detect
    sentiment_res = SentimentAnalysisService.analyze(text)
  File "C:\Users\HP\Documents\mindCompass\mindcompass-backend\ai\sentiment\services.py", line 68, in analyze
    em_res = EmotionDetectionService.detect(text)
  File "C:\Users\HP\Documents\mindCompass\mindcompass-backend\ai\emotions\services.py", line 27, in detect
    return cls._rule_based_detect(text)
           ~~~~~~~~~~~~~~~~~~~~~~^^^^^^
  File "C:\Users\HP\Documents\mindCompass\mindcompass-backend\ai\emotions\services.py", line 44, in _rule_based_detect
    sentiment_res = SentimentAnalysisService.analyze(text)
  File "C:\Users\HP\Documents\mindCompass\mindcompass-backend\ai\sentiment\services.py", line 68, in analyze
    em_res = EmotionDetectionService.detect(text)
  File "C:\Users\HP\Documents\mindCompass\mindcompass-backend\ai\emotions\services.py", line 27, in detect
    return cls._rule_based_detect(text)
           ~~~~~~~~~~~~~~~~~~~~~~^^^^^^
  File "C:\Users\HP\Documents\mindCompass\mindcompass-backend\ai\emotions\services.py", line 44, in _rule_based_detect
    sentiment_res = SentimentAnalysisService.analyze(text)
  File "C:\Users\HP\Documents\mindCompass\mindcompass-backend\ai\sentiment\services.py", line 68, in analyze
    em_res = EmotionDetectionService.detect(text)
  File "C:\Users\HP\Documents\mindCompass\mindcompass-backend\ai\emotions\services.py", line 27, in detect
    return cls._rule_based_detect(text)
           ~~~~~~~~~~~~~~~~~~~~~~^^^^^^
  File "C:\Users\HP\Documents\mindCompass\mindcompass-backend\ai\emotions\services.py", line 44, in _rule_based_detect
    sentiment_res = SentimentAnalysisService.analyze(text)
  File "C:\Users\HP\Documents\mindCompass\mindcompass-backend\ai\sentiment\services.py", line 68, in analyze
    em_res = EmotionDetectionService.detect(text)
  File "C:\Users\HP\Documents\mindCompass\mindcompass-backend\ai\emotions\services.py", line 27, in detect
    return cls._rule_based_detect(text)
           ~~~~~~~~~~~~~~~~~~~~~~^^^^^^
  File "C:\Users\HP\Documents\mindCompass\mindcompass-backend\ai\emotions\services.py", line 44, in _rule_based_detect
    sentiment_res = SentimentAnalysisService.analyze(text)
  File "C:\Users\HP\Documents\mindCompass\mindcompass-backend\ai\sentiment\services.py", line 68, in analyze
    em_res = EmotionDetectionService.detect(text)
  File "C:\Users\HP\Documents\mindCompass\mindcompass-backend\ai\emotions\services.py", line 27, in detect
    return cls._rule_based_detect(text)
           ~~~~~~~~~~~~~~~~~~~~~~^^^^^^
  File "C:\Users\HP\Documents\mindCompass\mindcompass-backend\ai\emotions\services.py", line 44, in _rule_based_detect
    sentiment_res = SentimentAnalysisService.analyze(text)
  File "C:\Users\HP\Documents\mindCompass\mindcompass-backend\ai\sentiment\services.py", line 68, in analyze
    em_res = EmotionDetectionService.detect(text)
  File "C:\Users\HP\Documents\mindCompass\mindcompass-backend\ai\emotions\services.py", line 27, in detect
    return cls._rule_based_detect(text)
           ~~~~~~~~~~~~~~~~~~~~~~^^^^^^
  File "C:\Users\HP\Documents\mindCompass\mindcompass-backend\ai\emotions\services.py", line 44, in _rule_based_detect
    sentiment_res = SentimentAnalysisService.analyze(text)
  File "C:\Users\HP\Documents\mindCompass\mindcompass-backend\ai\sentiment\services.py", line 68, in analyze
    em_res = EmotionDetectionService.detect(text)
  File "C:\Users\HP\Documents\mindCompass\mindcompass-backend\ai\emotions\services.py", line 27, in detect
    return cls._rule_based_detect(text)
           ~~~~~~~~~~~~~~~~~~~~~~^^^^^^
  File "C:\Users\HP\Documents\mindCompass\mindcompass-backend\ai\emotions\services.py", line 44, in _rule_based_detect
    sentiment_res = SentimentAnalysisService.analyze(text)
  File "C:\Users\HP\Documents\mindCompass\mindcompass-backend\ai\sentiment\services.py", line 68, in analyze
    em_res = EmotionDetectionService.detect(text)
  File "C:\Users\HP\Documents\mindCompass\mindcompass-backend\ai\emotions\services.py", line 27, in detect
    return cls._rule_based_detect(text)
           ~~~~~~~~~~~~~~~~~~~~~~^^^^^^
  File "C:\Users\HP\Documents\mindCompass\mindcompass-backend\ai\emotions\services.py", line 44, in _rule_based_detect
    sentiment_res = SentimentAnalysisService.analyze(text)
  File "C:\Users\HP\Documents\mindCompass\mindcompass-backend\ai\sentiment\services.py", line 68, in analyze
    em_res = EmotionDetectionService.detect(text)
  File "C:\Users\HP\Documents\mindCompass\mindcompass-backend\ai\emotions\services.py", line 27, in detect
    return cls._rule_based_detect(text)
           ~~~~~~~~~~~~~~~~~~~~~~^^^^^^
  File "C:\Users\HP\Documents\mindCompass\mindcompass-backend\ai\emotions\services.py", line 44, in _rule_based_detect
    sentiment_res = SentimentAnalysisService.analyze(text)
  File "C:\Users\HP\Documents\mindCompass\mindcompass-backend\ai\sentiment\services.py", line 68, in analyze
    em_res = EmotionDetectionService.detect(text)
  File "C:\Users\HP\Documents\mindCompass\mindcompass-backend\ai\emotions\services.py", line 27, in detect
    return cls._rule_based_detect(text)
           ~~~~~~~~~~~~~~~~~~~~~~^^^^^^
  File "C:\Users\HP\Documents\mindCompass\mindcompass-backend\ai\emotions\services.py", line 44, in _rule_based_detect
    sentiment_res = SentimentAnalysisService.analyze(text)
  File "C:\Users\HP\Documents\mindCompass\mindcompass-backend\ai\sentiment\services.py", line 68, in analyze
    em_res = EmotionDetectionService.detect(text)
  File "C:\Users\HP\Documents\mindCompass\mindcompass-backend\ai\emotions\services.py", line 27, in detect
    return cls._rule_based_detect(text)
           ~~~~~~~~~~~~~~~~~~~~~~^^^^^^
  File "C:\Users\HP\Documents\mindCompass\mindcompass-backend\ai\emotions\services.py", line 44, in _rule_based_detect
    sentiment_res = SentimentAnalysisService.analyze(text)
  File "C:\Users\HP\Documents\mindCompass\mindcompass-backend\ai\sentiment\services.py", line 68, in analyze
    em_res = EmotionDetectionService.detect(text)
  File "C:\Users\HP\Documents\mindCompass\mindcompass-backend\ai\emotions\services.py", line 27, in detect
    return cls._rule_based_detect(text)
           ~~~~~~~~~~~~~~~~~~~~~~^^^^^^
  File "C:\Users\HP\Documents\mindCompass\mindcompass-backend\ai\emotions\services.py", line 44, in _rule_based_detect
    sentiment_res = SentimentAnalysisService.analyze(text)
  File "C:\Users\HP\Documents\mindCompass\mindcompass-backend\ai\sentiment\services.py", line 68, in analyze
    em_res = EmotionDetectionService.detect(text)
  File "C:\Users\HP\Documents\mindCompass\mindcompass-backend\ai\emotions\services.py", line 27, in detect
    return cls._rule_based_detect(text)
           ~~~~~~~~~~~~~~~~~~~~~~^^^^^^
  File "C:\Users\HP\Documents\mindCompass\mindcompass-backend\ai\emotions\services.py", line 44, in _rule_based_detect
    sentiment_res = SentimentAnalysisService.analyze(text)
  File "C:\Users\HP\Documents\mindCompass\mindcompass-backend\ai\sentiment\services.py", line 68, in analyze
    em_res = EmotionDetectionService.detect(text)
  File "C:\Users\HP\Documents\mindCompass\mindcompass-backend\ai\emotions\services.py", line 27, in detect
    return cls._rule_based_detect(text)
           ~~~~~~~~~~~~~~~~~~~~~~^^^^^^
  File "C:\Users\HP\Documents\mindCompass\mindcompass-backend\ai\emotions\services.py", line 44, in _rule_based_detect
    sentiment_res = SentimentAnalysisService.analyze(text)
  File "C:\Users\HP\Documents\mindCompass\mindcompass-backend\ai\sentiment\services.py", line 68, in analyze
    em_res = EmotionDetectionService.detect(text)
  File "C:\Users\HP\Documents\mindCompass\mindcompass-backend\ai\emotions\services.py", line 27, in detect
    return cls._rule_based_detect(text)
           ~~~~~~~~~~~~~~~~~~~~~~^^^^^^
  File "C:\Users\HP\Documents\mindCompass\mindcompass-backend\ai\emotions\services.py", line 44, in _rule_based_detect
    sentiment_res = SentimentAnalysisService.analyze(text)
  File "C:\Users\HP\Documents\mindCompass\mindcompass-backend\ai\sentiment\services.py", line 68, in analyze
    em_res = EmotionDetectionService.detect(text)
  File "C:\Users\HP\Documents\mindCompass\mindcompass-backend\ai\emotions\services.py", line 27, in detect
    return cls._rule_based_detect(text)
           ~~~~~~~~~~~~~~~~~~~~~~^^^^^^
  File "C:\Users\HP\Documents\mindCompass\mindcompass-backend\ai\emotions\services.py", line 44, in _rule_based_detect
    sentiment_res = SentimentAnalysisService.analyze(text)
  File "C:\Users\HP\Documents\mindCompass\mindcompass-backend\ai\sentiment\services.py", line 68, in analyze
    em_res = EmotionDetectionService.detect(text)
  File "C:\Users\HP\Documents\mindCompass\mindcompass-backend\ai\emotions\services.py", line 27, in detect
    return cls._rule_based_detect(text)
           ~~~~~~~~~~~~~~~~~~~~~~^^^^^^
  File "C:\Users\HP\Documents\mindCompass\mindcompass-backend\ai\emotions\services.py", line 44, in _rule_based_detect
    sentiment_res = SentimentAnalysisService.analyze(text)
  File "C:\Users\HP\Documents\mindCompass\mindcompass-backend\ai\sentiment\services.py", line 68, in analyze
    em_res = EmotionDetectionService.detect(text)
  File "C:\Users\HP\Documents\mindCompass\mindcompass-backend\ai\emotions\services.py", line 27, in detect
    return cls._rule_based_detect(text)
           ~~~~~~~~~~~~~~~~~~~~~~^^^^^^
  File "C:\Users\HP\Documents\mindCompass\mindcompass-backend\ai\emotions\services.py", line 44, in _rule_based_detect
    sentiment_res = SentimentAnalysisService.analyze(text)
  File "C:\Users\HP\Documents\mindCompass\mindcompass-backend\ai\sentiment\services.py", line 68, in analyze
    em_res = EmotionDetectionService.detect(text)
  File "C:\Users\HP\Documents\mindCompass\mindcompass-backend\ai\emotions\services.py", line 27, in detect
    return cls._rule_based_detect(text)
           ~~~~~~~~~~~~~~~~~~~~~~^^^^^^
  File "C:\Users\HP\Documents\mindCompass\mindcompass-backend\ai\emotions\services.py", line 44, in _rule_based_detect
    sentiment_res = SentimentAnalysisService.analyze(text)
  File "C:\Users\HP\Documents\mindCompass\mindcompass-backend\ai\sentiment\services.py", line 68, in analyze
    em_res = EmotionDetectionService.detect(text)
  File "C:\Users\HP\Documents\mindCompass\mindcompass-backend\ai\emotions\services.py", line 27, in detect
    return cls._rule_based_detect(text)
           ~~~~~~~~~~~~~~~~~~~~~~^^^^^^
  File "C:\Users\HP\Documents\mindCompass\mindcompass-backend\ai\emotions\services.py", line 44, in _rule_based_detect
    sentiment_res = SentimentAnalysisService.analyze(text)
  File "C:\Users\HP\Documents\mindCompass\mindcompass-backend\ai\sentiment\services.py", line 68, in analyze
    em_res = EmotionDetectionService.detect(text)
  File "C:\Users\HP\Documents\mindCompass\mindcompass-backend\ai\emotions\services.py", line 27, in detect
    return cls._rule_based_detect(text)
           ~~~~~~~~~~~~~~~~~~~~~~^^^^^^
  File "C:\Users\HP\Documents\mindCompass\mindcompass-backend\ai\emotions\services.py", line 44, in _rule_based_detect
    sentiment_res = SentimentAnalysisService.analyze(text)
  File "C:\Users\HP\Documents\mindCompass\mindcompass-backend\ai\sentiment\services.py", line 68, in analyze
    em_res = EmotionDetectionService.detect(text)
  File "C:\Users\HP\Documents\mindCompass\mindcompass-backend\ai\emotions\services.py", line 27, in detect
    return cls._rule_based_detect(text)
           ~~~~~~~~~~~~~~~~~~~~~~^^^^^^
  File "C:\Users\HP\Documents\mindCompass\mindcompass-backend\ai\emotions\services.py", line 44, in _rule_based_detect
    sentiment_res = SentimentAnalysisService.analyze(text)
  File "C:\Users\HP\Documents\mindCompass\mindcompass-backend\ai\sentiment\services.py", line 68, in analyze
    em_res = EmotionDetectionService.detect(text)
  File "C:\Users\HP\Documents\mindCompass\mindcompass-backend\ai\emotions\services.py", line 27, in detect
    return cls._rule_based_detect(text)
           ~~~~~~~~~~~~~~~~~~~~~~^^^^^^
  File "C:\Users\HP\Documents\mindCompass\mindcompass-backend\ai\emotions\services.py", line 44, in _rule_based_detect
    sentiment_res = SentimentAnalysisService.analyze(text)
  File "C:\Users\HP\Documents\mindCompass\mindcompass-backend\ai\sentiment\services.py", line 68, in analyze
    em_res = EmotionDetectionService.detect(text)
  File "C:\Users\HP\Documents\mindCompass\mindcompass-backend\ai\emotions\services.py", line 27, in detect
    return cls._rule_based_detect(text)
           ~~~~~~~~~~~~~~~~~~~~~~^^^^^^
  File "C:\Users\HP\Documents\mindCompass\mindcompass-backend\ai\emotions\services.py", line 44, in _rule_based_detect
    sentiment_res = SentimentAnalysisService.analyze(text)
  File "C:\Users\HP\Documents\mindCompass\mindcompass-backend\ai\sentiment\services.py", line 68, in analyze
    em_res = EmotionDetectionService.detect(text)
  File "C:\Users\HP\Documents\mindCompass\mindcompass-backend\ai\emotions\services.py", line 27, in detect
    return cls._rule_based_detect(text)
           ~~~~~~~~~~~~~~~~~~~~~~^^^^^^
  File "C:\Users\HP\Documents\mindCompass\mindcompass-backend\ai\emotions\services.py", line 44, in _rule_based_detect
    sentiment_res = SentimentAnalysisService.analyze(text)
  File "C:\Users\HP\Documents\mindCompass\mindcompass-backend\ai\sentiment\services.py", line 68, in analyze
    em_res = EmotionDetectionService.detect(text)
  File "C:\Users\HP\Documents\mindCompass\mindcompass-backend\ai\emotions\services.py", line 27, in detect
    return cls._rule_based_detect(text)
           ~~~~~~~~~~~~~~~~~~~~~~^^^^^^
  File "C:\Users\HP\Documents\mindCompass\mindcompass-backend\ai\emotions\services.py", line 44, in _rule_based_detect
    sentiment_res = SentimentAnalysisService.analyze(text)
  File "C:\Users\HP\Documents\mindCompass\mindcompass-backend\ai\sentiment\services.py", line 68, in analyze
    em_res = EmotionDetectionService.detect(text)
  File "C:\Users\HP\Documents\mindCompass\mindcompass-backend\ai\emotions\services.py", line 27, in detect
    return cls._rule_based_detect(text)
           ~~~~~~~~~~~~~~~~~~~~~~^^^^^^
  File "C:\Users\HP\Documents\mindCompass\mindcompass-backend\ai\emotions\services.py", line 44, in _rule_based_detect
    sentiment_res = SentimentAnalysisService.analyze(text)
  File "C:\Users\HP\Documents\mindCompass\mindcompass-backend\ai\sentiment\services.py", line 68, in analyze
    em_res = EmotionDetectionService.detect(text)
  File "C:\Users\HP\Documents\mindCompass\mindcompass-backend\ai\emotions\services.py", line 27, in detect
    return cls._rule_based_detect(text)
           ~~~~~~~~~~~~~~~~~~~~~~^^^^^^
  File "C:\Users\HP\Documents\mindCompass\mindcompass-backend\ai\emotions\services.py", line 44, in _rule_based_detect
    sentiment_res = SentimentAnalysisService.analyze(text)
  File "C:\Users\HP\Documents\mindCompass\mindcompass-backend\ai\sentiment\services.py", line 68, in analyze
    em_res = EmotionDetectionService.detect(text)
  File "C:\Users\HP\Documents\mindCompass\mindcompass-backend\ai\emotions\services.py", line 27, in detect
    return cls._rule_based_detect(text)
           ~~~~~~~~~~~~~~~~~~~~~~^^^^^^
  File "C:\Users\HP\Documents\mindCompass\mindcompass-backend\ai\emotions\services.py", line 44, in _rule_based_detect
    sentiment_res = SentimentAnalysisService.analyze(text)
  File "C:\Users\HP\Documents\mindCompass\mindcompass-backend\ai\sentiment\services.py", line 68, in analyze
    em_res = EmotionDetectionService.detect(text)
  File "C:\Users\HP\Documents\mindCompass\mindcompass-backend\ai\emotions\services.py", line 27, in detect
    return cls._rule_based_detect(text)
           ~~~~~~~~~~~~~~~~~~~~~~^^^^^^
  File "C:\Users\HP\Documents\mindCompass\mindcompass-backend\ai\emotions\services.py", line 44, in _rule_based_detect
    sentiment_res = SentimentAnalysisService.analyze(text)
  File "C:\Users\HP\Documents\mindCompass\mindcompass-backend\ai\sentiment\services.py", line 68, in analyze
    em_res = EmotionDetectionService.detect(text)
  File "C:\Users\HP\Documents\mindCompass\mindcompass-backend\ai\emotions\services.py", line 27, in detect
    return cls._rule_based_detect(text)
           ~~~~~~~~~~~~~~~~~~~~~~^^^^^^
  File "C:\Users\HP\Documents\mindCompass\mindcompass-backend\ai\emotions\services.py", line 44, in _rule_based_detect
    sentiment_res = SentimentAnalysisService.analyze(text)
  File "C:\Users\HP\Documents\mindCompass\mindcompass-backend\ai\sentiment\services.py", line 68, in analyze
    em_res = EmotionDetectionService.detect(text)
  File "C:\Users\HP\Documents\mindCompass\mindcompass-backend\ai\emotions\services.py", line 27, in detect
    return cls._rule_based_detect(text)
           ~~~~~~~~~~~~~~~~~~~~~~^^^^^^
  File "C:\Users\HP\Documents\mindCompass\mindcompass-backend\ai\emotions\services.py", line 44, in _rule_based_detect
    sentiment_res = SentimentAnalysisService.analyze(text)
  File "C:\Users\HP\Documents\mindCompass\mindcompass-backend\ai\sentiment\services.py", line 68, in analyze
    em_res = EmotionDetectionService.detect(text)
  File "C:\Users\HP\Documents\mindCompass\mindcompass-backend\ai\emotions\services.py", line 27, in detect
    return cls._rule_based_detect(text)
           ~~~~~~~~~~~~~~~~~~~~~~^^^^^^
  File "C:\Users\HP\Documents\mindCompass\mindcompass-backend\ai\emotions\services.py", line 44, in _rule_based_detect
    sentiment_res = SentimentAnalysisService.analyze(text)
  File "C:\Users\HP\Documents\mindCompass\mindcompass-backend\ai\sentiment\services.py", line 68, in analyze
    em_res = EmotionDetectionService.detect(text)
  File "C:\Users\HP\Documents\mindCompass\mindcompass-backend\ai\emotions\services.py", line 27, in detect
    return cls._rule_based_detect(text)
           ~~~~~~~~~~~~~~~~~~~~~~^^^^^^
  File "C:\Users\HP\Documents\mindCompass\mindcompass-backend\ai\emotions\services.py", line 44, in _rule_based_detect
    sentiment_res = SentimentAnalysisService.analyze(text)
  File "C:\Users\HP\Documents\mindCompass\mindcompass-backend\ai\sentiment\services.py", line 68, in analyze
    em_res = EmotionDetectionService.detect(text)
  File "C:\Users\HP\Documents\mindCompass\mindcompass-backend\ai\emotions\services.py", line 27, in detect
    return cls._rule_based_detect(text)
           ~~~~~~~~~~~~~~~~~~~~~~^^^^^^
  File "C:\Users\HP\Documents\mindCompass\mindcompass-backend\ai\emotions\services.py", line 44, in _rule_based_detect
    sentiment_res = SentimentAnalysisService.analyze(text)
  File "C:\Users\HP\Documents\mindCompass\mindcompass-backend\ai\sentiment\services.py", line 68, in analyze
    em_res = EmotionDetectionService.detect(text)
  File "C:\Users\HP\Documents\mindCompass\mindcompass-backend\ai\emotions\services.py", line 27, in detect
    return cls._rule_based_detect(text)
           ~~~~~~~~~~~~~~~~~~~~~~^^^^^^
  File "C:\Users\HP\Documents\mindCompass\mindcompass-backend\ai\emotions\services.py", line 44, in _rule_based_detect
    sentiment_res = SentimentAnalysisService.analyze(text)
  File "C:\Users\HP\Documents\mindCompass\mindcompass-backend\ai\sentiment\services.py", line 68, in analyze
    em_res = EmotionDetectionService.detect(text)
  File "C:\Users\HP\Documents\mindCompass\mindcompass-backend\ai\emotions\services.py", line 27, in detect
    return cls._rule_based_detect(text)
           ~~~~~~~~~~~~~~~~~~~~~~^^^^^^
  File "C:\Users\HP\Documents\mindCompass\mindcompass-backend\ai\emotions\services.py", line 44, in _rule_based_detect
    sentiment_res = SentimentAnalysisService.analyze(text)
  File "C:\Users\HP\Documents\mindCompass\mindcompass-backend\ai\sentiment\services.py", line 68, in analyze
    em_res = EmotionDetectionService.detect(text)
  File "C:\Users\HP\Documents\mindCompass\mindcompass-backend\ai\emotions\services.py", line 27, in detect
    return cls._rule_based_detect(text)
           ~~~~~~~~~~~~~~~~~~~~~~^^^^^^
  File "C:\Users\HP\Documents\mindCompass\mindcompass-backend\ai\emotions\services.py", line 44, in _rule_based_detect
    sentiment_res = SentimentAnalysisService.analyze(text)
  File "C:\Users\HP\Documents\mindCompass\mindcompass-backend\ai\sentiment\services.py", line 68, in analyze
    em_res = EmotionDetectionService.detect(text)
  File "C:\Users\HP\Documents\mindCompass\mindcompass-backend\ai\emotions\services.py", line 27, in detect
    return cls._rule_based_detect(text)
           ~~~~~~~~~~~~~~~~~~~~~~^^^^^^
  File "C:\Users\HP\Documents\mindCompass\mindcompass-backend\ai\emotions\services.py", line 44, in _rule_based_detect
    sentiment_res = SentimentAnalysisService.analyze(text)
  File "C:\Users\HP\Documents\mindCompass\mindcompass-backend\ai\sentiment\services.py", line 68, in analyze
    em_res = EmotionDetectionService.detect(text)
  File "C:\Users\HP\Documents\mindCompass\mindcompass-backend\ai\emotions\services.py", line 27, in detect
    return cls._rule_based_detect(text)
           ~~~~~~~~~~~~~~~~~~~~~~^^^^^^
  File "C:\Users\HP\Documents\mindCompass\mindcompass-backend\ai\emotions\services.py", line 44, in _rule_based_detect
    sentiment_res = SentimentAnalysisService.analyze(text)
  File "C:\Users\HP\Documents\mindCompass\mindcompass-backend\ai\sentiment\services.py", line 68, in analyze
    em_res = EmotionDetectionService.detect(text)
  File "C:\Users\HP\Documents\mindCompass\mindcompass-backend\ai\emotions\services.py", line 27, in detect
    return cls._rule_based_detect(text)
           ~~~~~~~~~~~~~~~~~~~~~~^^^^^^
  File "C:\Users\HP\Documents\mindCompass\mindcompass-backend\ai\emotions\services.py", line 44, in _rule_based_detect
    sentiment_res = SentimentAnalysisService.analyze(text)
  File "C:\Users\HP\Documents\mindCompass\mindcompass-backend\ai\sentiment\services.py", line 68, in analyze
    em_res = EmotionDetectionService.detect(text)
  File "C:\Users\HP\Documents\mindCompass\mindcompass-backend\ai\emotions\services.py", line 27, in detect
    return cls._rule_based_detect(text)
           ~~~~~~~~~~~~~~~~~~~~~~^^^^^^
  File "C:\Users\HP\Documents\mindCompass\mindcompass-backend\ai\emotions\services.py", line 44, in _rule_based_detect
    sentiment_res = SentimentAnalysisService.analyze(text)
  File "C:\Users\HP\Documents\mindCompass\mindcompass-backend\ai\sentiment\services.py", line 68, in analyze
    em_res = EmotionDetectionService.detect(text)
  File "C:\Users\HP\Documents\mindCompass\mindcompass-backend\ai\emotions\services.py", line 27, in detect
    return cls._rule_based_detect(text)
           ~~~~~~~~~~~~~~~~~~~~~~^^^^^^
  File "C:\Users\HP\Documents\mindCompass\mindcompass-backend\ai\emotions\services.py", line 44, in _rule_based_detect
    sentiment_res = SentimentAnalysisService.analyze(text)
  File "C:\Users\HP\Documents\mindCompass\mindcompass-backend\ai\sentiment\services.py", line 68, in analyze
    em_res = EmotionDetectionService.detect(text)
  File "C:\Users\HP\Documents\mindCompass\mindcompass-backend\ai\emotions\services.py", line 27, in detect
    return cls._rule_based_detect(text)
           ~~~~~~~~~~~~~~~~~~~~~~^^^^^^
  File "C:\Users\HP\Documents\mindCompass\mindcompass-backend\ai\emotions\services.py", line 44, in _rule_based_detect
    sentiment_res = SentimentAnalysisService.analyze(text)
  File "C:\Users\HP\Documents\mindCompass\mindcompass-backend\ai\sentiment\services.py", line 68, in analyze
    em_res = EmotionDetectionService.detect(text)
  File "C:\Users\HP\Documents\mindCompass\mindcompass-backend\ai\emotions\services.py", line 27, in detect
    return cls._rule_based_detect(text)
           ~~~~~~~~~~~~~~~~~~~~~~^^^^^^
  File "C:\Users\HP\Documents\mindCompass\mindcompass-backend\ai\emotions\services.py", line 44, in _rule_based_detect
    sentiment_res = SentimentAnalysisService.analyze(text)
  File "C:\Users\HP\Documents\mindCompass\mindcompass-backend\ai\sentiment\services.py", line 68, in analyze
    em_res = EmotionDetectionService.detect(text)
  File "C:\Users\HP\Documents\mindCompass\mindcompass-backend\ai\emotions\services.py", line 27, in detect
    return cls._rule_based_detect(text)
           ~~~~~~~~~~~~~~~~~~~~~~^^^^^^
  File "C:\Users\HP\Documents\mindCompass\mindcompass-backend\ai\emotions\services.py", line 44, in _rule_based_detect
    sentiment_res = SentimentAnalysisService.analyze(text)
  File "C:\Users\HP\Documents\mindCompass\mindcompass-backend\ai\sentiment\services.py", line 68, in analyze
    em_res = EmotionDetectionService.detect(text)
  File "C:\Users\HP\Documents\mindCompass\mindcompass-backend\ai\emotions\services.py", line 27, in detect
    return cls._rule_based_detect(text)
           ~~~~~~~~~~~~~~~~~~~~~~^^^^^^
  File "C:\Users\HP\Documents\mindCompass\mindcompass-backend\ai\emotions\services.py", line 44, in _rule_based_detect
    sentiment_res = SentimentAnalysisService.analyze(text)
  File "C:\Users\HP\Documents\mindCompass\mindcompass-backend\ai\sentiment\services.py", line 68, in analyze
    em_res = EmotionDetectionService.detect(text)
  File "C:\Users\HP\Documents\mindCompass\mindcompass-backend\ai\emotions\services.py", line 27, in detect
    return cls._rule_based_detect(text)
           ~~~~~~~~~~~~~~~~~~~~~~^^^^^^
  File "C:\Users\HP\Documents\mindCompass\mindcompass-backend\ai\emotions\services.py", line 44, in _rule_based_detect
    sentiment_res = SentimentAnalysisService.analyze(text)
  File "C:\Users\HP\Documents\mindCompass\mindcompass-backend\ai\sentiment\services.py", line 68, in analyze
    em_res = EmotionDetectionService.detect(text)
  File "C:\Users\HP\Documents\mindCompass\mindcompass-backend\ai\emotions\services.py", line 27, in detect
    return cls._rule_based_detect(text)
           ~~~~~~~~~~~~~~~~~~~~~~^^^^^^
  File "C:\Users\HP\Documents\mindCompass\mindcompass-backend\ai\emotions\services.py", line 44, in _rule_based_detect
    sentiment_res = SentimentAnalysisService.analyze(text)
  File "C:\Users\HP\Documents\mindCompass\mindcompass-backend\ai\sentiment\services.py", line 68, in analyze
    em_res = EmotionDetectionService.detect(text)
  File "C:\Users\HP\Documents\mindCompass\mindcompass-backend\ai\emotions\services.py", line 27, in detect
    return cls._rule_based_detect(text)
           ~~~~~~~~~~~~~~~~~~~~~~^^^^^^
  File "C:\Users\HP\Documents\mindCompass\mindcompass-backend\ai\emotions\services.py", line 44, in _rule_based_detect
    sentiment_res = SentimentAnalysisService.analyze(text)
  File "C:\Users\HP\Documents\mindCompass\mindcompass-backend\ai\sentiment\services.py", line 68, in analyze
    em_res = EmotionDetectionService.detect(text)
  File "C:\Users\HP\Documents\mindCompass\mindcompass-backend\ai\emotions\services.py", line 27, in detect
    return cls._rule_based_detect(text)
           ~~~~~~~~~~~~~~~~~~~~~~^^^^^^
  File "C:\Users\HP\Documents\mindCompass\mindcompass-backend\ai\emotions\services.py", line 44, in _rule_based_detect
    sentiment_res = SentimentAnalysisService.analyze(text)
  File "C:\Users\HP\Documents\mindCompass\mindcompass-backend\ai\sentiment\services.py", line 68, in analyze
    em_res = EmotionDetectionService.detect(text)
  File "C:\Users\HP\Documents\mindCompass\mindcompass-backend\ai\emotions\services.py", line 27, in detect
    return cls._rule_based_detect(text)
           ~~~~~~~~~~~~~~~~~~~~~~^^^^^^
  File "C:\Users\HP\Documents\mindCompass\mindcompass-backend\ai\emotions\services.py", line 44, in _rule_based_detect
    sentiment_res = SentimentAnalysisService.analyze(text)
  File "C:\Users\HP\Documents\mindCompass\mindcompass-backend\ai\sentiment\services.py", line 68, in analyze
    em_res = EmotionDetectionService.detect(text)
  File "C:\Users\HP\Documents\mindCompass\mindcompass-backend\ai\emotions\services.py", line 27, in detect
    return cls._rule_based_detect(text)
           ~~~~~~~~~~~~~~~~~~~~~~^^^^^^
  File "C:\Users\HP\Documents\mindCompass\mindcompass-backend\ai\emotions\services.py", line 44, in _rule_based_detect
    sentiment_res = SentimentAnalysisService.analyze(text)
  File "C:\Users\HP\Documents\mindCompass\mindcompass-backend\ai\sentiment\services.py", line 68, in analyze
    em_res = EmotionDetectionService.detect(text)
  File "C:\Users\HP\Documents\mindCompass\mindcompass-backend\ai\emotions\services.py", line 27, in detect
    return cls._rule_based_detect(text)
           ~~~~~~~~~~~~~~~~~~~~~~^^^^^^
  File "C:\Users\HP\Documents\mindCompass\mindcompass-backend\ai\emotions\services.py", line 44, in _rule_based_detect
    sentiment_res = SentimentAnalysisService.analyze(text)
  File "C:\Users\HP\Documents\mindCompass\mindcompass-backend\ai\sentiment\services.py", line 68, in analyze
    em_res = EmotionDetectionService.detect(text)
  File "C:\Users\HP\Documents\mindCompass\mindcompass-backend\ai\emotions\services.py", line 27, in detect
    return cls._rule_based_detect(text)
           ~~~~~~~~~~~~~~~~~~~~~~^^^^^^
  File "C:\Users\HP\Documents\mindCompass\mindcompass-backend\ai\emotions\services.py", line 44, in _rule_based_detect
    sentiment_res = SentimentAnalysisService.analyze(text)
  File "C:\Users\HP\Documents\mindCompass\mindcompass-backend\ai\sentiment\services.py", line 68, in analyze
    em_res = EmotionDetectionService.detect(text)
  File "C:\Users\HP\Documents\mindCompass\mindcompass-backend\ai\emotions\services.py", line 27, in detect
    return cls._rule_based_detect(text)
           ~~~~~~~~~~~~~~~~~~~~~~^^^^^^
  File "C:\Users\HP\Documents\mindCompass\mindcompass-backend\ai\emotions\services.py", line 44, in _rule_based_detect
    sentiment_res = SentimentAnalysisService.analyze(text)
  File "C:\Users\HP\Documents\mindCompass\mindcompass-backend\ai\sentiment\services.py", line 68, in analyze
    em_res = EmotionDetectionService.detect(text)
  File "C:\Users\HP\Documents\mindCompass\mindcompass-backend\ai\emotions\services.py", line 27, in detect
    return cls._rule_based_detect(text)
           ~~~~~~~~~~~~~~~~~~~~~~^^^^^^
  File "C:\Users\HP\Documents\mindCompass\mindcompass-backend\ai\emotions\services.py", line 44, in _rule_based_detect
    sentiment_res = SentimentAnalysisService.analyze(text)
  File "C:\Users\HP\Documents\mindCompass\mindcompass-backend\ai\sentiment\services.py", line 68, in analyze
    em_res = EmotionDetectionService.detect(text)
  File "C:\Users\HP\Documents\mindCompass\mindcompass-backend\ai\emotions\services.py", line 27, in detect
    return cls._rule_based_detect(text)
           ~~~~~~~~~~~~~~~~~~~~~~^^^^^^
  File "C:\Users\HP\Documents\mindCompass\mindcompass-backend\ai\emotions\services.py", line 44, in _rule_based_detect
    sentiment_res = SentimentAnalysisService.analyze(text)
  File "C:\Users\HP\Documents\mindCompass\mindcompass-backend\ai\sentiment\services.py", line 68, in analyze
    em_res = EmotionDetectionService.detect(text)
  File "C:\Users\HP\Documents\mindCompass\mindcompass-backend\ai\emotions\services.py", line 27, in detect
    return cls._rule_based_detect(text)
           ~~~~~~~~~~~~~~~~~~~~~~^^^^^^
  File "C:\Users\HP\Documents\mindCompass\mindcompass-backend\ai\emotions\services.py", line 44, in _rule_based_detect
    sentiment_res = SentimentAnalysisService.analyze(text)
  File "C:\Users\HP\Documents\mindCompass\mindcompass-backend\ai\sentiment\services.py", line 68, in analyze
    em_res = EmotionDetectionService.detect(text)
  File "C:\Users\HP\Documents\mindCompass\mindcompass-backend\ai\emotions\services.py", line 27, in detect
    return cls._rule_based_detect(text)
           ~~~~~~~~~~~~~~~~~~~~~~^^^^^^
  File "C:\Users\HP\Documents\mindCompass\mindcompass-backend\ai\emotions\services.py", line 44, in _rule_based_detect
    sentiment_res = SentimentAnalysisService.analyze(text)
  File "C:\Users\HP\Documents\mindCompass\mindcompass-backend\ai\sentiment\services.py", line 68, in analyze
    em_res = EmotionDetectionService.detect(text)
  File "C:\Users\HP\Documents\mindCompass\mindcompass-backend\ai\emotions\services.py", line 27, in detect
    return cls._rule_based_detect(text)
           ~~~~~~~~~~~~~~~~~~~~~~^^^^^^
  File "C:\Users\HP\Documents\mindCompass\mindcompass-backend\ai\emotions\services.py", line 44, in _rule_based_detect
    sentiment_res = SentimentAnalysisService.analyze(text)
  File "C:\Users\HP\Documents\mindCompass\mindcompass-backend\ai\sentiment\services.py", line 68, in analyze
    em_res = EmotionDetectionService.detect(text)
  File "C:\Users\HP\Documents\mindCompass\mindcompass-backend\ai\emotions\services.py", line 27, in detect
    return cls._rule_based_detect(text)
           ~~~~~~~~~~~~~~~~~~~~~~^^^^^^
  File "C:\Users\HP\Documents\mindCompass\mindcompass-backend\ai\emotions\services.py", line 44, in _rule_based_detect
    sentiment_res = SentimentAnalysisService.analyze(text)
  File "C:\Users\HP\Documents\mindCompass\mindcompass-backend\ai\sentiment\services.py", line 68, in analyze
    em_res = EmotionDetectionService.detect(text)
  File "C:\Users\HP\Documents\mindCompass\mindcompass-backend\ai\emotions\services.py", line 27, in detect
    return cls._rule_based_detect(text)
           ~~~~~~~~~~~~~~~~~~~~~~^^^^^^
  File "C:\Users\HP\Documents\mindCompass\mindcompass-backend\ai\emotions\services.py", line 44, in _rule_based_detect
    sentiment_res = SentimentAnalysisService.analyze(text)
  File "C:\Users\HP\Documents\mindCompass\mindcompass-backend\ai\sentiment\services.py", line 68, in analyze
    em_res = EmotionDetectionService.detect(text)
  File "C:\Users\HP\Documents\mindCompass\mindcompass-backend\ai\emotions\services.py", line 27, in detect
    return cls._rule_based_detect(text)
           ~~~~~~~~~~~~~~~~~~~~~~^^^^^^
  File "C:\Users\HP\Documents\mindCompass\mindcompass-backend\ai\emotions\services.py", line 44, in _rule_based_detect
    sentiment_res = SentimentAnalysisService.analyze(text)
  File "C:\Users\HP\Documents\mindCompass\mindcompass-backend\ai\sentiment\services.py", line 68, in analyze
    em_res = EmotionDetectionService.detect(text)
  File "C:\Users\HP\Documents\mindCompass\mindcompass-backend\ai\emotions\services.py", line 27, in detect
    return cls._rule_based_detect(text)
           ~~~~~~~~~~~~~~~~~~~~~~^^^^^^
  File "C:\Users\HP\Documents\mindCompass\mindcompass-backend\ai\emotions\services.py", line 44, in _rule_based_detect
    sentiment_res = SentimentAnalysisService.analyze(text)
  File "C:\Users\HP\Documents\mindCompass\mindcompass-backend\ai\sentiment\services.py", line 68, in analyze
    em_res = EmotionDetectionService.detect(text)
  File "C:\Users\HP\Documents\mindCompass\mindcompass-backend\ai\emotions\services.py", line 27, in detect
    return cls._rule_based_detect(text)
           ~~~~~~~~~~~~~~~~~~~~~~^^^^^^
  File "C:\Users\HP\Documents\mindCompass\mindcompass-backend\ai\emotions\services.py", line 44, in _rule_based_detect
    sentiment_res = SentimentAnalysisService.analyze(text)
  File "C:\Users\HP\Documents\mindCompass\mindcompass-backend\ai\sentiment\services.py", line 68, in analyze
    em_res = EmotionDetectionService.detect(text)
  File "C:\Users\HP\Documents\mindCompass\mindcompass-backend\ai\emotions\services.py", line 27, in detect
    return cls._rule_based_detect(text)
           ~~~~~~~~~~~~~~~~~~~~~~^^^^^^
  File "C:\Users\HP\Documents\mindCompass\mindcompass-backend\ai\emotions\services.py", line 44, in _rule_based_detect
    sentiment_res = SentimentAnalysisService.analyze(text)
  File "C:\Users\HP\Documents\mindCompass\mindcompass-backend\ai\sentiment\services.py", line 68, in analyze
    em_res = EmotionDetectionService.detect(text)
  File "C:\Users\HP\Documents\mindCompass\mindcompass-backend\ai\emotions\services.py", line 27, in detect
    return cls._rule_based_detect(text)
           ~~~~~~~~~~~~~~~~~~~~~~^^^^^^
  File "C:\Users\HP\Documents\mindCompass\mindcompass-backend\ai\emotions\services.py", line 44, in _rule_based_detect
    sentiment_res = SentimentAnalysisService.analyze(text)
  File "C:\Users\HP\Documents\mindCompass\mindcompass-backend\ai\sentiment\services.py", line 68, in analyze
    em_res = EmotionDetectionService.detect(text)
  File "C:\Users\HP\Documents\mindCompass\mindcompass-backend\ai\emotions\services.py", line 27, in detect
    return cls._rule_based_detect(text)
           ~~~~~~~~~~~~~~~~~~~~~~^^^^^^
  File "C:\Users\HP\Documents\mindCompass\mindcompass-backend\ai\emotions\services.py", line 44, in _rule_based_detect
    sentiment_res = SentimentAnalysisService.analyze(text)
  File "C:\Users\HP\Documents\mindCompass\mindcompass-backend\ai\sentiment\services.py", line 68, in analyze
    em_res = EmotionDetectionService.detect(text)
  File "C:\Users\HP\Documents\mindCompass\mindcompass-backend\ai\emotions\services.py", line 27, in detect
    return cls._rule_based_detect(text)
           ~~~~~~~~~~~~~~~~~~~~~~^^^^^^
  File "C:\Users\HP\Documents\mindCompass\mindcompass-backend\ai\emotions\services.py", line 44, in _rule_based_detect
    sentiment_res = SentimentAnalysisService.analyze(text)
  File "C:\Users\HP\Documents\mindCompass\mindcompass-backend\ai\sentiment\services.py", line 68, in analyze
    em_res = EmotionDetectionService.detect(text)
  File "C:\Users\HP\Documents\mindCompass\mindcompass-backend\ai\emotions\services.py", line 27, in detect
    return cls._rule_based_detect(text)
           ~~~~~~~~~~~~~~~~~~~~~~^^^^^^
  File "C:\Users\HP\Documents\mindCompass\mindcompass-backend\ai\emotions\services.py", line 44, in _rule_based_detect
    sentiment_res = SentimentAnalysisService.analyze(text)
  File "C:\Users\HP\Documents\mindCompass\mindcompass-backend\ai\sentiment\services.py", line 68, in analyze
    em_res = EmotionDetectionService.detect(text)
  File "C:\Users\HP\Documents\mindCompass\mindcompass-backend\ai\emotions\services.py", line 27, in detect
    return cls._rule_based_detect(text)
           ~~~~~~~~~~~~~~~~~~~~~~^^^^^^
  File "C:\Users\HP\Documents\mindCompass\mindcompass-backend\ai\emotions\services.py", line 44, in _rule_based_detect
    sentiment_res = SentimentAnalysisService.analyze(text)
  File "C:\Users\HP\Documents\mindCompass\mindcompass-backend\ai\sentiment\services.py", line 68, in analyze
    em_res = EmotionDetectionService.detect(text)
  File "C:\Users\HP\Documents\mindCompass\mindcompass-backend\ai\emotions\services.py", line 27, in detect
    return cls._rule_based_detect(text)
           ~~~~~~~~~~~~~~~~~~~~~~^^^^^^
  File "C:\Users\HP\Documents\mindCompass\mindcompass-backend\ai\emotions\services.py", line 44, in _rule_based_detect
    sentiment_res = SentimentAnalysisService.analyze(text)
  File "C:\Users\HP\Documents\mindCompass\mindcompass-backend\ai\sentiment\services.py", line 68, in analyze
    em_res = EmotionDetectionService.detect(text)
  File "C:\Users\HP\Documents\mindCompass\mindcompass-backend\ai\emotions\services.py", line 27, in detect
    return cls._rule_based_detect(text)
           ~~~~~~~~~~~~~~~~~~~~~~^^^^^^
  File "C:\Users\HP\Documents\mindCompass\mindcompass-backend\ai\emotions\services.py", line 44, in _rule_based_detect
    sentiment_res = SentimentAnalysisService.analyze(text)
  File "C:\Users\HP\Documents\mindCompass\mindcompass-backend\ai\sentiment\services.py", line 68, in analyze
    em_res = EmotionDetectionService.detect(text)
  File "C:\Users\HP\Documents\mindCompass\mindcompass-backend\ai\emotions\services.py", line 27, in detect
    return cls._rule_based_detect(text)
           ~~~~~~~~~~~~~~~~~~~~~~^^^^^^
  File "C:\Users\HP\Documents\mindCompass\mindcompass-backend\ai\emotions\services.py", line 44, in _rule_based_detect
    sentiment_res = SentimentAnalysisService.analyze(text)
  File "C:\Users\HP\Documents\mindCompass\mindcompass-backend\ai\sentiment\services.py", line 68, in analyze
    em_res = EmotionDetectionService.detect(text)
  File "C:\Users\HP\Documents\mindCompass\mindcompass-backend\ai\emotions\services.py", line 27, in detect
    return cls._rule_based_detect(text)
           ~~~~~~~~~~~~~~~~~~~~~~^^^^^^
  File "C:\Users\HP\Documents\mindCompass\mindcompass-backend\ai\emotions\services.py", line 44, in _rule_based_detect
    sentiment_res = SentimentAnalysisService.analyze(text)
  File "C:\Users\HP\Documents\mindCompass\mindcompass-backend\ai\sentiment\services.py", line 68, in analyze
    em_res = EmotionDetectionService.detect(text)
  File "C:\Users\HP\Documents\mindCompass\mindcompass-backend\ai\emotions\services.py", line 27, in detect
    return cls._rule_based_detect(text)
           ~~~~~~~~~~~~~~~~~~~~~~^^^^^^
  File "C:\Users\HP\Documents\mindCompass\mindcompass-backend\ai\emotions\services.py", line 44, in _rule_based_detect
    sentiment_res = SentimentAnalysisService.analyze(text)
  File "C:\Users\HP\Documents\mindCompass\mindcompass-backend\ai\sentiment\services.py", line 68, in analyze
    em_res = EmotionDetectionService.detect(text)
  File "C:\Users\HP\Documents\mindCompass\mindcompass-backend\ai\emotions\services.py", line 27, in detect
    return cls._rule_based_detect(text)
           ~~~~~~~~~~~~~~~~~~~~~~^^^^^^
  File "C:\Users\HP\Documents\mindCompass\mindcompass-backend\ai\emotions\services.py", line 44, in _rule_based_detect
    sentiment_res = SentimentAnalysisService.analyze(text)
  File "C:\Users\HP\Documents\mindCompass\mindcompass-backend\ai\sentiment\services.py", line 68, in analyze
    em_res = EmotionDetectionService.detect(text)
  File "C:\Users\HP\Documents\mindCompass\mindcompass-backend\ai\emotions\services.py", line 27, in detect
    return cls._rule_based_detect(text)
           ~~~~~~~~~~~~~~~~~~~~~~^^^^^^
  File "C:\Users\HP\Documents\mindCompass\mindcompass-backend\ai\emotions\services.py", line 44, in _rule_based_detect
    sentiment_res = SentimentAnalysisService.analyze(text)
  File "C:\Users\HP\Documents\mindCompass\mindcompass-backend\ai\sentiment\services.py", line 68, in analyze
    em_res = EmotionDetectionService.detect(text)
  File "C:\Users\HP\Documents\mindCompass\mindcompass-backend\ai\emotions\services.py", line 27, in detect
    return cls._rule_based_detect(text)
           ~~~~~~~~~~~~~~~~~~~~~~^^^^^^
  File "C:\Users\HP\Documents\mindCompass\mindcompass-backend\ai\emotions\services.py", line 44, in _rule_based_detect
    sentiment_res = SentimentAnalysisService.analyze(text)
  File "C:\Users\HP\Documents\mindCompass\mindcompass-backend\ai\sentiment\services.py", line 68, in analyze
    em_res = EmotionDetectionService.detect(text)
  File "C:\Users\HP\Documents\mindCompass\mindcompass-backend\ai\emotions\services.py", line 27, in detect
    return cls._rule_based_detect(text)
           ~~~~~~~~~~~~~~~~~~~~~~^^^^^^
  File "C:\Users\HP\Documents\mindCompass\mindcompass-backend\ai\emotions\services.py", line 44, in _rule_based_detect
    sentiment_res = SentimentAnalysisService.analyze(text)
  File "C:\Users\HP\Documents\mindCompass\mindcompass-backend\ai\sentiment\services.py", line 68, in analyze
    em_res = EmotionDetectionService.detect(text)
  File "C:\Users\HP\Documents\mindCompass\mindcompass-backend\ai\emotions\services.py", line 27, in detect
    return cls._rule_based_detect(text)
           ~~~~~~~~~~~~~~~~~~~~~~^^^^^^
  File "C:\Users\HP\Documents\mindCompass\mindcompass-backend\ai\emotions\services.py", line 44, in _rule_based_detect
    sentiment_res = SentimentAnalysisService.analyze(text)
  File "C:\Users\HP\Documents\mindCompass\mindcompass-backend\ai\sentiment\services.py", line 68, in analyze
    em_res = EmotionDetectionService.detect(text)
  File "C:\Users\HP\Documents\mindCompass\mindcompass-backend\ai\emotions\services.py", line 27, in detect
    return cls._rule_based_detect(text)
           ~~~~~~~~~~~~~~~~~~~~~~^^^^^^
  File "C:\Users\HP\Documents\mindCompass\mindcompass-backend\ai\emotions\services.py", line 44, in _rule_based_detect
    sentiment_res = SentimentAnalysisService.analyze(text)
  File "C:\Users\HP\Documents\mindCompass\mindcompass-backend\ai\sentiment\services.py", line 68, in analyze
    em_res = EmotionDetectionService.detect(text)
  File "C:\Users\HP\Documents\mindCompass\mindcompass-backend\ai\emotions\services.py", line 27, in detect
    return cls._rule_based_detect(text)
           ~~~~~~~~~~~~~~~~~~~~~~^^^^^^
  File "C:\Users\HP\Documents\mindCompass\mindcompass-backend\ai\emotions\services.py", line 44, in _rule_based_detect
    sentiment_res = SentimentAnalysisService.analyze(text)
  File "C:\Users\HP\Documents\mindCompass\mindcompass-backend\ai\sentiment\services.py", line 68, in analyze
    em_res = EmotionDetectionService.detect(text)
  File "C:\Users\HP\Documents\mindCompass\mindcompass-backend\ai\emotions\services.py", line 27, in detect
    return cls._rule_based_detect(text)
           ~~~~~~~~~~~~~~~~~~~~~~^^^^^^
  File "C:\Users\HP\Documents\mindCompass\mindcompass-backend\ai\emotions\services.py", line 44, in _rule_based_detect
    sentiment_res = SentimentAnalysisService.analyze(text)
  File "C:\Users\HP\Documents\mindCompass\mindcompass-backend\ai\sentiment\services.py", line 68, in analyze
    em_res = EmotionDetectionService.detect(text)
  File "C:\Users\HP\Documents\mindCompass\mindcompass-backend\ai\emotions\services.py", line 27, in detect
    return cls._rule_based_detect(text)
           ~~~~~~~~~~~~~~~~~~~~~~^^^^^^
  File "C:\Users\HP\Documents\mindCompass\mindcompass-backend\ai\emotions\services.py", line 44, in _rule_based_detect
    sentiment_res = SentimentAnalysisService.analyze(text)
  File "C:\Users\HP\Documents\mindCompass\mindcompass-backend\ai\sentiment\services.py", line 68, in analyze
    em_res = EmotionDetectionService.detect(text)
  File "C:\Users\HP\Documents\mindCompass\mindcompass-backend\ai\emotions\services.py", line 27, in detect
    return cls._rule_based_detect(text)
           ~~~~~~~~~~~~~~~~~~~~~~^^^^^^
  File "C:\Users\HP\Documents\mindCompass\mindcompass-backend\ai\emotions\services.py", line 44, in _rule_based_detect
    sentiment_res = SentimentAnalysisService.analyze(text)
  File "C:\Users\HP\Documents\mindCompass\mindcompass-backend\ai\sentiment\services.py", line 68, in analyze
    em_res = EmotionDetectionService.detect(text)
  File "C:\Users\HP\Documents\mindCompass\mindcompass-backend\ai\emotions\services.py", line 27, in detect
    return cls._rule_based_detect(text)
           ~~~~~~~~~~~~~~~~~~~~~~^^^^^^
  File "C:\Users\HP\Documents\mindCompass\mindcompass-backend\ai\emotions\services.py", line 44, in _rule_based_detect
    sentiment_res = SentimentAnalysisService.analyze(text)
  File "C:\Users\HP\Documents\mindCompass\mindcompass-backend\ai\sentiment\services.py", line 68, in analyze
    em_res = EmotionDetectionService.detect(text)
  File "C:\Users\HP\Documents\mindCompass\mindcompass-backend\ai\emotions\services.py", line 27, in detect
    return cls._rule_based_detect(text)
           ~~~~~~~~~~~~~~~~~~~~~~^^^^^^
  File "C:\Users\HP\Documents\mindCompass\mindcompass-backend\ai\emotions\services.py", line 44, in _rule_based_detect
    sentiment_res = SentimentAnalysisService.analyze(text)
  File "C:\Users\HP\Documents\mindCompass\mindcompass-backend\ai\sentiment\services.py", line 68, in analyze
    em_res = EmotionDetectionService.detect(text)
  File "C:\Users\HP\Documents\mindCompass\mindcompass-backend\ai\emotions\services.py", line 27, in detect
    return cls._rule_based_detect(text)
           ~~~~~~~~~~~~~~~~~~~~~~^^^^^^
  File "C:\Users\HP\Documents\mindCompass\mindcompass-backend\ai\emotions\services.py", line 44, in _rule_based_detect
    sentiment_res = SentimentAnalysisService.analyze(text)
  File "C:\Users\HP\Documents\mindCompass\mindcompass-backend\ai\sentiment\services.py", line 68, in analyze
    em_res = EmotionDetectionService.detect(text)
  File "C:\Users\HP\Documents\mindCompass\mindcompass-backend\ai\emotions\services.py", line 27, in detect
    return cls._rule_based_detect(text)
           ~~~~~~~~~~~~~~~~~~~~~~^^^^^^
  File "C:\Users\HP\Documents\mindCompass\mindcompass-backend\ai\emotions\services.py", line 44, in _rule_based_detect
    sentiment_res = SentimentAnalysisService.analyze(text)
  File "C:\Users\HP\Documents\mindCompass\mindcompass-backend\ai\sentiment\services.py", line 68, in analyze
    em_res = EmotionDetectionService.detect(text)
  File "C:\Users\HP\Documents\mindCompass\mindcompass-backend\ai\emotions\services.py", line 27, in detect
    return cls._rule_based_detect(text)
           ~~~~~~~~~~~~~~~~~~~~~~^^^^^^
  File "C:\Users\HP\Documents\mindCompass\mindcompass-backend\ai\emotions\services.py", line 44, in _rule_based_detect
    sentiment_res = SentimentAnalysisService.analyze(text)
  File "C:\Users\HP\Documents\mindCompass\mindcompass-backend\ai\sentiment\services.py", line 68, in analyze
    em_res = EmotionDetectionService.detect(text)
  File "C:\Users\HP\Documents\mindCompass\mindcompass-backend\ai\emotions\services.py", line 27, in detect
    return cls._rule_based_detect(text)
           ~~~~~~~~~~~~~~~~~~~~~~^^^^^^
  File "C:\Users\HP\Documents\mindCompass\mindcompass-backend\ai\emotions\services.py", line 44, in _rule_based_detect
    sentiment_res = SentimentAnalysisService.analyze(text)
  File "C:\Users\HP\Documents\mindCompass\mindcompass-backend\ai\sentiment\services.py", line 68, in analyze
    em_res = EmotionDetectionService.detect(text)
  File "C:\Users\HP\Documents\mindCompass\mindcompass-backend\ai\emotions\services.py", line 27, in detect
    return cls._rule_based_detect(text)
           ~~~~~~~~~~~~~~~~~~~~~~^^^^^^
  File "C:\Users\HP\Documents\mindCompass\mindcompass-backend\ai\emotions\services.py", line 44, in _rule_based_detect
    sentiment_res = SentimentAnalysisService.analyze(text)
  File "C:\Users\HP\Documents\mindCompass\mindcompass-backend\ai\sentiment\services.py", line 68, in analyze
    em_res = EmotionDetectionService.detect(text)
  File "C:\Users\HP\Documents\mindCompass\mindcompass-backend\ai\emotions\services.py", line 27, in detect
    return cls._rule_based_detect(text)
           ~~~~~~~~~~~~~~~~~~~~~~^^^^^^
  File "C:\Users\HP\Documents\mindCompass\mindcompass-backend\ai\emotions\services.py", line 44, in _rule_based_detect
    sentiment_res = SentimentAnalysisService.analyze(text)
  File "C:\Users\HP\Documents\mindCompass\mindcompass-backend\ai\sentiment\services.py", line 68, in analyze
    em_res = EmotionDetectionService.detect(text)
  File "C:\Users\HP\Documents\mindCompass\mindcompass-backend\ai\emotions\services.py", line 27, in detect
    return cls._rule_based_detect(text)
           ~~~~~~~~~~~~~~~~~~~~~~^^^^^^
  File "C:\Users\HP\Documents\mindCompass\mindcompass-backend\ai\emotions\services.py", line 44, in _rule_based_detect
    sentiment_res = SentimentAnalysisService.analyze(text)
  File "C:\Users\HP\Documents\mindCompass\mindcompass-backend\ai\sentiment\services.py", line 68, in analyze
    em_res = EmotionDetectionService.detect(text)
  File "C:\Users\HP\Documents\mindCompass\mindcompass-backend\ai\emotions\services.py", line 27, in detect
    return cls._rule_based_detect(text)
           ~~~~~~~~~~~~~~~~~~~~~~^^^^^^
  File "C:\Users\HP\Documents\mindCompass\mindcompass-backend\ai\emotions\services.py", line 44, in _rule_based_detect
    sentiment_res = SentimentAnalysisService.analyze(text)
  File "C:\Users\HP\Documents\mindCompass\mindcompass-backend\ai\sentiment\services.py", line 68, in analyze
    em_res = EmotionDetectionService.detect(text)
  File "C:\Users\HP\Documents\mindCompass\mindcompass-backend\ai\emotions\services.py", line 27, in detect
    return cls._rule_based_detect(text)
           ~~~~~~~~~~~~~~~~~~~~~~^^^^^^
  File "C:\Users\HP\Documents\mindCompass\mindcompass-backend\ai\emotions\services.py", line 44, in _rule_based_detect
    sentiment_res = SentimentAnalysisService.analyze(text)
  File "C:\Users\HP\Documents\mindCompass\mindcompass-backend\ai\sentiment\services.py", line 68, in analyze
    em_res = EmotionDetectionService.detect(text)
  File "C:\Users\HP\Documents\mindCompass\mindcompass-backend\ai\emotions\services.py", line 27, in detect
    return cls._rule_based_detect(text)
           ~~~~~~~~~~~~~~~~~~~~~~^^^^^^
  File "C:\Users\HP\Documents\mindCompass\mindcompass-backend\ai\emotions\services.py", line 44, in _rule_based_detect
    sentiment_res = SentimentAnalysisService.analyze(text)
  File "C:\Users\HP\Documents\mindCompass\mindcompass-backend\ai\sentiment\services.py", line 68, in analyze
    em_res = EmotionDetectionService.detect(text)
  File "C:\Users\HP\Documents\mindCompass\mindcompass-backend\ai\emotions\services.py", line 27, in detect
    return cls._rule_based_detect(text)
           ~~~~~~~~~~~~~~~~~~~~~~^^^^^^
  File "C:\Users\HP\Documents\mindCompass\mindcompass-backend\ai\emotions\services.py", line 44, in _rule_based_detect
    sentiment_res = SentimentAnalysisService.analyze(text)
  File "C:\Users\HP\Documents\mindCompass\mindcompass-backend\ai\sentiment\services.py", line 68, in analyze
    em_res = EmotionDetectionService.detect(text)
  File "C:\Users\HP\Documents\mindCompass\mindcompass-backend\ai\emotions\services.py", line 27, in detect
    return cls._rule_based_detect(text)
           ~~~~~~~~~~~~~~~~~~~~~~^^^^^^
  File "C:\Users\HP\Documents\mindCompass\mindcompass-backend\ai\emotions\services.py", line 44, in _rule_based_detect
    sentiment_res = SentimentAnalysisService.analyze(text)
  File "C:\Users\HP\Documents\mindCompass\mindcompass-backend\ai\sentiment\services.py", line 68, in analyze
    em_res = EmotionDetectionService.detect(text)
  File "C:\Users\HP\Documents\mindCompass\mindcompass-backend\ai\emotions\services.py", line 27, in detect
    return cls._rule_based_detect(text)
           ~~~~~~~~~~~~~~~~~~~~~~^^^^^^
  File "C:\Users\HP\Documents\mindCompass\mindcompass-backend\ai\emotions\services.py", line 44, in _rule_based_detect
    sentiment_res = SentimentAnalysisService.analyze(text)
  File "C:\Users\HP\Documents\mindCompass\mindcompass-backend\ai\sentiment\services.py", line 68, in analyze
    em_res = EmotionDetectionService.detect(text)
  File "C:\Users\HP\Documents\mindCompass\mindcompass-backend\ai\emotions\services.py", line 27, in detect
    return cls._rule_based_detect(text)
           ~~~~~~~~~~~~~~~~~~~~~~^^^^^^
  File "C:\Users\HP\Documents\mindCompass\mindcompass-backend\ai\emotions\services.py", line 44, in _rule_based_detect
    sentiment_res = SentimentAnalysisService.analyze(text)
  File "C:\Users\HP\Documents\mindCompass\mindcompass-backend\ai\sentiment\services.py", line 68, in analyze
    em_res = EmotionDetectionService.detect(text)
  File "C:\Users\HP\Documents\mindCompass\mindcompass-backend\ai\emotions\services.py", line 27, in detect
    return cls._rule_based_detect(text)
           ~~~~~~~~~~~~~~~~~~~~~~^^^^^^
  File "C:\Users\HP\Documents\mindCompass\mindcompass-backend\ai\emotions\services.py", line 44, in _rule_based_detect
    sentiment_res = SentimentAnalysisService.analyze(text)
  File "C:\Users\HP\Documents\mindCompass\mindcompass-backend\ai\sentiment\services.py", line 68, in analyze
    em_res = EmotionDetectionService.detect(text)
  File "C:\Users\HP\Documents\mindCompass\mindcompass-backend\ai\emotions\services.py", line 27, in detect
    return cls._rule_based_detect(text)
           ~~~~~~~~~~~~~~~~~~~~~~^^^^^^
  File "C:\Users\HP\Documents\mindCompass\mindcompass-backend\ai\emotions\services.py", line 44, in _rule_based_detect
    sentiment_res = SentimentAnalysisService.analyze(text)
  File "C:\Users\HP\Documents\mindCompass\mindcompass-backend\ai\sentiment\services.py", line 68, in analyze
    em_res = EmotionDetectionService.detect(text)
  File "C:\Users\HP\Documents\mindCompass\mindcompass-backend\ai\emotions\services.py", line 27, in detect
    return cls._rule_based_detect(text)
           ~~~~~~~~~~~~~~~~~~~~~~^^^^^^
  File "C:\Users\HP\Documents\mindCompass\mindcompass-backend\ai\emotions\services.py", line 44, in _rule_based_detect
    sentiment_res = SentimentAnalysisService.analyze(text)
  File "C:\Users\HP\Documents\mindCompass\mindcompass-backend\ai\sentiment\services.py", line 68, in analyze
    em_res = EmotionDetectionService.detect(text)
  File "C:\Users\HP\Documents\mindCompass\mindcompass-backend\ai\emotions\services.py", line 27, in detect
    return cls._rule_based_detect(text)
           ~~~~~~~~~~~~~~~~~~~~~~^^^^^^
  File "C:\Users\HP\Documents\mindCompass\mindcompass-backend\ai\emotions\services.py", line 44, in _rule_based_detect
    sentiment_res = SentimentAnalysisService.analyze(text)
  File "C:\Users\HP\Documents\mindCompass\mindcompass-backend\ai\sentiment\services.py", line 68, in analyze
    em_res = EmotionDetectionService.detect(text)
  File "C:\Users\HP\Documents\mindCompass\mindcompass-backend\ai\emotions\services.py", line 27, in detect
    return cls._rule_based_detect(text)
           ~~~~~~~~~~~~~~~~~~~~~~^^^^^^
  File "C:\Users\HP\Documents\mindCompass\mindcompass-backend\ai\emotions\services.py", line 44, in _rule_based_detect
    sentiment_res = SentimentAnalysisService.analyze(text)
  File "C:\Users\HP\Documents\mindCompass\mindcompass-backend\ai\sentiment\services.py", line 68, in analyze
    em_res = EmotionDetectionService.detect(text)
  File "C:\Users\HP\Documents\mindCompass\mindcompass-backend\ai\emotions\services.py", line 27, in detect
    return cls._rule_based_detect(text)
           ~~~~~~~~~~~~~~~~~~~~~~^^^^^^
  File "C:\Users\HP\Documents\mindCompass\mindcompass-backend\ai\emotions\services.py", line 44, in _rule_based_detect
    sentiment_res = SentimentAnalysisService.analyze(text)
  File "C:\Users\HP\Documents\mindCompass\mindcompass-backend\ai\sentiment\services.py", line 68, in analyze
    em_res = EmotionDetectionService.detect(text)
  File "C:\Users\HP\Documents\mindCompass\mindcompass-backend\ai\emotions\services.py", line 27, in detect
    return cls._rule_based_detect(text)
           ~~~~~~~~~~~~~~~~~~~~~~^^^^^^
  File "C:\Users\HP\Documents\mindCompass\mindcompass-backend\ai\emotions\services.py", line 44, in _rule_based_detect
    sentiment_res = SentimentAnalysisService.analyze(text)
  File "C:\Users\HP\Documents\mindCompass\mindcompass-backend\ai\sentiment\services.py", line 68, in analyze
    em_res = EmotionDetectionService.detect(text)
  File "C:\Users\HP\Documents\mindCompass\mindcompass-backend\ai\emotions\services.py", line 27, in detect
    return cls._rule_based_detect(text)
           ~~~~~~~~~~~~~~~~~~~~~~^^^^^^
  File "C:\Users\HP\Documents\mindCompass\mindcompass-backend\ai\emotions\services.py", line 44, in _rule_based_detect
    sentiment_res = SentimentAnalysisService.analyze(text)
  File "C:\Users\HP\Documents\mindCompass\mindcompass-backend\ai\sentiment\services.py", line 68, in analyze
    em_res = EmotionDetectionService.detect(text)
  File "C:\Users\HP\Documents\mindCompass\mindcompass-backend\ai\emotions\services.py", line 27, in detect
    return cls._rule_based_detect(text)
           ~~~~~~~~~~~~~~~~~~~~~~^^^^^^
  File "C:\Users\HP\Documents\mindCompass\mindcompass-backend\ai\emotions\services.py", line 44, in _rule_based_detect
    sentiment_res = SentimentAnalysisService.analyze(text)
  File "C:\Users\HP\Documents\mindCompass\mindcompass-backend\ai\sentiment\services.py", line 68, in analyze
    em_res = EmotionDetectionService.detect(text)
  File "C:\Users\HP\Documents\mindCompass\mindcompass-backend\ai\emotions\services.py", line 27, in detect
    return cls._rule_based_detect(text)
           ~~~~~~~~~~~~~~~~~~~~~~^^^^^^
  File "C:\Users\HP\Documents\mindCompass\mindcompass-backend\ai\emotions\services.py", line 44, in _rule_based_detect
    sentiment_res = SentimentAnalysisService.analyze(text)
  File "C:\Users\HP\Documents\mindCompass\mindcompass-backend\ai\sentiment\services.py", line 68, in analyze
    em_res = EmotionDetectionService.detect(text)
  File "C:\Users\HP\Documents\mindCompass\mindcompass-backend\ai\emotions\services.py", line 27, in detect
    return cls._rule_based_detect(text)
           ~~~~~~~~~~~~~~~~~~~~~~^^^^^^
  File "C:\Users\HP\Documents\mindCompass\mindcompass-backend\ai\emotions\services.py", line 44, in _rule_based_detect
    sentiment_res = SentimentAnalysisService.analyze(text)
  File "C:\Users\HP\Documents\mindCompass\mindcompass-backend\ai\sentiment\services.py", line 68, in analyze
    em_res = EmotionDetectionService.detect(text)
  File "C:\Users\HP\Documents\mindCompass\mindcompass-backend\ai\emotions\services.py", line 27, in detect
    return cls._rule_based_detect(text)
           ~~~~~~~~~~~~~~~~~~~~~~^^^^^^
  File "C:\Users\HP\Documents\mindCompass\mindcompass-backend\ai\emotions\services.py", line 44, in _rule_based_detect
    sentiment_res = SentimentAnalysisService.analyze(text)
  File "C:\Users\HP\Documents\mindCompass\mindcompass-backend\ai\sentiment\services.py", line 68, in analyze
    em_res = EmotionDetectionService.detect(text)
  File "C:\Users\HP\Documents\mindCompass\mindcompass-backend\ai\emotions\services.py", line 27, in detect
    return cls._rule_based_detect(text)
           ~~~~~~~~~~~~~~~~~~~~~~^^^^^^
  File "C:\Users\HP\Documents\mindCompass\mindcompass-backend\ai\emotions\services.py", line 44, in _rule_based_detect
    sentiment_res = SentimentAnalysisService.analyze(text)
  File "C:\Users\HP\Documents\mindCompass\mindcompass-backend\ai\sentiment\services.py", line 68, in analyze
    em_res = EmotionDetectionService.detect(text)
  File "C:\Users\HP\Documents\mindCompass\mindcompass-backend\ai\emotions\services.py", line 27, in detect
    return cls._rule_based_detect(text)
           ~~~~~~~~~~~~~~~~~~~~~~^^^^^^
  File "C:\Users\HP\Documents\mindCompass\mindcompass-backend\ai\emotions\services.py", line 44, in _rule_based_detect
    sentiment_res = SentimentAnalysisService.analyze(text)
  File "C:\Users\HP\Documents\mindCompass\mindcompass-backend\ai\sentiment\services.py", line 68, in analyze
    em_res = EmotionDetectionService.detect(text)
  File "C:\Users\HP\Documents\mindCompass\mindcompass-backend\ai\emotions\services.py", line 27, in detect
    return cls._rule_based_detect(text)
           ~~~~~~~~~~~~~~~~~~~~~~^^^^^^
  File "C:\Users\HP\Documents\mindCompass\mindcompass-backend\ai\emotions\services.py", line 44, in _rule_based_detect
    sentiment_res = SentimentAnalysisService.analyze(text)
  File "C:\Users\HP\Documents\mindCompass\mindcompass-backend\ai\sentiment\services.py", line 68, in analyze
    em_res = EmotionDetectionService.detect(text)
  File "C:\Users\HP\Documents\mindCompass\mindcompass-backend\ai\emotions\services.py", line 27, in detect
    return cls._rule_based_detect(text)
           ~~~~~~~~~~~~~~~~~~~~~~^^^^^^
  File "C:\Users\HP\Documents\mindCompass\mindcompass-backend\ai\emotions\services.py", line 44, in _rule_based_detect
    sentiment_res = SentimentAnalysisService.analyze(text)
  File "C:\Users\HP\Documents\mindCompass\mindcompass-backend\ai\sentiment\services.py", line 68, in analyze
    em_res = EmotionDetectionService.detect(text)
  File "C:\Users\HP\Documents\mindCompass\mindcompass-backend\ai\emotions\services.py", line 27, in detect
    return cls._rule_based_detect(text)
           ~~~~~~~~~~~~~~~~~~~~~~^^^^^^
  File "C:\Users\HP\Documents\mindCompass\mindcompass-backend\ai\emotions\services.py", line 44, in _rule_based_detect
    sentiment_res = SentimentAnalysisService.analyze(text)
  File "C:\Users\HP\Documents\mindCompass\mindcompass-backend\ai\sentiment\services.py", line 68, in analyze
    em_res = EmotionDetectionService.detect(text)
  File "C:\Users\HP\Documents\mindCompass\mindcompass-backend\ai\emotions\services.py", line 27, in detect
    return cls._rule_based_detect(text)
           ~~~~~~~~~~~~~~~~~~~~~~^^^^^^
  File "C:\Users\HP\Documents\mindCompass\mindcompass-backend\ai\emotions\services.py", line 44, in _rule_based_detect
    sentiment_res = SentimentAnalysisService.analyze(text)
  File "C:\Users\HP\Documents\mindCompass\mindcompass-backend\ai\sentiment\services.py", line 68, in analyze
    em_res = EmotionDetectionService.detect(text)
  File "C:\Users\HP\Documents\mindCompass\mindcompass-backend\ai\emotions\services.py", line 27, in detect
    return cls._rule_based_detect(text)
           ~~~~~~~~~~~~~~~~~~~~~~^^^^^^
  File "C:\Users\HP\Documents\mindCompass\mindcompass-backend\ai\emotions\services.py", line 44, in _rule_based_detect
    sentiment_res = SentimentAnalysisService.analyze(text)
  File "C:\Users\HP\Documents\mindCompass\mindcompass-backend\ai\sentiment\services.py", line 68, in analyze
    em_res = EmotionDetectionService.detect(text)
  File "C:\Users\HP\Documents\mindCompass\mindcompass-backend\ai\emotions\services.py", line 27, in detect
    return cls._rule_based_detect(text)
           ~~~~~~~~~~~~~~~~~~~~~~^^^^^^
  File "C:\Users\HP\Documents\mindCompass\mindcompass-backend\ai\emotions\services.py", line 44, in _rule_based_detect
    sentiment_res = SentimentAnalysisService.analyze(text)
  File "C:\Users\HP\Documents\mindCompass\mindcompass-backend\ai\sentiment\services.py", line 68, in analyze
    em_res = EmotionDetectionService.detect(text)
  File "C:\Users\HP\Documents\mindCompass\mindcompass-backend\ai\emotions\services.py", line 27, in detect
    return cls._rule_based_detect(text)
           ~~~~~~~~~~~~~~~~~~~~~~^^^^^^
  File "C:\Users\HP\Documents\mindCompass\mindcompass-backend\ai\emotions\services.py", line 44, in _rule_based_detect
    sentiment_res = SentimentAnalysisService.analyze(text)
  File "C:\Users\HP\Documents\mindCompass\mindcompass-backend\ai\sentiment\services.py", line 68, in analyze
    em_res = EmotionDetectionService.detect(text)
  File "C:\Users\HP\Documents\mindCompass\mindcompass-backend\ai\emotions\services.py", line 27, in detect
    return cls._rule_based_detect(text)
           ~~~~~~~~~~~~~~~~~~~~~~^^^^^^
  File "C:\Users\HP\Documents\mindCompass\mindcompass-backend\ai\emotions\services.py", line 44, in _rule_based_detect
    sentiment_res = SentimentAnalysisService.analyze(text)
  File "C:\Users\HP\Documents\mindCompass\mindcompass-backend\ai\sentiment\services.py", line 68, in analyze
    em_res = EmotionDetectionService.detect(text)
  File "C:\Users\HP\Documents\mindCompass\mindcompass-backend\ai\emotions\services.py", line 27, in detect
    return cls._rule_based_detect(text)
           ~~~~~~~~~~~~~~~~~~~~~~^^^^^^
  File "C:\Users\HP\Documents\mindCompass\mindcompass-backend\ai\emotions\services.py", line 44, in _rule_based_detect
    sentiment_res = SentimentAnalysisService.analyze(text)
  File "C:\Users\HP\Documents\mindCompass\mindcompass-backend\ai\sentiment\services.py", line 68, in analyze
    em_res = EmotionDetectionService.detect(text)
  File "C:\Users\HP\Documents\mindCompass\mindcompass-backend\ai\emotions\services.py", line 27, in detect
    return cls._rule_based_detect(text)
           ~~~~~~~~~~~~~~~~~~~~~~^^^^^^
  File "C:\Users\HP\Documents\mindCompass\mindcompass-backend\ai\emotions\services.py", line 44, in _rule_based_detect
    sentiment_res = SentimentAnalysisService.analyze(text)
  File "C:\Users\HP\Documents\mindCompass\mindcompass-backend\ai\sentiment\services.py", line 68, in analyze
    em_res = EmotionDetectionService.detect(text)
  File "C:\Users\HP\Documents\mindCompass\mindcompass-backend\ai\emotions\services.py", line 27, in detect
    return cls._rule_based_detect(text)
           ~~~~~~~~~~~~~~~~~~~~~~^^^^^^
  File "C:\Users\HP\Documents\mindCompass\mindcompass-backend\ai\emotions\services.py", line 44, in _rule_based_detect
    sentiment_res = SentimentAnalysisService.analyze(text)
  File "C:\Users\HP\Documents\mindCompass\mindcompass-backend\ai\sentiment\services.py", line 68, in analyze
    em_res = EmotionDetectionService.detect(text)
  File "C:\Users\HP\Documents\mindCompass\mindcompass-backend\ai\emotions\services.py", line 27, in detect
    return cls._rule_based_detect(text)
           ~~~~~~~~~~~~~~~~~~~~~~^^^^^^
  File "C:\Users\HP\Documents\mindCompass\mindcompass-backend\ai\emotions\services.py", line 44, in _rule_based_detect
    sentiment_res = SentimentAnalysisService.analyze(text)
  File "C:\Users\HP\Documents\mindCompass\mindcompass-backend\ai\sentiment\services.py", line 68, in analyze
    em_res = EmotionDetectionService.detect(text)
  File "C:\Users\HP\Documents\mindCompass\mindcompass-backend\ai\emotions\services.py", line 27, in detect
    return cls._rule_based_detect(text)
           ~~~~~~~~~~~~~~~~~~~~~~^^^^^^
  File "C:\Users\HP\Documents\mindCompass\mindcompass-backend\ai\emotions\services.py", line 44, in _rule_based_detect
    sentiment_res = SentimentAnalysisService.analyze(text)
  File "C:\Users\HP\Documents\mindCompass\mindcompass-backend\ai\sentiment\services.py", line 68, in analyze
    em_res = EmotionDetectionService.detect(text)
  File "C:\Users\HP\Documents\mindCompass\mindcompass-backend\ai\emotions\services.py", line 27, in detect
    return cls._rule_based_detect(text)
           ~~~~~~~~~~~~~~~~~~~~~~^^^^^^
  File "C:\Users\HP\Documents\mindCompass\mindcompass-backend\ai\emotions\services.py", line 44, in _rule_based_detect
    sentiment_res = SentimentAnalysisService.analyze(text)
  File "C:\Users\HP\Documents\mindCompass\mindcompass-backend\ai\sentiment\services.py", line 68, in analyze
    em_res = EmotionDetectionService.detect(text)
  File "C:\Users\HP\Documents\mindCompass\mindcompass-backend\ai\emotions\services.py", line 27, in detect
    return cls._rule_based_detect(text)
           ~~~~~~~~~~~~~~~~~~~~~~^^^^^^
  File "C:\Users\HP\Documents\mindCompass\mindcompass-backend\ai\emotions\services.py", line 44, in _rule_based_detect
    sentiment_res = SentimentAnalysisService.analyze(text)
  File "C:\Users\HP\Documents\mindCompass\mindcompass-backend\ai\sentiment\services.py", line 68, in analyze
    em_res = EmotionDetectionService.detect(text)
  File "C:\Users\HP\Documents\mindCompass\mindcompass-backend\ai\emotions\services.py", line 27, in detect
    return cls._rule_based_detect(text)
           ~~~~~~~~~~~~~~~~~~~~~~^^^^^^
  File "C:\Users\HP\Documents\mindCompass\mindcompass-backend\ai\emotions\services.py", line 44, in _rule_based_detect
    sentiment_res = SentimentAnalysisService.analyze(text)
  File "C:\Users\HP\Documents\mindCompass\mindcompass-backend\ai\sentiment\services.py", line 68, in analyze
    em_res = EmotionDetectionService.detect(text)
  File "C:\Users\HP\Documents\mindCompass\mindcompass-backend\ai\emotions\services.py", line 27, in detect
    return cls._rule_based_detect(text)
           ~~~~~~~~~~~~~~~~~~~~~~^^^^^^
  File "C:\Users\HP\Documents\mindCompass\mindcompass-backend\ai\emotions\services.py", line 44, in _rule_based_detect
    sentiment_res = SentimentAnalysisService.analyze(text)
  File "C:\Users\HP\Documents\mindCompass\mindcompass-backend\ai\sentiment\services.py", line 68, in analyze
    em_res = EmotionDetectionService.detect(text)
  File "C:\Users\HP\Documents\mindCompass\mindcompass-backend\ai\emotions\services.py", line 27, in detect
    return cls._rule_based_detect(text)
           ~~~~~~~~~~~~~~~~~~~~~~^^^^^^
  File "C:\Users\HP\Documents\mindCompass\mindcompass-backend\ai\emotions\services.py", line 44, in _rule_based_detect
    sentiment_res = SentimentAnalysisService.analyze(text)
  File "C:\Users\HP\Documents\mindCompass\mindcompass-backend\ai\sentiment\services.py", line 68, in analyze
    em_res = EmotionDetectionService.detect(text)
  File "C:\Users\HP\Documents\mindCompass\mindcompass-backend\ai\emotions\services.py", line 27, in detect
    return cls._rule_based_detect(text)
           ~~~~~~~~~~~~~~~~~~~~~~^^^^^^
  File "C:\Users\HP\Documents\mindCompass\mindcompass-backend\ai\emotions\services.py", line 44, in _rule_based_detect
    sentiment_res = SentimentAnalysisService.analyze(text)
  File "C:\Users\HP\Documents\mindCompass\mindcompass-backend\ai\sentiment\services.py", line 68, in analyze
    em_res = EmotionDetectionService.detect(text)
  File "C:\Users\HP\Documents\mindCompass\mindcompass-backend\ai\emotions\services.py", line 27, in detect
    return cls._rule_based_detect(text)
           ~~~~~~~~~~~~~~~~~~~~~~^^^^^^
  File "C:\Users\HP\Documents\mindCompass\mindcompass-backend\ai\emotions\services.py", line 44, in _rule_based_detect
    sentiment_res = SentimentAnalysisService.analyze(text)
  File "C:\Users\HP\Documents\mindCompass\mindcompass-backend\ai\sentiment\services.py", line 68, in analyze
    em_res = EmotionDetectionService.detect(text)
  File "C:\Users\HP\Documents\mindCompass\mindcompass-backend\ai\emotions\services.py", line 27, in detect
    return cls._rule_based_detect(text)
           ~~~~~~~~~~~~~~~~~~~~~~^^^^^^
  File "C:\Users\HP\Documents\mindCompass\mindcompass-backend\ai\emotions\services.py", line 44, in _rule_based_detect
    sentiment_res = SentimentAnalysisService.analyze(text)
  File "C:\Users\HP\Documents\mindCompass\mindcompass-backend\ai\sentiment\services.py", line 68, in analyze
    em_res = EmotionDetectionService.detect(text)
  File "C:\Users\HP\Documents\mindCompass\mindcompass-backend\ai\emotions\services.py", line 27, in detect
    return cls._rule_based_detect(text)
           ~~~~~~~~~~~~~~~~~~~~~~^^^^^^
  File "C:\Users\HP\Documents\mindCompass\mindcompass-backend\ai\emotions\services.py", line 44, in _rule_based_detect
    sentiment_res = SentimentAnalysisService.analyze(text)
  File "C:\Users\HP\Documents\mindCompass\mindcompass-backend\ai\sentiment\services.py", line 68, in analyze
    em_res = EmotionDetectionService.detect(text)
  File "C:\Users\HP\Documents\mindCompass\mindcompass-backend\ai\emotions\services.py", line 27, in detect
    return cls._rule_based_detect(text)
           ~~~~~~~~~~~~~~~~~~~~~~^^^^^^
  File "C:\Users\HP\Documents\mindCompass\mindcompass-backend\ai\emotions\services.py", line 44, in _rule_based_detect
    sentiment_res = SentimentAnalysisService.analyze(text)
  File "C:\Users\HP\Documents\mindCompass\mindcompass-backend\ai\sentiment\services.py", line 68, in analyze
    em_res = EmotionDetectionService.detect(text)
  File "C:\Users\HP\Documents\mindCompass\mindcompass-backend\ai\emotions\services.py", line 27, in detect
    return cls._rule_based_detect(text)
           ~~~~~~~~~~~~~~~~~~~~~~^^^^^^
  File "C:\Users\HP\Documents\mindCompass\mindcompass-backend\ai\emotions\services.py", line 44, in _rule_based_detect
    sentiment_res = SentimentAnalysisService.analyze(text)
  File "C:\Users\HP\Documents\mindCompass\mindcompass-backend\ai\sentiment\services.py", line 68, in analyze
    em_res = EmotionDetectionService.detect(text)
  File "C:\Users\HP\Documents\mindCompass\mindcompass-backend\ai\emotions\services.py", line 27, in detect
    return cls._rule_based_detect(text)
           ~~~~~~~~~~~~~~~~~~~~~~^^^^^^
  File "C:\Users\HP\Documents\mindCompass\mindcompass-backend\ai\emotions\services.py", line 44, in _rule_based_detect
    sentiment_res = SentimentAnalysisService.analyze(text)
  File "C:\Users\HP\Documents\mindCompass\mindcompass-backend\ai\sentiment\services.py", line 68, in analyze
    em_res = EmotionDetectionService.detect(text)
  File "C:\Users\HP\Documents\mindCompass\mindcompass-backend\ai\emotions\services.py", line 27, in detect
    return cls._rule_based_detect(text)
           ~~~~~~~~~~~~~~~~~~~~~~^^^^^^
  File "C:\Users\HP\Documents\mindCompass\mindcompass-backend\ai\emotions\services.py", line 44, in _rule_based_detect
    sentiment_res = SentimentAnalysisService.analyze(text)
  File "C:\Users\HP\Documents\mindCompass\mindcompass-backend\ai\sentiment\services.py", line 68, in analyze
    em_res = EmotionDetectionService.detect(text)
  File "C:\Users\HP\Documents\mindCompass\mindcompass-backend\ai\emotions\services.py", line 27, in detect
    return cls._rule_based_detect(text)
           ~~~~~~~~~~~~~~~~~~~~~~^^^^^^
  File "C:\Users\HP\Documents\mindCompass\mindcompass-backend\ai\emotions\services.py", line 44, in _rule_based_detect
    sentiment_res = SentimentAnalysisService.analyze(text)
  File "C:\Users\HP\Documents\mindCompass\mindcompass-backend\ai\sentiment\services.py", line 68, in analyze
    em_res = EmotionDetectionService.detect(text)
  File "C:\Users\HP\Documents\mindCompass\mindcompass-backend\ai\emotions\services.py", line 27, in detect
    return cls._rule_based_detect(text)
           ~~~~~~~~~~~~~~~~~~~~~~^^^^^^
  File "C:\Users\HP\Documents\mindCompass\mindcompass-backend\ai\emotions\services.py", line 44, in _rule_based_detect
    sentiment_res = SentimentAnalysisService.analyze(text)
  File "C:\Users\HP\Documents\mindCompass\mindcompass-backend\ai\sentiment\services.py", line 68, in analyze
    em_res = EmotionDetectionService.detect(text)
  File "C:\Users\HP\Documents\mindCompass\mindcompass-backend\ai\emotions\services.py", line 27, in detect
    return cls._rule_based_detect(text)
           ~~~~~~~~~~~~~~~~~~~~~~^^^^^^
  File "C:\Users\HP\Documents\mindCompass\mindcompass-backend\ai\emotions\services.py", line 44, in _rule_based_detect
    sentiment_res = SentimentAnalysisService.analyze(text)
  File "C:\Users\HP\Documents\mindCompass\mindcompass-backend\ai\sentiment\services.py", line 68, in analyze
    em_res = EmotionDetectionService.detect(text)
  File "C:\Users\HP\Documents\mindCompass\mindcompass-backend\ai\emotions\services.py", line 27, in detect
    return cls._rule_based_detect(text)
           ~~~~~~~~~~~~~~~~~~~~~~^^^^^^
  File "C:\Users\HP\Documents\mindCompass\mindcompass-backend\ai\emotions\services.py", line 44, in _rule_based_detect
    sentiment_res = SentimentAnalysisService.analyze(text)
  File "C:\Users\HP\Documents\mindCompass\mindcompass-backend\ai\sentiment\services.py", line 68, in analyze
    em_res = EmotionDetectionService.detect(text)
  File "C:\Users\HP\Documents\mindCompass\mindcompass-backend\ai\emotions\services.py", line 27, in detect
    return cls._rule_based_detect(text)
           ~~~~~~~~~~~~~~~~~~~~~~^^^^^^
  File "C:\Users\HP\Documents\mindCompass\mindcompass-backend\ai\emotions\services.py", line 44, in _rule_based_detect
    sentiment_res = SentimentAnalysisService.analyze(text)
  File "C:\Users\HP\Documents\mindCompass\mindcompass-backend\ai\sentiment\services.py", line 68, in analyze
    em_res = EmotionDetectionService.detect(text)
  File "C:\Users\HP\Documents\mindCompass\mindcompass-backend\ai\emotions\services.py", line 27, in detect
    return cls._rule_based_detect(text)
           ~~~~~~~~~~~~~~~~~~~~~~^^^^^^
  File "C:\Users\HP\Documents\mindCompass\mindcompass-backend\ai\emotions\services.py", line 44, in _rule_based_detect
    sentiment_res = SentimentAnalysisService.analyze(text)
  File "C:\Users\HP\Documents\mindCompass\mindcompass-backend\ai\sentiment\services.py", line 68, in analyze
    em_res = EmotionDetectionService.detect(text)
  File "C:\Users\HP\Documents\mindCompass\mindcompass-backend\ai\emotions\services.py", line 27, in detect
    return cls._rule_based_detect(text)
           ~~~~~~~~~~~~~~~~~~~~~~^^^^^^
  File "C:\Users\HP\Documents\mindCompass\mindcompass-backend\ai\emotions\services.py", line 44, in _rule_based_detect
    sentiment_res = SentimentAnalysisService.analyze(text)
  File "C:\Users\HP\Documents\mindCompass\mindcompass-backend\ai\sentiment\services.py", line 68, in analyze
    em_res = EmotionDetectionService.detect(text)
  File "C:\Users\HP\Documents\mindCompass\mindcompass-backend\ai\emotions\services.py", line 27, in detect
    return cls._rule_based_detect(text)
           ~~~~~~~~~~~~~~~~~~~~~~^^^^^^
  File "C:\Users\HP\Documents\mindCompass\mindcompass-backend\ai\emotions\services.py", line 44, in _rule_based_detect
    sentiment_res = SentimentAnalysisService.analyze(text)
  File "C:\Users\HP\Documents\mindCompass\mindcompass-backend\ai\sentiment\services.py", line 68, in analyze
    em_res = EmotionDetectionService.detect(text)
  File "C:\Users\HP\Documents\mindCompass\mindcompass-backend\ai\emotions\services.py", line 27, in detect
    return cls._rule_based_detect(text)
           ~~~~~~~~~~~~~~~~~~~~~~^^^^^^
  File "C:\Users\HP\Documents\mindCompass\mindcompass-backend\ai\emotions\services.py", line 44, in _rule_based_detect
    sentiment_res = SentimentAnalysisService.analyze(text)
  File "C:\Users\HP\Documents\mindCompass\mindcompass-backend\ai\sentiment\services.py", line 68, in analyze
    em_res = EmotionDetectionService.detect(text)
  File "C:\Users\HP\Documents\mindCompass\mindcompass-backend\ai\emotions\services.py", line 27, in detect
    return cls._rule_based_detect(text)
           ~~~~~~~~~~~~~~~~~~~~~~^^^^^^
  File "C:\Users\HP\Documents\mindCompass\mindcompass-backend\ai\emotions\services.py", line 44, in _rule_based_detect
    sentiment_res = SentimentAnalysisService.analyze(text)
  File "C:\Users\HP\Documents\mindCompass\mindcompass-backend\ai\sentiment\services.py", line 68, in analyze
    em_res = EmotionDetectionService.detect(text)
  File "C:\Users\HP\Documents\mindCompass\mindcompass-backend\ai\emotions\services.py", line 27, in detect
    return cls._rule_based_detect(text)
           ~~~~~~~~~~~~~~~~~~~~~~^^^^^^
  File "C:\Users\HP\Documents\mindCompass\mindcompass-backend\ai\emotions\services.py", line 44, in _rule_based_detect
    sentiment_res = SentimentAnalysisService.analyze(text)
  File "C:\Users\HP\Documents\mindCompass\mindcompass-backend\ai\sentiment\services.py", line 68, in analyze
    em_res = EmotionDetectionService.detect(text)
  File "C:\Users\HP\Documents\mindCompass\mindcompass-backend\ai\emotions\services.py", line 27, in detect
    return cls._rule_based_detect(text)
           ~~~~~~~~~~~~~~~~~~~~~~^^^^^^
  File "C:\Users\HP\Documents\mindCompass\mindcompass-backend\ai\emotions\services.py", line 44, in _rule_based_detect
    sentiment_res = SentimentAnalysisService.analyze(text)
  File "C:\Users\HP\Documents\mindCompass\mindcompass-backend\ai\sentiment\services.py", line 68, in analyze
    em_res = EmotionDetectionService.detect(text)
  File "C:\Users\HP\Documents\mindCompass\mindcompass-backend\ai\emotions\services.py", line 27, in detect
    return cls._rule_based_detect(text)
           ~~~~~~~~~~~~~~~~~~~~~~^^^^^^
  File "C:\Users\HP\Documents\mindCompass\mindcompass-backend\ai\emotions\services.py", line 44, in _rule_based_detect
    sentiment_res = SentimentAnalysisService.analyze(text)
  File "C:\Users\HP\Documents\mindCompass\mindcompass-backend\ai\sentiment\services.py", line 68, in analyze
    em_res = EmotionDetectionService.detect(text)
  File "C:\Users\HP\Documents\mindCompass\mindcompass-backend\ai\emotions\services.py", line 27, in detect
    return cls._rule_based_detect(text)
           ~~~~~~~~~~~~~~~~~~~~~~^^^^^^
  File "C:\Users\HP\Documents\mindCompass\mindcompass-backend\ai\emotions\services.py", line 44, in _rule_based_detect
    sentiment_res = SentimentAnalysisService.analyze(text)
  File "C:\Users\HP\Documents\mindCompass\mindcompass-backend\ai\sentiment\services.py", line 68, in analyze
    em_res = EmotionDetectionService.detect(text)
  File "C:\Users\HP\Documents\mindCompass\mindcompass-backend\ai\emotions\services.py", line 27, in detect
    return cls._rule_based_detect(text)
           ~~~~~~~~~~~~~~~~~~~~~~^^^^^^
  File "C:\Users\HP\Documents\mindCompass\mindcompass-backend\ai\emotions\services.py", line 44, in _rule_based_detect
    sentiment_res = SentimentAnalysisService.analyze(text)
  File "C:\Users\HP\Documents\mindCompass\mindcompass-backend\ai\sentiment\services.py", line 68, in analyze
    em_res = EmotionDetectionService.detect(text)
  File "C:\Users\HP\Documents\mindCompass\mindcompass-backend\ai\emotions\services.py", line 27, in detect
    return cls._rule_based_detect(text)
           ~~~~~~~~~~~~~~~~~~~~~~^^^^^^
  File "C:\Users\HP\Documents\mindCompass\mindcompass-backend\ai\emotions\services.py", line 44, in _rule_based_detect
    sentiment_res = SentimentAnalysisService.analyze(text)
  File "C:\Users\HP\Documents\mindCompass\mindcompass-backend\ai\sentiment\services.py", line 68, in analyze
    em_res = EmotionDetectionService.detect(text)
  File "C:\Users\HP\Documents\mindCompass\mindcompass-backend\ai\emotions\services.py", line 27, in detect
    return cls._rule_based_detect(text)
           ~~~~~~~~~~~~~~~~~~~~~~^^^^^^
  File "C:\Users\HP\Documents\mindCompass\mindcompass-backend\ai\emotions\services.py", line 44, in _rule_based_detect
    sentiment_res = SentimentAnalysisService.analyze(text)
  File "C:\Users\HP\Documents\mindCompass\mindcompass-backend\ai\sentiment\services.py", line 68, in analyze
    em_res = EmotionDetectionService.detect(text)
  File "C:\Users\HP\Documents\mindCompass\mindcompass-backend\ai\emotions\services.py", line 27, in detect
    return cls._rule_based_detect(text)
           ~~~~~~~~~~~~~~~~~~~~~~^^^^^^
  File "C:\Users\HP\Documents\mindCompass\mindcompass-backend\ai\emotions\services.py", line 44, in _rule_based_detect
    sentiment_res = SentimentAnalysisService.analyze(text)
  File "C:\Users\HP\Documents\mindCompass\mindcompass-backend\ai\sentiment\services.py", line 68, in analyze
    em_res = EmotionDetectionService.detect(text)
  File "C:\Users\HP\Documents\mindCompass\mindcompass-backend\ai\emotions\services.py", line 27, in detect
    return cls._rule_based_detect(text)
           ~~~~~~~~~~~~~~~~~~~~~~^^^^^^
  File "C:\Users\HP\Documents\mindCompass\mindcompass-backend\ai\emotions\services.py", line 44, in _rule_based_detect
    sentiment_res = SentimentAnalysisService.analyze(text)
  File "C:\Users\HP\Documents\mindCompass\mindcompass-backend\ai\sentiment\services.py", line 68, in analyze
    em_res = EmotionDetectionService.detect(text)
  File "C:\Users\HP\Documents\mindCompass\mindcompass-backend\ai\emotions\services.py", line 27, in detect
    return cls._rule_based_detect(text)
           ~~~~~~~~~~~~~~~~~~~~~~^^^^^^
  File "C:\Users\HP\Documents\mindCompass\mindcompass-backend\ai\emotions\services.py", line 44, in _rule_based_detect
    sentiment_res = SentimentAnalysisService.analyze(text)
  File "C:\Users\HP\Documents\mindCompass\mindcompass-backend\ai\sentiment\services.py", line 68, in analyze
    em_res = EmotionDetectionService.detect(text)
  File "C:\Users\HP\Documents\mindCompass\mindcompass-backend\ai\emotions\services.py", line 27, in detect
    return cls._rule_based_detect(text)
           ~~~~~~~~~~~~~~~~~~~~~~^^^^^^
  File "C:\Users\HP\Documents\mindCompass\mindcompass-backend\ai\emotions\services.py", line 44, in _rule_based_detect
    sentiment_res = SentimentAnalysisService.analyze(text)
  File "C:\Users\HP\Documents\mindCompass\mindcompass-backend\ai\sentiment\services.py", line 68, in analyze
    em_res = EmotionDetectionService.detect(text)
  File "C:\Users\HP\Documents\mindCompass\mindcompass-backend\ai\emotions\services.py", line 27, in detect
    return cls._rule_based_detect(text)
           ~~~~~~~~~~~~~~~~~~~~~~^^^^^^
  File "C:\Users\HP\Documents\mindCompass\mindcompass-backend\ai\emotions\services.py", line 44, in _rule_based_detect
    sentiment_res = SentimentAnalysisService.analyze(text)
  File "C:\Users\HP\Documents\mindCompass\mindcompass-backend\ai\sentiment\services.py", line 68, in analyze
    em_res = EmotionDetectionService.detect(text)
  File "C:\Users\HP\Documents\mindCompass\mindcompass-backend\ai\emotions\services.py", line 27, in detect
    return cls._rule_based_detect(text)
           ~~~~~~~~~~~~~~~~~~~~~~^^^^^^
  File "C:\Users\HP\Documents\mindCompass\mindcompass-backend\ai\emotions\services.py", line 44, in _rule_based_detect
    sentiment_res = SentimentAnalysisService.analyze(text)
  File "C:\Users\HP\Documents\mindCompass\mindcompass-backend\ai\sentiment\services.py", line 68, in analyze
    em_res = EmotionDetectionService.detect(text)
  File "C:\Users\HP\Documents\mindCompass\mindcompass-backend\ai\emotions\services.py", line 27, in detect
    return cls._rule_based_detect(text)
           ~~~~~~~~~~~~~~~~~~~~~~^^^^^^
  File "C:\Users\HP\Documents\mindCompass\mindcompass-backend\ai\emotions\services.py", line 44, in _rule_based_detect
    sentiment_res = SentimentAnalysisService.analyze(text)
  File "C:\Users\HP\Documents\mindCompass\mindcompass-backend\ai\sentiment\services.py", line 68, in analyze
    em_res = EmotionDetectionService.detect(text)
  File "C:\Users\HP\Documents\mindCompass\mindcompass-backend\ai\emotions\services.py", line 27, in detect
    return cls._rule_based_detect(text)
           ~~~~~~~~~~~~~~~~~~~~~~^^^^^^
  File "C:\Users\HP\Documents\mindCompass\mindcompass-backend\ai\emotions\services.py", line 44, in _rule_based_detect
    sentiment_res = SentimentAnalysisService.analyze(text)
  File "C:\Users\HP\Documents\mindCompass\mindcompass-backend\ai\sentiment\services.py", line 68, in analyze
    em_res = EmotionDetectionService.detect(text)
  File "C:\Users\HP\Documents\mindCompass\mindcompass-backend\ai\emotions\services.py", line 27, in detect
    return cls._rule_based_detect(text)
           ~~~~~~~~~~~~~~~~~~~~~~^^^^^^
  File "C:\Users\HP\Documents\mindCompass\mindcompass-backend\ai\emotions\services.py", line 44, in _rule_based_detect
    sentiment_res = SentimentAnalysisService.analyze(text)
  File "C:\Users\HP\Documents\mindCompass\mindcompass-backend\ai\sentiment\services.py", line 68, in analyze
    em_res = EmotionDetectionService.detect(text)
  File "C:\Users\HP\Documents\mindCompass\mindcompass-backend\ai\emotions\services.py", line 27, in detect
    return cls._rule_based_detect(text)
           ~~~~~~~~~~~~~~~~~~~~~~^^^^^^
  File "C:\Users\HP\Documents\mindCompass\mindcompass-backend\ai\emotions\services.py", line 44, in _rule_based_detect
    sentiment_res = SentimentAnalysisService.analyze(text)
  File "C:\Users\HP\Documents\mindCompass\mindcompass-backend\ai\sentiment\services.py", line 68, in analyze
    em_res = EmotionDetectionService.detect(text)
  File "C:\Users\HP\Documents\mindCompass\mindcompass-backend\ai\emotions\services.py", line 27, in detect
    return cls._rule_based_detect(text)
           ~~~~~~~~~~~~~~~~~~~~~~^^^^^^
  File "C:\Users\HP\Documents\mindCompass\mindcompass-backend\ai\emotions\services.py", line 44, in _rule_based_detect
    sentiment_res = SentimentAnalysisService.analyze(text)
  File "C:\Users\HP\Documents\mindCompass\mindcompass-backend\ai\sentiment\services.py", line 68, in analyze
    em_res = EmotionDetectionService.detect(text)
  File "C:\Users\HP\Documents\mindCompass\mindcompass-backend\ai\emotions\services.py", line 27, in detect
    return cls._rule_based_detect(text)
           ~~~~~~~~~~~~~~~~~~~~~~^^^^^^
  File "C:\Users\HP\Documents\mindCompass\mindcompass-backend\ai\emotions\services.py", line 44, in _rule_based_detect
    sentiment_res = SentimentAnalysisService.analyze(text)
  File "C:\Users\HP\Documents\mindCompass\mindcompass-backend\ai\sentiment\services.py", line 68, in analyze
    em_res = EmotionDetectionService.detect(text)
  File "C:\Users\HP\Documents\mindCompass\mindcompass-backend\ai\emotions\services.py", line 27, in detect
    return cls._rule_based_detect(text)
           ~~~~~~~~~~~~~~~~~~~~~~^^^^^^
  File "C:\Users\HP\Documents\mindCompass\mindcompass-backend\ai\emotions\services.py", line 44, in _rule_based_detect
    sentiment_res = SentimentAnalysisService.analyze(text)
  File "C:\Users\HP\Documents\mindCompass\mindcompass-backend\ai\sentiment\services.py", line 68, in analyze
    em_res = EmotionDetectionService.detect(text)
  File "C:\Users\HP\Documents\mindCompass\mindcompass-backend\ai\emotions\services.py", line 27, in detect
    return cls._rule_based_detect(text)
           ~~~~~~~~~~~~~~~~~~~~~~^^^^^^
  File "C:\Users\HP\Documents\mindCompass\mindcompass-backend\ai\emotions\services.py", line 44, in _rule_based_detect
    sentiment_res = SentimentAnalysisService.analyze(text)
  File "C:\Users\HP\Documents\mindCompass\mindcompass-backend\ai\sentiment\services.py", line 68, in analyze
    em_res = EmotionDetectionService.detect(text)
  File "C:\Users\HP\Documents\mindCompass\mindcompass-backend\ai\emotions\services.py", line 27, in detect
    return cls._rule_based_detect(text)
           ~~~~~~~~~~~~~~~~~~~~~~^^^^^^
  File "C:\Users\HP\Documents\mindCompass\mindcompass-backend\ai\emotions\services.py", line 44, in _rule_based_detect
    sentiment_res = SentimentAnalysisService.analyze(text)
  File "C:\Users\HP\Documents\mindCompass\mindcompass-backend\ai\sentiment\services.py", line 68, in analyze
    em_res = EmotionDetectionService.detect(text)
  File "C:\Users\HP\Documents\mindCompass\mindcompass-backend\ai\emotions\services.py", line 27, in detect
    return cls._rule_based_detect(text)
           ~~~~~~~~~~~~~~~~~~~~~~^^^^^^
  File "C:\Users\HP\Documents\mindCompass\mindcompass-backend\ai\emotions\services.py", line 44, in _rule_based_detect
    sentiment_res = SentimentAnalysisService.analyze(text)
  File "C:\Users\HP\Documents\mindCompass\mindcompass-backend\ai\sentiment\services.py", line 68, in analyze
    em_res = EmotionDetectionService.detect(text)
  File "C:\Users\HP\Documents\mindCompass\mindcompass-backend\ai\emotions\services.py", line 27, in detect
    return cls._rule_based_detect(text)
           ~~~~~~~~~~~~~~~~~~~~~~^^^^^^
  File "C:\Users\HP\Documents\mindCompass\mindcompass-backend\ai\emotions\services.py", line 44, in _rule_based_detect
    sentiment_res = SentimentAnalysisService.analyze(text)
  File "C:\Users\HP\Documents\mindCompass\mindcompass-backend\ai\sentiment\services.py", line 68, in analyze
    em_res = EmotionDetectionService.detect(text)
  File "C:\Users\HP\Documents\mindCompass\mindcompass-backend\ai\emotions\services.py", line 27, in detect
    return cls._rule_based_detect(text)
           ~~~~~~~~~~~~~~~~~~~~~~^^^^^^
  File "C:\Users\HP\Documents\mindCompass\mindcompass-backend\ai\emotions\services.py", line 44, in _rule_based_detect
    sentiment_res = SentimentAnalysisService.analyze(text)
  File "C:\Users\HP\Documents\mindCompass\mindcompass-backend\ai\sentiment\services.py", line 68, in analyze
    em_res = EmotionDetectionService.detect(text)
  File "C:\Users\HP\Documents\mindCompass\mindcompass-backend\ai\emotions\services.py", line 27, in detect
    return cls._rule_based_detect(text)
           ~~~~~~~~~~~~~~~~~~~~~~^^^^^^
  File "C:\Users\HP\Documents\mindCompass\mindcompass-backend\ai\emotions\services.py", line 44, in _rule_based_detect
    sentiment_res = SentimentAnalysisService.analyze(text)
  File "C:\Users\HP\Documents\mindCompass\mindcompass-backend\ai\sentiment\services.py", line 68, in analyze
    em_res = EmotionDetectionService.detect(text)
  File "C:\Users\HP\Documents\mindCompass\mindcompass-backend\ai\emotions\services.py", line 27, in detect
    return cls._rule_based_detect(text)
           ~~~~~~~~~~~~~~~~~~~~~~^^^^^^
  File "C:\Users\HP\Documents\mindCompass\mindcompass-backend\ai\emotions\services.py", line 44, in _rule_based_detect
    sentiment_res = SentimentAnalysisService.analyze(text)
  File "C:\Users\HP\Documents\mindCompass\mindcompass-backend\ai\sentiment\services.py", line 68, in analyze
    em_res = EmotionDetectionService.detect(text)
  File "C:\Users\HP\Documents\mindCompass\mindcompass-backend\ai\emotions\services.py", line 27, in detect
    return cls._rule_based_detect(text)
           ~~~~~~~~~~~~~~~~~~~~~~^^^^^^
  File "C:\Users\HP\Documents\mindCompass\mindcompass-backend\ai\emotions\services.py", line 44, in _rule_based_detect
    sentiment_res = SentimentAnalysisService.analyze(text)
  File "C:\Users\HP\Documents\mindCompass\mindcompass-backend\ai\sentiment\services.py", line 68, in analyze
    em_res = EmotionDetectionService.detect(text)
  File "C:\Users\HP\Documents\mindCompass\mindcompass-backend\ai\emotions\services.py", line 27, in detect
    return cls._rule_based_detect(text)
           ~~~~~~~~~~~~~~~~~~~~~~^^^^^^
  File "C:\Users\HP\Documents\mindCompass\mindcompass-backend\ai\emotions\services.py", line 44, in _rule_based_detect
    sentiment_res = SentimentAnalysisService.analyze(text)
  File "C:\Users\HP\Documents\mindCompass\mindcompass-backend\ai\sentiment\services.py", line 68, in analyze
    em_res = EmotionDetectionService.detect(text)
  File "C:\Users\HP\Documents\mindCompass\mindcompass-backend\ai\emotions\services.py", line 27, in detect
    return cls._rule_based_detect(text)
           ~~~~~~~~~~~~~~~~~~~~~~^^^^^^
  File "C:\Users\HP\Documents\mindCompass\mindcompass-backend\ai\emotions\services.py", line 44, in _rule_based_detect
    sentiment_res = SentimentAnalysisService.analyze(text)
  File "C:\Users\HP\Documents\mindCompass\mindcompass-backend\ai\sentiment\services.py", line 68, in analyze
    em_res = EmotionDetectionService.detect(text)
  File "C:\Users\HP\Documents\mindCompass\mindcompass-backend\ai\emotions\services.py", line 27, in detect
    return cls._rule_based_detect(text)
           ~~~~~~~~~~~~~~~~~~~~~~^^^^^^
  File "C:\Users\HP\Documents\mindCompass\mindcompass-backend\ai\emotions\services.py", line 44, in _rule_based_detect
    sentiment_res = SentimentAnalysisService.analyze(text)
  File "C:\Users\HP\Documents\mindCompass\mindcompass-backend\ai\sentiment\services.py", line 68, in analyze
    em_res = EmotionDetectionService.detect(text)
  File "C:\Users\HP\Documents\mindCompass\mindcompass-backend\ai\emotions\services.py", line 27, in detect
    return cls._rule_based_detect(text)
           ~~~~~~~~~~~~~~~~~~~~~~^^^^^^
  File "C:\Users\HP\Documents\mindCompass\mindcompass-backend\ai\emotions\services.py", line 44, in _rule_based_detect
    sentiment_res = SentimentAnalysisService.analyze(text)
  File "C:\Users\HP\Documents\mindCompass\mindcompass-backend\ai\sentiment\services.py", line 68, in analyze
    em_res = EmotionDetectionService.detect(text)
  File "C:\Users\HP\Documents\mindCompass\mindcompass-backend\ai\emotions\services.py", line 27, in detect
    return cls._rule_based_detect(text)
           ~~~~~~~~~~~~~~~~~~~~~~^^^^^^
  File "C:\Users\HP\Documents\mindCompass\mindcompass-backend\ai\emotions\services.py", line 44, in _rule_based_detect
    sentiment_res = SentimentAnalysisService.analyze(text)
  File "C:\Users\HP\Documents\mindCompass\mindcompass-backend\ai\sentiment\services.py", line 68, in analyze
    em_res = EmotionDetectionService.detect(text)
  File "C:\Users\HP\Documents\mindCompass\mindcompass-backend\ai\emotions\services.py", line 27, in detect
    return cls._rule_based_detect(text)
           ~~~~~~~~~~~~~~~~~~~~~~^^^^^^
  File "C:\Users\HP\Documents\mindCompass\mindcompass-backend\ai\emotions\services.py", line 44, in _rule_based_detect
    sentiment_res = SentimentAnalysisService.analyze(text)
  File "C:\Users\HP\Documents\mindCompass\mindcompass-backend\ai\sentiment\services.py", line 68, in analyze
    em_res = EmotionDetectionService.detect(text)
  File "C:\Users\HP\Documents\mindCompass\mindcompass-backend\ai\emotions\services.py", line 27, in detect
    return cls._rule_based_detect(text)
           ~~~~~~~~~~~~~~~~~~~~~~^^^^^^
  File "C:\Users\HP\Documents\mindCompass\mindcompass-backend\ai\emotions\services.py", line 44, in _rule_based_detect
    sentiment_res = SentimentAnalysisService.analyze(text)
  File "C:\Users\HP\Documents\mindCompass\mindcompass-backend\ai\sentiment\services.py", line 68, in analyze
    em_res = EmotionDetectionService.detect(text)
  File "C:\Users\HP\Documents\mindCompass\mindcompass-backend\ai\emotions\services.py", line 27, in detect
    return cls._rule_based_detect(text)
           ~~~~~~~~~~~~~~~~~~~~~~^^^^^^
  File "C:\Users\HP\Documents\mindCompass\mindcompass-backend\ai\emotions\services.py", line 44, in _rule_based_detect
    sentiment_res = SentimentAnalysisService.analyze(text)
  File "C:\Users\HP\Documents\mindCompass\mindcompass-backend\ai\sentiment\services.py", line 68, in analyze
    em_res = EmotionDetectionService.detect(text)
  File "C:\Users\HP\Documents\mindCompass\mindcompass-backend\ai\emotions\services.py", line 27, in detect
    return cls._rule_based_detect(text)
           ~~~~~~~~~~~~~~~~~~~~~~^^^^^^
  File "C:\Users\HP\Documents\mindCompass\mindcompass-backend\ai\emotions\services.py", line 44, in _rule_based_detect
    sentiment_res = SentimentAnalysisService.analyze(text)
  File "C:\Users\HP\Documents\mindCompass\mindcompass-backend\ai\sentiment\services.py", line 68, in analyze
    em_res = EmotionDetectionService.detect(text)
  File "C:\Users\HP\Documents\mindCompass\mindcompass-backend\ai\emotions\services.py", line 27, in detect
    return cls._rule_based_detect(text)
           ~~~~~~~~~~~~~~~~~~~~~~^^^^^^
  File "C:\Users\HP\Documents\mindCompass\mindcompass-backend\ai\emotions\services.py", line 44, in _rule_based_detect
    sentiment_res = SentimentAnalysisService.analyze(text)
  File "C:\Users\HP\Documents\mindCompass\mindcompass-backend\ai\sentiment\services.py", line 68, in analyze
    em_res = EmotionDetectionService.detect(text)
  File "C:\Users\HP\Documents\mindCompass\mindcompass-backend\ai\emotions\services.py", line 27, in detect
    return cls._rule_based_detect(text)
           ~~~~~~~~~~~~~~~~~~~~~~^^^^^^
  File "C:\Users\HP\Documents\mindCompass\mindcompass-backend\ai\emotions\services.py", line 44, in _rule_based_detect
    sentiment_res = SentimentAnalysisService.analyze(text)
  File "C:\Users\HP\Documents\mindCompass\mindcompass-backend\ai\sentiment\services.py", line 68, in analyze
    em_res = EmotionDetectionService.detect(text)
  File "C:\Users\HP\Documents\mindCompass\mindcompass-backend\ai\emotions\services.py", line 27, in detect
    return cls._rule_based_detect(text)
           ~~~~~~~~~~~~~~~~~~~~~~^^^^^^
  File "C:\Users\HP\Documents\mindCompass\mindcompass-backend\ai\emotions\services.py", line 44, in _rule_based_detect
    sentiment_res = SentimentAnalysisService.analyze(text)
  File "C:\Users\HP\Documents\mindCompass\mindcompass-backend\ai\sentiment\services.py", line 68, in analyze
    em_res = EmotionDetectionService.detect(text)
  File "C:\Users\HP\Documents\mindCompass\mindcompass-backend\ai\emotions\services.py", line 27, in detect
    return cls._rule_based_detect(text)
           ~~~~~~~~~~~~~~~~~~~~~~^^^^^^
  File "C:\Users\HP\Documents\mindCompass\mindcompass-backend\ai\emotions\services.py", line 44, in _rule_based_detect
    sentiment_res = SentimentAnalysisService.analyze(text)
  File "C:\Users\HP\Documents\mindCompass\mindcompass-backend\ai\sentiment\services.py", line 68, in analyze
    em_res = EmotionDetectionService.detect(text)
  File "C:\Users\HP\Documents\mindCompass\mindcompass-backend\ai\emotions\services.py", line 27, in detect
    return cls._rule_based_detect(text)
           ~~~~~~~~~~~~~~~~~~~~~~^^^^^^
  File "C:\Users\HP\Documents\mindCompass\mindcompass-backend\ai\emotions\services.py", line 44, in _rule_based_detect
    sentiment_res = SentimentAnalysisService.analyze(text)
  File "C:\Users\HP\Documents\mindCompass\mindcompass-backend\ai\sentiment\services.py", line 68, in analyze
    em_res = EmotionDetectionService.detect(text)
  File "C:\Users\HP\Documents\mindCompass\mindcompass-backend\ai\emotions\services.py", line 27, in detect
    return cls._rule_based_detect(text)
           ~~~~~~~~~~~~~~~~~~~~~~^^^^^^
  File "C:\Users\HP\Documents\mindCompass\mindcompass-backend\ai\emotions\services.py", line 44, in _rule_based_detect
    sentiment_res = SentimentAnalysisService.analyze(text)
  File "C:\Users\HP\Documents\mindCompass\mindcompass-backend\ai\sentiment\services.py", line 68, in analyze
    em_res = EmotionDetectionService.detect(text)
  File "C:\Users\HP\Documents\mindCompass\mindcompass-backend\ai\emotions\services.py", line 27, in detect
    return cls._rule_based_detect(text)
           ~~~~~~~~~~~~~~~~~~~~~~^^^^^^
  File "C:\Users\HP\Documents\mindCompass\mindcompass-backend\ai\emotions\services.py", line 44, in _rule_based_detect
    sentiment_res = SentimentAnalysisService.analyze(text)
  File "C:\Users\HP\Documents\mindCompass\mindcompass-backend\ai\sentiment\services.py", line 68, in analyze
    em_res = EmotionDetectionService.detect(text)
  File "C:\Users\HP\Documents\mindCompass\mindcompass-backend\ai\emotions\services.py", line 27, in detect
    return cls._rule_based_detect(text)
           ~~~~~~~~~~~~~~~~~~~~~~^^^^^^
  File "C:\Users\HP\Documents\mindCompass\mindcompass-backend\ai\emotions\services.py", line 44, in _rule_based_detect
    sentiment_res = SentimentAnalysisService.analyze(text)
  File "C:\Users\HP\Documents\mindCompass\mindcompass-backend\ai\sentiment\services.py", line 68, in analyze
    em_res = EmotionDetectionService.detect(text)
  File "C:\Users\HP\Documents\mindCompass\mindcompass-backend\ai\emotions\services.py", line 27, in detect
    return cls._rule_based_detect(text)
           ~~~~~~~~~~~~~~~~~~~~~~^^^^^^
  File "C:\Users\HP\Documents\mindCompass\mindcompass-backend\ai\emotions\services.py", line 44, in _rule_based_detect
    sentiment_res = SentimentAnalysisService.analyze(text)
  File "C:\Users\HP\Documents\mindCompass\mindcompass-backend\ai\sentiment\services.py", line 68, in analyze
    em_res = EmotionDetectionService.detect(text)
  File "C:\Users\HP\Documents\mindCompass\mindcompass-backend\ai\emotions\services.py", line 27, in detect
    return cls._rule_based_detect(text)
           ~~~~~~~~~~~~~~~~~~~~~~^^^^^^
  File "C:\Users\HP\Documents\mindCompass\mindcompass-backend\ai\emotions\services.py", line 44, in _rule_based_detect
    sentiment_res = SentimentAnalysisService.analyze(text)
  File "C:\Users\HP\Documents\mindCompass\mindcompass-backend\ai\sentiment\services.py", line 68, in analyze
    em_res = EmotionDetectionService.detect(text)
  File "C:\Users\HP\Documents\mindCompass\mindcompass-backend\ai\emotions\services.py", line 27, in detect
    return cls._rule_based_detect(text)
           ~~~~~~~~~~~~~~~~~~~~~~^^^^^^
  File "C:\Users\HP\Documents\mindCompass\mindcompass-backend\ai\emotions\services.py", line 44, in _rule_based_detect
    sentiment_res = SentimentAnalysisService.analyze(text)
  File "C:\Users\HP\Documents\mindCompass\mindcompass-backend\ai\sentiment\services.py", line 68, in analyze
    em_res = EmotionDetectionService.detect(text)
  File "C:\Users\HP\Documents\mindCompass\mindcompass-backend\ai\emotions\services.py", line 27, in detect
    return cls._rule_based_detect(text)
           ~~~~~~~~~~~~~~~~~~~~~~^^^^^^
  File "C:\Users\HP\Documents\mindCompass\mindcompass-backend\ai\emotions\services.py", line 44, in _rule_based_detect
    sentiment_res = SentimentAnalysisService.analyze(text)
  File "C:\Users\HP\Documents\mindCompass\mindcompass-backend\ai\sentiment\services.py", line 68, in analyze
    em_res = EmotionDetectionService.detect(text)
  File "C:\Users\HP\Documents\mindCompass\mindcompass-backend\ai\emotions\services.py", line 27, in detect
    return cls._rule_based_detect(text)
           ~~~~~~~~~~~~~~~~~~~~~~^^^^^^
  File "C:\Users\HP\Documents\mindCompass\mindcompass-backend\ai\emotions\services.py", line 44, in _rule_based_detect
    sentiment_res = SentimentAnalysisService.analyze(text)
  File "C:\Users\HP\Documents\mindCompass\mindcompass-backend\ai\sentiment\services.py", line 68, in analyze
    em_res = EmotionDetectionService.detect(text)
  File "C:\Users\HP\Documents\mindCompass\mindcompass-backend\ai\emotions\services.py", line 27, in detect
    return cls._rule_based_detect(text)
           ~~~~~~~~~~~~~~~~~~~~~~^^^^^^
  File "C:\Users\HP\Documents\mindCompass\mindcompass-backend\ai\emotions\services.py", line 44, in _rule_based_detect
    sentiment_res = SentimentAnalysisService.analyze(text)
  File "C:\Users\HP\Documents\mindCompass\mindcompass-backend\ai\sentiment\services.py", line 68, in analyze
    em_res = EmotionDetectionService.detect(text)
  File "C:\Users\HP\Documents\mindCompass\mindcompass-backend\ai\emotions\services.py", line 27, in detect
    return cls._rule_based_detect(text)
           ~~~~~~~~~~~~~~~~~~~~~~^^^^^^
  File "C:\Users\HP\Documents\mindCompass\mindcompass-backend\ai\emotions\services.py", line 44, in _rule_based_detect
    sentiment_res = SentimentAnalysisService.analyze(text)
  File "C:\Users\HP\Documents\mindCompass\mindcompass-backend\ai\sentiment\services.py", line 68, in analyze
    em_res = EmotionDetectionService.detect(text)
  File "C:\Users\HP\Documents\mindCompass\mindcompass-backend\ai\emotions\services.py", line 27, in detect
    return cls._rule_based_detect(text)
           ~~~~~~~~~~~~~~~~~~~~~~^^^^^^
  File "C:\Users\HP\Documents\mindCompass\mindcompass-backend\ai\emotions\services.py", line 44, in _rule_based_detect
    sentiment_res = SentimentAnalysisService.analyze(text)
  File "C:\Users\HP\Documents\mindCompass\mindcompass-backend\ai\sentiment\services.py", line 68, in analyze
    em_res = EmotionDetectionService.detect(text)
  File "C:\Users\HP\Documents\mindCompass\mindcompass-backend\ai\emotions\services.py", line 27, in detect
    return cls._rule_based_detect(text)
           ~~~~~~~~~~~~~~~~~~~~~~^^^^^^
  File "C:\Users\HP\Documents\mindCompass\mindcompass-backend\ai\emotions\services.py", line 44, in _rule_based_detect
    sentiment_res = SentimentAnalysisService.analyze(text)
  File "C:\Users\HP\Documents\mindCompass\mindcompass-backend\ai\sentiment\services.py", line 68, in analyze
    em_res = EmotionDetectionService.detect(text)
  File "C:\Users\HP\Documents\mindCompass\mindcompass-backend\ai\emotions\services.py", line 27, in detect
    return cls._rule_based_detect(text)
           ~~~~~~~~~~~~~~~~~~~~~~^^^^^^
  File "C:\Users\HP\Documents\mindCompass\mindcompass-backend\ai\emotions\services.py", line 44, in _rule_based_detect
    sentiment_res = SentimentAnalysisService.analyze(text)
  File "C:\Users\HP\Documents\mindCompass\mindcompass-backend\ai\sentiment\services.py", line 68, in analyze
    em_res = EmotionDetectionService.detect(text)
  File "C:\Users\HP\Documents\mindCompass\mindcompass-backend\ai\emotions\services.py", line 27, in detect
    return cls._rule_based_detect(text)
           ~~~~~~~~~~~~~~~~~~~~~~^^^^^^
  File "C:\Users\HP\Documents\mindCompass\mindcompass-backend\ai\emotions\services.py", line 44, in _rule_based_detect
    sentiment_res = SentimentAnalysisService.analyze(text)
  File "C:\Users\HP\Documents\mindCompass\mindcompass-backend\ai\sentiment\services.py", line 68, in analyze
    em_res = EmotionDetectionService.detect(text)
  File "C:\Users\HP\Documents\mindCompass\mindcompass-backend\ai\emotions\services.py", line 27, in detect
    return cls._rule_based_detect(text)
           ~~~~~~~~~~~~~~~~~~~~~~^^^^^^
  File "C:\Users\HP\Documents\mindCompass\mindcompass-backend\ai\emotions\services.py", line 44, in _rule_based_detect
    sentiment_res = SentimentAnalysisService.analyze(text)
  File "C:\Users\HP\Documents\mindCompass\mindcompass-backend\ai\sentiment\services.py", line 68, in analyze
    em_res = EmotionDetectionService.detect(text)
  File "C:\Users\HP\Documents\mindCompass\mindcompass-backend\ai\emotions\services.py", line 27, in detect
    return cls._rule_based_detect(text)
           ~~~~~~~~~~~~~~~~~~~~~~^^^^^^
  File "C:\Users\HP\Documents\mindCompass\mindcompass-backend\ai\emotions\services.py", line 44, in _rule_based_detect
    sentiment_res = SentimentAnalysisService.analyze(text)
  File "C:\Users\HP\Documents\mindCompass\mindcompass-backend\ai\sentiment\services.py", line 68, in analyze
    em_res = EmotionDetectionService.detect(text)
  File "C:\Users\HP\Documents\mindCompass\mindcompass-backend\ai\emotions\services.py", line 27, in detect
    return cls._rule_based_detect(text)
           ~~~~~~~~~~~~~~~~~~~~~~^^^^^^
  File "C:\Users\HP\Documents\mindCompass\mindcompass-backend\ai\emotions\services.py", line 44, in _rule_based_detect
    sentiment_res = SentimentAnalysisService.analyze(text)
  File "C:\Users\HP\Documents\mindCompass\mindcompass-backend\ai\sentiment\services.py", line 68, in analyze
    em_res = EmotionDetectionService.detect(text)
  File "C:\Users\HP\Documents\mindCompass\mindcompass-backend\ai\emotions\services.py", line 27, in detect
    return cls._rule_based_detect(text)
           ~~~~~~~~~~~~~~~~~~~~~~^^^^^^
  File "C:\Users\HP\Documents\mindCompass\mindcompass-backend\ai\emotions\services.py", line 44, in _rule_based_detect
    sentiment_res = SentimentAnalysisService.analyze(text)
  File "C:\Users\HP\Documents\mindCompass\mindcompass-backend\ai\sentiment\services.py", line 68, in analyze
    em_res = EmotionDetectionService.detect(text)
  File "C:\Users\HP\Documents\mindCompass\mindcompass-backend\ai\emotions\services.py", line 27, in detect
    return cls._rule_based_detect(text)
           ~~~~~~~~~~~~~~~~~~~~~~^^^^^^
  File "C:\Users\HP\Documents\mindCompass\mindcompass-backend\ai\emotions\services.py", line 44, in _rule_based_detect
    sentiment_res = SentimentAnalysisService.analyze(text)
  File "C:\Users\HP\Documents\mindCompass\mindcompass-backend\ai\sentiment\services.py", line 68, in analyze
    em_res = EmotionDetectionService.detect(text)
  File "C:\Users\HP\Documents\mindCompass\mindcompass-backend\ai\emotions\services.py", line 27, in detect
    return cls._rule_based_detect(text)
           ~~~~~~~~~~~~~~~~~~~~~~^^^^^^
  File "C:\Users\HP\Documents\mindCompass\mindcompass-backend\ai\emotions\services.py", line 44, in _rule_based_detect
    sentiment_res = SentimentAnalysisService.analyze(text)
  File "C:\Users\HP\Documents\mindCompass\mindcompass-backend\ai\sentiment\services.py", line 68, in analyze
    em_res = EmotionDetectionService.detect(text)
  File "C:\Users\HP\Documents\mindCompass\mindcompass-backend\ai\emotions\services.py", line 27, in detect
    return cls._rule_based_detect(text)
           ~~~~~~~~~~~~~~~~~~~~~~^^^^^^
  File "C:\Users\HP\Documents\mindCompass\mindcompass-backend\ai\emotions\services.py", line 44, in _rule_based_detect
    sentiment_res = SentimentAnalysisService.analyze(text)
  File "C:\Users\HP\Documents\mindCompass\mindcompass-backend\ai\sentiment\services.py", line 68, in analyze
    em_res = EmotionDetectionService.detect(text)
  File "C:\Users\HP\Documents\mindCompass\mindcompass-backend\ai\emotions\services.py", line 27, in detect
    return cls._rule_based_detect(text)
           ~~~~~~~~~~~~~~~~~~~~~~^^^^^^
  File "C:\Users\HP\Documents\mindCompass\mindcompass-backend\ai\emotions\services.py", line 44, in _rule_based_detect
    sentiment_res = SentimentAnalysisService.analyze(text)
  File "C:\Users\HP\Documents\mindCompass\mindcompass-backend\ai\sentiment\services.py", line 68, in analyze
    em_res = EmotionDetectionService.detect(text)
  File "C:\Users\HP\Documents\mindCompass\mindcompass-backend\ai\emotions\services.py", line 27, in detect
    return cls._rule_based_detect(text)
           ~~~~~~~~~~~~~~~~~~~~~~^^^^^^
  File "C:\Users\HP\Documents\mindCompass\mindcompass-backend\ai\emotions\services.py", line 44, in _rule_based_detect
    sentiment_res = SentimentAnalysisService.analyze(text)
  File "C:\Users\HP\Documents\mindCompass\mindcompass-backend\ai\sentiment\services.py", line 68, in analyze
    em_res = EmotionDetectionService.detect(text)
  File "C:\Users\HP\Documents\mindCompass\mindcompass-backend\ai\emotions\services.py", line 27, in detect
    return cls._rule_based_detect(text)
           ~~~~~~~~~~~~~~~~~~~~~~^^^^^^
  File "C:\Users\HP\Documents\mindCompass\mindcompass-backend\ai\emotions\services.py", line 44, in _rule_based_detect
    sentiment_res = SentimentAnalysisService.analyze(text)
  File "C:\Users\HP\Documents\mindCompass\mindcompass-backend\ai\sentiment\services.py", line 68, in analyze
    em_res = EmotionDetectionService.detect(text)
  File "C:\Users\HP\Documents\mindCompass\mindcompass-backend\ai\emotions\services.py", line 27, in detect
    return cls._rule_based_detect(text)
           ~~~~~~~~~~~~~~~~~~~~~~^^^^^^
  File "C:\Users\HP\Documents\mindCompass\mindcompass-backend\ai\emotions\services.py", line 44, in _rule_based_detect
    sentiment_res = SentimentAnalysisService.analyze(text)
  File "C:\Users\HP\Documents\mindCompass\mindcompass-backend\ai\sentiment\services.py", line 68, in analyze
    em_res = EmotionDetectionService.detect(text)
  File "C:\Users\HP\Documents\mindCompass\mindcompass-backend\ai\emotions\services.py", line 27, in detect
    return cls._rule_based_detect(text)
           ~~~~~~~~~~~~~~~~~~~~~~^^^^^^
  File "C:\Users\HP\Documents\mindCompass\mindcompass-backend\ai\emotions\services.py", line 44, in _rule_based_detect
    sentiment_res = SentimentAnalysisService.analyze(text)
  File "C:\Users\HP\Documents\mindCompass\mindcompass-backend\ai\sentiment\services.py", line 68, in analyze
    em_res = EmotionDetectionService.detect(text)
  File "C:\Users\HP\Documents\mindCompass\mindcompass-backend\ai\emotions\services.py", line 27, in detect
    return cls._rule_based_detect(text)
           ~~~~~~~~~~~~~~~~~~~~~~^^^^^^
  File "C:\Users\HP\Documents\mindCompass\mindcompass-backend\ai\emotions\services.py", line 44, in _rule_based_detect
    sentiment_res = SentimentAnalysisService.analyze(text)
  File "C:\Users\HP\Documents\mindCompass\mindcompass-backend\ai\sentiment\services.py", line 68, in analyze
    em_res = EmotionDetectionService.detect(text)
  File "C:\Users\HP\Documents\mindCompass\mindcompass-backend\ai\emotions\services.py", line 27, in detect
    return cls._rule_based_detect(text)
           ~~~~~~~~~~~~~~~~~~~~~~^^^^^^
  File "C:\Users\HP\Documents\mindCompass\mindcompass-backend\ai\emotions\services.py", line 44, in _rule_based_detect
    sentiment_res = SentimentAnalysisService.analyze(text)
  File "C:\Users\HP\Documents\mindCompass\mindcompass-backend\ai\sentiment\services.py", line 68, in analyze
    em_res = EmotionDetectionService.detect(text)
  File "C:\Users\HP\Documents\mindCompass\mindcompass-backend\ai\emotions\services.py", line 27, in detect
    return cls._rule_based_detect(text)
           ~~~~~~~~~~~~~~~~~~~~~~^^^^^^
  File "C:\Users\HP\Documents\mindCompass\mindcompass-backend\ai\emotions\services.py", line 39, in _rule_based_detect
    preprocess_res = preprocess_text(text)
  File "C:\Users\HP\Documents\mindCompass\mindcompass-backend\ai\utils\preprocessing.py", line 41, in preprocess_text
    raw_tokens = word_tokenize(cleaned_spaces)
  File "C:\Users\HP\AppData\Roaming\Python\Python314\site-packages\nltk\tokenize\__init__.py", line 142, in word_tokenize
    sentences = [text] if preserve_line else sent_tokenize(text, language)
                                             ~~~~~~~~~~~~~^^^^^^^^^^^^^^^^
  File "C:\Users\HP\AppData\Roaming\Python\Python314\site-packages\nltk\tokenize\__init__.py", line 120, in sent_tokenize
    return tokenizer.tokenize(text)
           ~~~~~~~~~~~~~~~~~~^^^^^^
  File "C:\Users\HP\AppData\Roaming\Python\Python314\site-packages\nltk\tokenize\punkt.py", line 1280, in tokenize
    return list(self.sentences_from_text(text, realign_boundaries))
                ~~~~~~~~~~~~~~~~~~~~~~~~^^^^^^^^^^^^^^^^^^^^^^^^^^
  File "C:\Users\HP\AppData\Roaming\Python\Python314\site-packages\nltk\tokenize\punkt.py", line 1340, in sentences_from_text
    return [text[s:e] for s, e in self.span_tokenize(text, realign_boundaries)]
                                  ~~~~~~~~~~~~~~~~~~^^^^^^^^^^^^^^^^^^^^^^^^^^
  File "C:\Users\HP\AppData\Roaming\Python\Python314\site-packages\nltk\tokenize\punkt.py", line 1328, in span_tokenize
    for sentence in slices:
                    ^^^^^^
  File "C:\Users\HP\AppData\Roaming\Python\Python314\site-packages\nltk\tokenize\punkt.py", line 1457, in _realign_boundaries
    for sentence1, sentence2 in _pair_iter(slices):
                                ~~~~~~~~~~^^^^^^^^
  File "C:\Users\HP\AppData\Roaming\Python\Python314\site-packages\nltk\tokenize\punkt.py", line 321, in _pair_iter
    prev = next(iterator)
  File "C:\Users\HP\AppData\Roaming\Python\Python314\site-packages\nltk\tokenize\punkt.py", line 1429, in _slices_from_text
    for match, context in self._match_potential_end_contexts(text):
                          ~~~~~~~~~~~~~~~~~~~~~~~~~~~~~~~~~~^^^^^^
  File "C:\Users\HP\AppData\Roaming\Python\Python314\site-packages\nltk\tokenize\punkt.py", line 1394, in _match_potential_end_contexts
    for match in self._lang_vars.period_context_re().finditer(text):
                 ~~~~~~~~~~~~~~~~~~~~~~~~~~~~~~~~~^^
RecursionError: maximum recursion depth exceeded
WARNING 2026-07-31 23:07:55,184 log 28196 31964 Unauthorized: /api/ai/sentiment/
WARNING 2026-07-31 23:07:55,186 log 28196 31964 Unauthorized: /api/ai/emotion/
WARNING 2026-07-31 23:07:55,186 log 28196 31964 Unauthorized: /api/ai/keywords/
WARNING 2026-07-31 23:07:55,187 log 28196 31964 Unauthorized: /api/ai/prediction/
WARNING 2026-07-31 23:07:55,187 log 28196 31964 Unauthorized: /api/ai/insights/
WARNING 2026-07-31 23:07:55,722 log 28196 31964 Bad Request: /api/assessment/
INFO 2026-07-31 23:07:57,346 utils 28196 31964 [SECURITY EVENT] Type: EMAIL_VERIFICATION_SENT | User ID: edc53acf-b8b5-44ac-9e1e-86794695ccec | Details: Verification code generated.
INFO 2026-07-31 23:07:57,878 utils 28196 31964 [SECURITY EVENT] Type: EMAIL_VERIFICATION_SENT | User ID: f29aa9f7-8490-42d4-874c-f27d2e8dee77 | Details: Verification code generated.
INFO 2026-07-31 23:07:57,881 utils 28196 31964 [SECURITY EVENT] Type: EMAIL_VERIFICATION_SUCCESS | User ID: f29aa9f7-8490-42d4-874c-f27d2e8dee77 | Details: Verified email: verifyuser@example.com
INFO 2026-07-31 23:07:58,472 utils 28196 31964 [SECURITY EVENT] Type: GOOGLE_AUTH_FAILURE | User ID: ANONYMOUS | Details: Token verification failed: Wrong number of segments in token: b'real_unverified_token'
INFO 2026-07-31 23:07:58,477 utils 28196 31964 [SECURITY EVENT] Type: USER_REGISTRATION_GOOGLE | User ID: 2d12043d-8ca6-4495-8c6c-ba3fa7dca858 | Details: Registered via Google OAuth: googletest (googletest@example.com)
INFO 2026-07-31 23:07:58,480 utils 28196 31964 [SECURITY EVENT] Type: LOGIN_SUCCESS_GOOGLE | User ID: 2d12043d-8ca6-4495-8c6c-ba3fa7dca858 | Details: Logged in user googletest via Google OAuth.
INFO 2026-07-31 23:07:59,555 utils 28196 31964 [SECURITY EVENT] Type: LOGIN_FAILURE_INACTIVE | User ID: aee799f1-5884-4d5a-9dda-36c8976e869c | Details: Attempted login on inactive account: loginuser
INFO 2026-07-31 23:08:00,629 utils 28196 31964 [SECURITY EVENT] Type: LOGIN_FAILURE | User ID: 419f3e73-27e1-453c-a06b-dfda5bf15169 | Details: Incorrect password attempt for user: loginuser
INFO 2026-07-31 23:08:01,714 utils 28196 31964 [SECURITY EVENT] Type: LOGIN_SUCCESS | User ID: f75d2521-476d-48c5-b94a-be3eb1dd07c2 | Details: User loginuser logged in successfully.
INFO 2026-07-31 23:08:02,780 utils 28196 31964 [SECURITY EVENT] Type: LOGIN_SUCCESS | User ID: 1907c61c-089d-4e4f-8974-0f5440d8b184 | Details: User loginuser logged in successfully.
INFO 2026-07-31 23:08:03,335 utils 28196 31964 [SECURITY EVENT] Type: PASSWORD_RESET_REQUESTED | User ID: b1a9c277-187d-4089-baa1-38d1fd7b38c9 | Details: Issued password reset token.
INFO 2026-07-31 23:08:03,903 utils 28196 31964 [SECURITY EVENT] Type: PASSWORD_RESET_REQUESTED | User ID: ad38c185-ba74-4b0b-9d35-948ecac74f8b | Details: Issued password reset token.
INFO 2026-07-31 23:08:04,463 utils 28196 31964 [SECURITY EVENT] Type: PASSWORD_RESET_REQUESTED | User ID: bbde5737-8c1f-4930-9f43-3b6e13240279 | Details: Issued password reset token.
INFO 2026-07-31 23:08:05,021 utils 28196 31964 [SECURITY EVENT] Type: PASSWORD_RESET_SUCCESS | User ID: bbde5737-8c1f-4930-9f43-3b6e13240279 | Details: Password successfully reset via token.
INFO 2026-07-31 23:08:05,599 utils 28196 31964 [SECURITY EVENT] Type: LOGIN_SUCCESS | User ID: bbde5737-8c1f-4930-9f43-3b6e13240279 | Details: User resetuser logged in successfully.
INFO 2026-07-31 23:08:06,202 utils 28196 31964 [SECURITY EVENT] Type: USER_REGISTRATION | User ID: 77acf887-941e-491c-b305-2871938cc7b0 | Details: Registered: valid_user1 | Email: validemail@example.com
INFO 2026-07-31 23:08:06,204 utils 28196 31964 [SECURITY EVENT] Type: EMAIL_VERIFICATION_SENT | User ID: 77acf887-941e-491c-b305-2871938cc7b0 | Details: Verification code generated.
WARNING 2026-07-31 23:08:07,356 log 28196 31964 Bad Request: /api/mood/
ERROR 2026-07-31 23:08:07,529 log 28196 31964 Internal Server Error: /api/journal/
Traceback (most recent call last):
  File "C:\Users\HP\AppData\Roaming\Python\Python314\site-packages\django\core\handlers\exception.py", line 55, in inner
    response = get_response(request)
  File "C:\Users\HP\AppData\Roaming\Python\Python314\site-packages\django\core\handlers\base.py", line 198, in _get_response
    response = wrapped_callback(request, *callback_args, **callback_kwargs)
  File "C:\Users\HP\AppData\Roaming\Python\Python314\site-packages\django\views\decorators\csrf.py", line 65, in _view_wrapper
    return view_func(request, *args, **kwargs)
  File "C:\Users\HP\AppData\Roaming\Python\Python314\site-packages\django\views\generic\base.py", line 106, in view
    return self.dispatch(request, *args, **kwargs)
           ~~~~~~~~~~~~~^^^^^^^^^^^^^^^^^^^^^^^^^^
  File "C:\Users\HP\AppData\Roaming\Python\Python314\site-packages\rest_framework\views.py", line 515, in dispatch
    response = self.handle_exception(exc)
  File "C:\Users\HP\AppData\Roaming\Python\Python314\site-packages\rest_framework\views.py", line 475, in handle_exception
    self.raise_uncaught_exception(exc)
    ~~~~~~~~~~~~~~~~~~~~~~~~~~~~~^^^^^
  File "C:\Users\HP\AppData\Roaming\Python\Python314\site-packages\rest_framework\views.py", line 486, in raise_uncaught_exception
    raise exc
  File "C:\Users\HP\AppData\Roaming\Python\Python314\site-packages\rest_framework\views.py", line 512, in dispatch
    response = handler(request, *args, **kwargs)
  File "C:\Users\HP\Documents\mindCompass\mindcompass-backend\journal\views.py", line 23, in post
    entry = JournalService.create_entry(request.user, text, is_voice)
  File "C:\Users\HP\Documents\mindCompass\mindcompass-backend\journal\services.py", line 68, in create_entry
    cls._run_nlp_pipeline(entry)
    ~~~~~~~~~~~~~~~~~~~~~^^^^^^^
  File "C:\Users\HP\Documents\mindCompass\mindcompass-backend\journal\services.py", line 30, in _run_nlp_pipeline
    sent_res = SentimentAnalysisService.analyze(text)
  File "C:\Users\HP\Documents\mindCompass\mindcompass-backend\ai\sentiment\services.py", line 68, in analyze
    em_res = EmotionDetectionService.detect(text)
  File "C:\Users\HP\Documents\mindCompass\mindcompass-backend\ai\emotions\services.py", line 27, in detect
    return cls._rule_based_detect(text)
           ~~~~~~~~~~~~~~~~~~~~~~^^^^^^
  File "C:\Users\HP\Documents\mindCompass\mindcompass-backend\ai\emotions\services.py", line 44, in _rule_based_detect
    sentiment_res = SentimentAnalysisService.analyze(text)
  File "C:\Users\HP\Documents\mindCompass\mindcompass-backend\ai\sentiment\services.py", line 68, in analyze
    em_res = EmotionDetectionService.detect(text)
  File "C:\Users\HP\Documents\mindCompass\mindcompass-backend\ai\emotions\services.py", line 27, in detect
    return cls._rule_based_detect(text)
           ~~~~~~~~~~~~~~~~~~~~~~^^^^^^
  File "C:\Users\HP\Documents\mindCompass\mindcompass-backend\ai\emotions\services.py", line 44, in _rule_based_detect
    sentiment_res = SentimentAnalysisService.analyze(text)
  File "C:\Users\HP\Documents\mindCompass\mindcompass-backend\ai\sentiment\services.py", line 68, in analyze
    em_res = EmotionDetectionService.detect(text)
  File "C:\Users\HP\Documents\mindCompass\mindcompass-backend\ai\emotions\services.py", line 27, in detect
    return cls._rule_based_detect(text)
           ~~~~~~~~~~~~~~~~~~~~~~^^^^^^
  File "C:\Users\HP\Documents\mindCompass\mindcompass-backend\ai\emotions\services.py", line 44, in _rule_based_detect
    sentiment_res = SentimentAnalysisService.analyze(text)
  File "C:\Users\HP\Documents\mindCompass\mindcompass-backend\ai\sentiment\services.py", line 68, in analyze
    em_res = EmotionDetectionService.detect(text)
  File "C:\Users\HP\Documents\mindCompass\mindcompass-backend\ai\emotions\services.py", line 27, in detect
    return cls._rule_based_detect(text)
           ~~~~~~~~~~~~~~~~~~~~~~^^^^^^
  File "C:\Users\HP\Documents\mindCompass\mindcompass-backend\ai\emotions\services.py", line 44, in _rule_based_detect
    sentiment_res = SentimentAnalysisService.analyze(text)
  File "C:\Users\HP\Documents\mindCompass\mindcompass-backend\ai\sentiment\services.py", line 68, in analyze
    em_res = EmotionDetectionService.detect(text)
  File "C:\Users\HP\Documents\mindCompass\mindcompass-backend\ai\emotions\services.py", line 27, in detect
    return cls._rule_based_detect(text)
           ~~~~~~~~~~~~~~~~~~~~~~^^^^^^
  File "C:\Users\HP\Documents\mindCompass\mindcompass-backend\ai\emotions\services.py", line 44, in _rule_based_detect
    sentiment_res = SentimentAnalysisService.analyze(text)
  File "C:\Users\HP\Documents\mindCompass\mindcompass-backend\ai\sentiment\services.py", line 68, in analyze
    em_res = EmotionDetectionService.detect(text)
  File "C:\Users\HP\Documents\mindCompass\mindcompass-backend\ai\emotions\services.py", line 27, in detect
    return cls._rule_based_detect(text)
           ~~~~~~~~~~~~~~~~~~~~~~^^^^^^
  File "C:\Users\HP\Documents\mindCompass\mindcompass-backend\ai\emotions\services.py", line 44, in _rule_based_detect
    sentiment_res = SentimentAnalysisService.analyze(text)
  File "C:\Users\HP\Documents\mindCompass\mindcompass-backend\ai\sentiment\services.py", line 68, in analyze
    em_res = EmotionDetectionService.detect(text)
  File "C:\Users\HP\Documents\mindCompass\mindcompass-backend\ai\emotions\services.py", line 27, in detect
    return cls._rule_based_detect(text)
           ~~~~~~~~~~~~~~~~~~~~~~^^^^^^
  File "C:\Users\HP\Documents\mindCompass\mindcompass-backend\ai\emotions\services.py", line 44, in _rule_based_detect
    sentiment_res = SentimentAnalysisService.analyze(text)
  File "C:\Users\HP\Documents\mindCompass\mindcompass-backend\ai\sentiment\services.py", line 68, in analyze
    em_res = EmotionDetectionService.detect(text)
  File "C:\Users\HP\Documents\mindCompass\mindcompass-backend\ai\emotions\services.py", line 27, in detect
    return cls._rule_based_detect(text)
           ~~~~~~~~~~~~~~~~~~~~~~^^^^^^
  File "C:\Users\HP\Documents\mindCompass\mindcompass-backend\ai\emotions\services.py", line 44, in _rule_based_detect
    sentiment_res = SentimentAnalysisService.analyze(text)
  File "C:\Users\HP\Documents\mindCompass\mindcompass-backend\ai\sentiment\services.py", line 68, in analyze
    em_res = EmotionDetectionService.detect(text)
  File "C:\Users\HP\Documents\mindCompass\mindcompass-backend\ai\emotions\services.py", line 27, in detect
    return cls._rule_based_detect(text)
           ~~~~~~~~~~~~~~~~~~~~~~^^^^^^
  File "C:\Users\HP\Documents\mindCompass\mindcompass-backend\ai\emotions\services.py", line 44, in _rule_based_detect
    sentiment_res = SentimentAnalysisService.analyze(text)
  File "C:\Users\HP\Documents\mindCompass\mindcompass-backend\ai\sentiment\services.py", line 68, in analyze
    em_res = EmotionDetectionService.detect(text)
  File "C:\Users\HP\Documents\mindCompass\mindcompass-backend\ai\emotions\services.py", line 27, in detect
    return cls._rule_based_detect(text)
           ~~~~~~~~~~~~~~~~~~~~~~^^^^^^
  File "C:\Users\HP\Documents\mindCompass\mindcompass-backend\ai\emotions\services.py", line 44, in _rule_based_detect
    sentiment_res = SentimentAnalysisService.analyze(text)
  File "C:\Users\HP\Documents\mindCompass\mindcompass-backend\ai\sentiment\services.py", line 68, in analyze
    em_res = EmotionDetectionService.detect(text)
  File "C:\Users\HP\Documents\mindCompass\mindcompass-backend\ai\emotions\services.py", line 27, in detect
    return cls._rule_based_detect(text)
           ~~~~~~~~~~~~~~~~~~~~~~^^^^^^
  File "C:\Users\HP\Documents\mindCompass\mindcompass-backend\ai\emotions\services.py", line 44, in _rule_based_detect
    sentiment_res = SentimentAnalysisService.analyze(text)
  File "C:\Users\HP\Documents\mindCompass\mindcompass-backend\ai\sentiment\services.py", line 68, in analyze
    em_res = EmotionDetectionService.detect(text)
  File "C:\Users\HP\Documents\mindCompass\mindcompass-backend\ai\emotions\services.py", line 27, in detect
    return cls._rule_based_detect(text)
           ~~~~~~~~~~~~~~~~~~~~~~^^^^^^
  File "C:\Users\HP\Documents\mindCompass\mindcompass-backend\ai\emotions\services.py", line 44, in _rule_based_detect
    sentiment_res = SentimentAnalysisService.analyze(text)
  File "C:\Users\HP\Documents\mindCompass\mindcompass-backend\ai\sentiment\services.py", line 68, in analyze
    em_res = EmotionDetectionService.detect(text)
  File "C:\Users\HP\Documents\mindCompass\mindcompass-backend\ai\emotions\services.py", line 27, in detect
    return cls._rule_based_detect(text)
           ~~~~~~~~~~~~~~~~~~~~~~^^^^^^
  File "C:\Users\HP\Documents\mindCompass\mindcompass-backend\ai\emotions\services.py", line 44, in _rule_based_detect
    sentiment_res = SentimentAnalysisService.analyze(text)
  File "C:\Users\HP\Documents\mindCompass\mindcompass-backend\ai\sentiment\services.py", line 68, in analyze
    em_res = EmotionDetectionService.detect(text)
  File "C:\Users\HP\Documents\mindCompass\mindcompass-backend\ai\emotions\services.py", line 27, in detect
    return cls._rule_based_detect(text)
           ~~~~~~~~~~~~~~~~~~~~~~^^^^^^
  File "C:\Users\HP\Documents\mindCompass\mindcompass-backend\ai\emotions\services.py", line 44, in _rule_based_detect
    sentiment_res = SentimentAnalysisService.analyze(text)
  File "C:\Users\HP\Documents\mindCompass\mindcompass-backend\ai\sentiment\services.py", line 68, in analyze
    em_res = EmotionDetectionService.detect(text)
  File "C:\Users\HP\Documents\mindCompass\mindcompass-backend\ai\emotions\services.py", line 27, in detect
    return cls._rule_based_detect(text)
           ~~~~~~~~~~~~~~~~~~~~~~^^^^^^
  File "C:\Users\HP\Documents\mindCompass\mindcompass-backend\ai\emotions\services.py", line 44, in _rule_based_detect
    sentiment_res = SentimentAnalysisService.analyze(text)
  File "C:\Users\HP\Documents\mindCompass\mindcompass-backend\ai\sentiment\services.py", line 68, in analyze
    em_res = EmotionDetectionService.detect(text)
  File "C:\Users\HP\Documents\mindCompass\mindcompass-backend\ai\emotions\services.py", line 27, in detect
    return cls._rule_based_detect(text)
           ~~~~~~~~~~~~~~~~~~~~~~^^^^^^
  File "C:\Users\HP\Documents\mindCompass\mindcompass-backend\ai\emotions\services.py", line 44, in _rule_based_detect
    sentiment_res = SentimentAnalysisService.analyze(text)
  File "C:\Users\HP\Documents\mindCompass\mindcompass-backend\ai\sentiment\services.py", line 68, in analyze
    em_res = EmotionDetectionService.detect(text)
  File "C:\Users\HP\Documents\mindCompass\mindcompass-backend\ai\emotions\services.py", line 27, in detect
    return cls._rule_based_detect(text)
           ~~~~~~~~~~~~~~~~~~~~~~^^^^^^
  File "C:\Users\HP\Documents\mindCompass\mindcompass-backend\ai\emotions\services.py", line 44, in _rule_based_detect
    sentiment_res = SentimentAnalysisService.analyze(text)
  File "C:\Users\HP\Documents\mindCompass\mindcompass-backend\ai\sentiment\services.py", line 68, in analyze
    em_res = EmotionDetectionService.detect(text)
  File "C:\Users\HP\Documents\mindCompass\mindcompass-backend\ai\emotions\services.py", line 27, in detect
    return cls._rule_based_detect(text)
           ~~~~~~~~~~~~~~~~~~~~~~^^^^^^
  File "C:\Users\HP\Documents\mindCompass\mindcompass-backend\ai\emotions\services.py", line 44, in _rule_based_detect
    sentiment_res = SentimentAnalysisService.analyze(text)
  File "C:\Users\HP\Documents\mindCompass\mindcompass-backend\ai\sentiment\services.py", line 68, in analyze
    em_res = EmotionDetectionService.detect(text)
  File "C:\Users\HP\Documents\mindCompass\mindcompass-backend\ai\emotions\services.py", line 27, in detect
    return cls._rule_based_detect(text)
           ~~~~~~~~~~~~~~~~~~~~~~^^^^^^
  File "C:\Users\HP\Documents\mindCompass\mindcompass-backend\ai\emotions\services.py", line 44, in _rule_based_detect
    sentiment_res = SentimentAnalysisService.analyze(text)
  File "C:\Users\HP\Documents\mindCompass\mindcompass-backend\ai\sentiment\services.py", line 68, in analyze
    em_res = EmotionDetectionService.detect(text)
  File "C:\Users\HP\Documents\mindCompass\mindcompass-backend\ai\emotions\services.py", line 27, in detect
    return cls._rule_based_detect(text)
           ~~~~~~~~~~~~~~~~~~~~~~^^^^^^
  File "C:\Users\HP\Documents\mindCompass\mindcompass-backend\ai\emotions\services.py", line 44, in _rule_based_detect
    sentiment_res = SentimentAnalysisService.analyze(text)
  File "C:\Users\HP\Documents\mindCompass\mindcompass-backend\ai\sentiment\services.py", line 68, in analyze
    em_res = EmotionDetectionService.detect(text)
  File "C:\Users\HP\Documents\mindCompass\mindcompass-backend\ai\emotions\services.py", line 27, in detect
    return cls._rule_based_detect(text)
           ~~~~~~~~~~~~~~~~~~~~~~^^^^^^
  File "C:\Users\HP\Documents\mindCompass\mindcompass-backend\ai\emotions\services.py", line 44, in _rule_based_detect
    sentiment_res = SentimentAnalysisService.analyze(text)
  File "C:\Users\HP\Documents\mindCompass\mindcompass-backend\ai\sentiment\services.py", line 68, in analyze
    em_res = EmotionDetectionService.detect(text)
  File "C:\Users\HP\Documents\mindCompass\mindcompass-backend\ai\emotions\services.py", line 27, in detect
    return cls._rule_based_detect(text)
           ~~~~~~~~~~~~~~~~~~~~~~^^^^^^
  File "C:\Users\HP\Documents\mindCompass\mindcompass-backend\ai\emotions\services.py", line 44, in _rule_based_detect
    sentiment_res = SentimentAnalysisService.analyze(text)
  File "C:\Users\HP\Documents\mindCompass\mindcompass-backend\ai\sentiment\services.py", line 68, in analyze
    em_res = EmotionDetectionService.detect(text)
  File "C:\Users\HP\Documents\mindCompass\mindcompass-backend\ai\emotions\services.py", line 27, in detect
    return cls._rule_based_detect(text)
           ~~~~~~~~~~~~~~~~~~~~~~^^^^^^
  File "C:\Users\HP\Documents\mindCompass\mindcompass-backend\ai\emotions\services.py", line 44, in _rule_based_detect
    sentiment_res = SentimentAnalysisService.analyze(text)
  File "C:\Users\HP\Documents\mindCompass\mindcompass-backend\ai\sentiment\services.py", line 68, in analyze
    em_res = EmotionDetectionService.detect(text)
  File "C:\Users\HP\Documents\mindCompass\mindcompass-backend\ai\emotions\services.py", line 27, in detect
    return cls._rule_based_detect(text)
           ~~~~~~~~~~~~~~~~~~~~~~^^^^^^
  File "C:\Users\HP\Documents\mindCompass\mindcompass-backend\ai\emotions\services.py", line 44, in _rule_based_detect
    sentiment_res = SentimentAnalysisService.analyze(text)
  File "C:\Users\HP\Documents\mindCompass\mindcompass-backend\ai\sentiment\services.py", line 68, in analyze
    em_res = EmotionDetectionService.detect(text)
  File "C:\Users\HP\Documents\mindCompass\mindcompass-backend\ai\emotions\services.py", line 27, in detect
    return cls._rule_based_detect(text)
           ~~~~~~~~~~~~~~~~~~~~~~^^^^^^
  File "C:\Users\HP\Documents\mindCompass\mindcompass-backend\ai\emotions\services.py", line 44, in _rule_based_detect
    sentiment_res = SentimentAnalysisService.analyze(text)
  File "C:\Users\HP\Documents\mindCompass\mindcompass-backend\ai\sentiment\services.py", line 68, in analyze
    em_res = EmotionDetectionService.detect(text)
  File "C:\Users\HP\Documents\mindCompass\mindcompass-backend\ai\emotions\services.py", line 27, in detect
    return cls._rule_based_detect(text)
           ~~~~~~~~~~~~~~~~~~~~~~^^^^^^
  File "C:\Users\HP\Documents\mindCompass\mindcompass-backend\ai\emotions\services.py", line 44, in _rule_based_detect
    sentiment_res = SentimentAnalysisService.analyze(text)
  File "C:\Users\HP\Documents\mindCompass\mindcompass-backend\ai\sentiment\services.py", line 68, in analyze
    em_res = EmotionDetectionService.detect(text)
  File "C:\Users\HP\Documents\mindCompass\mindcompass-backend\ai\emotions\services.py", line 27, in detect
    return cls._rule_based_detect(text)
           ~~~~~~~~~~~~~~~~~~~~~~^^^^^^
  File "C:\Users\HP\Documents\mindCompass\mindcompass-backend\ai\emotions\services.py", line 44, in _rule_based_detect
    sentiment_res = SentimentAnalysisService.analyze(text)
  File "C:\Users\HP\Documents\mindCompass\mindcompass-backend\ai\sentiment\services.py", line 68, in analyze
    em_res = EmotionDetectionService.detect(text)
  File "C:\Users\HP\Documents\mindCompass\mindcompass-backend\ai\emotions\services.py", line 27, in detect
    return cls._rule_based_detect(text)
           ~~~~~~~~~~~~~~~~~~~~~~^^^^^^
  File "C:\Users\HP\Documents\mindCompass\mindcompass-backend\ai\emotions\services.py", line 44, in _rule_based_detect
    sentiment_res = SentimentAnalysisService.analyze(text)
  File "C:\Users\HP\Documents\mindCompass\mindcompass-backend\ai\sentiment\services.py", line 68, in analyze
    em_res = EmotionDetectionService.detect(text)
  File "C:\Users\HP\Documents\mindCompass\mindcompass-backend\ai\emotions\services.py", line 27, in detect
    return cls._rule_based_detect(text)
           ~~~~~~~~~~~~~~~~~~~~~~^^^^^^
  File "C:\Users\HP\Documents\mindCompass\mindcompass-backend\ai\emotions\services.py", line 44, in _rule_based_detect
    sentiment_res = SentimentAnalysisService.analyze(text)
  File "C:\Users\HP\Documents\mindCompass\mindcompass-backend\ai\sentiment\services.py", line 68, in analyze
    em_res = EmotionDetectionService.detect(text)
  File "C:\Users\HP\Documents\mindCompass\mindcompass-backend\ai\emotions\services.py", line 27, in detect
    return cls._rule_based_detect(text)
           ~~~~~~~~~~~~~~~~~~~~~~^^^^^^
  File "C:\Users\HP\Documents\mindCompass\mindcompass-backend\ai\emotions\services.py", line 44, in _rule_based_detect
    sentiment_res = SentimentAnalysisService.analyze(text)
  File "C:\Users\HP\Documents\mindCompass\mindcompass-backend\ai\sentiment\services.py", line 68, in analyze
    em_res = EmotionDetectionService.detect(text)
  File "C:\Users\HP\Documents\mindCompass\mindcompass-backend\ai\emotions\services.py", line 27, in detect
    return cls._rule_based_detect(text)
           ~~~~~~~~~~~~~~~~~~~~~~^^^^^^
  File "C:\Users\HP\Documents\mindCompass\mindcompass-backend\ai\emotions\services.py", line 44, in _rule_based_detect
    sentiment_res = SentimentAnalysisService.analyze(text)
  File "C:\Users\HP\Documents\mindCompass\mindcompass-backend\ai\sentiment\services.py", line 68, in analyze
    em_res = EmotionDetectionService.detect(text)
  File "C:\Users\HP\Documents\mindCompass\mindcompass-backend\ai\emotions\services.py", line 27, in detect
    return cls._rule_based_detect(text)
           ~~~~~~~~~~~~~~~~~~~~~~^^^^^^
  File "C:\Users\HP\Documents\mindCompass\mindcompass-backend\ai\emotions\services.py", line 44, in _rule_based_detect
    sentiment_res = SentimentAnalysisService.analyze(text)
  File "C:\Users\HP\Documents\mindCompass\mindcompass-backend\ai\sentiment\services.py", line 68, in analyze
    em_res = EmotionDetectionService.detect(text)
  File "C:\Users\HP\Documents\mindCompass\mindcompass-backend\ai\emotions\services.py", line 27, in detect
    return cls._rule_based_detect(text)
           ~~~~~~~~~~~~~~~~~~~~~~^^^^^^
  File "C:\Users\HP\Documents\mindCompass\mindcompass-backend\ai\emotions\services.py", line 44, in _rule_based_detect
    sentiment_res = SentimentAnalysisService.analyze(text)
  File "C:\Users\HP\Documents\mindCompass\mindcompass-backend\ai\sentiment\services.py", line 68, in analyze
    em_res = EmotionDetectionService.detect(text)
  File "C:\Users\HP\Documents\mindCompass\mindcompass-backend\ai\emotions\services.py", line 27, in detect
    return cls._rule_based_detect(text)
           ~~~~~~~~~~~~~~~~~~~~~~^^^^^^
  File "C:\Users\HP\Documents\mindCompass\mindcompass-backend\ai\emotions\services.py", line 44, in _rule_based_detect
    sentiment_res = SentimentAnalysisService.analyze(text)
  File "C:\Users\HP\Documents\mindCompass\mindcompass-backend\ai\sentiment\services.py", line 68, in analyze
    em_res = EmotionDetectionService.detect(text)
  File "C:\Users\HP\Documents\mindCompass\mindcompass-backend\ai\emotions\services.py", line 27, in detect
    return cls._rule_based_detect(text)
           ~~~~~~~~~~~~~~~~~~~~~~^^^^^^
  File "C:\Users\HP\Documents\mindCompass\mindcompass-backend\ai\emotions\services.py", line 44, in _rule_based_detect
    sentiment_res = SentimentAnalysisService.analyze(text)
  File "C:\Users\HP\Documents\mindCompass\mindcompass-backend\ai\sentiment\services.py", line 68, in analyze
    em_res = EmotionDetectionService.detect(text)
  File "C:\Users\HP\Documents\mindCompass\mindcompass-backend\ai\emotions\services.py", line 27, in detect
    return cls._rule_based_detect(text)
           ~~~~~~~~~~~~~~~~~~~~~~^^^^^^
  File "C:\Users\HP\Documents\mindCompass\mindcompass-backend\ai\emotions\services.py", line 44, in _rule_based_detect
    sentiment_res = SentimentAnalysisService.analyze(text)
  File "C:\Users\HP\Documents\mindCompass\mindcompass-backend\ai\sentiment\services.py", line 68, in analyze
    em_res = EmotionDetectionService.detect(text)
  File "C:\Users\HP\Documents\mindCompass\mindcompass-backend\ai\emotions\services.py", line 27, in detect
    return cls._rule_based_detect(text)
           ~~~~~~~~~~~~~~~~~~~~~~^^^^^^
  File "C:\Users\HP\Documents\mindCompass\mindcompass-backend\ai\emotions\services.py", line 44, in _rule_based_detect
    sentiment_res = SentimentAnalysisService.analyze(text)
  File "C:\Users\HP\Documents\mindCompass\mindcompass-backend\ai\sentiment\services.py", line 68, in analyze
    em_res = EmotionDetectionService.detect(text)
  File "C:\Users\HP\Documents\mindCompass\mindcompass-backend\ai\emotions\services.py", line 27, in detect
    return cls._rule_based_detect(text)
           ~~~~~~~~~~~~~~~~~~~~~~^^^^^^
  File "C:\Users\HP\Documents\mindCompass\mindcompass-backend\ai\emotions\services.py", line 44, in _rule_based_detect
    sentiment_res = SentimentAnalysisService.analyze(text)
  File "C:\Users\HP\Documents\mindCompass\mindcompass-backend\ai\sentiment\services.py", line 68, in analyze
    em_res = EmotionDetectionService.detect(text)
  File "C:\Users\HP\Documents\mindCompass\mindcompass-backend\ai\emotions\services.py", line 27, in detect
    return cls._rule_based_detect(text)
           ~~~~~~~~~~~~~~~~~~~~~~^^^^^^
  File "C:\Users\HP\Documents\mindCompass\mindcompass-backend\ai\emotions\services.py", line 44, in _rule_based_detect
    sentiment_res = SentimentAnalysisService.analyze(text)
  File "C:\Users\HP\Documents\mindCompass\mindcompass-backend\ai\sentiment\services.py", line 68, in analyze
    em_res = EmotionDetectionService.detect(text)
  File "C:\Users\HP\Documents\mindCompass\mindcompass-backend\ai\emotions\services.py", line 27, in detect
    return cls._rule_based_detect(text)
           ~~~~~~~~~~~~~~~~~~~~~~^^^^^^
  File "C:\Users\HP\Documents\mindCompass\mindcompass-backend\ai\emotions\services.py", line 44, in _rule_based_detect
    sentiment_res = SentimentAnalysisService.analyze(text)
  File "C:\Users\HP\Documents\mindCompass\mindcompass-backend\ai\sentiment\services.py", line 68, in analyze
    em_res = EmotionDetectionService.detect(text)
  File "C:\Users\HP\Documents\mindCompass\mindcompass-backend\ai\emotions\services.py", line 27, in detect
    return cls._rule_based_detect(text)
           ~~~~~~~~~~~~~~~~~~~~~~^^^^^^
  File "C:\Users\HP\Documents\mindCompass\mindcompass-backend\ai\emotions\services.py", line 44, in _rule_based_detect
    sentiment_res = SentimentAnalysisService.analyze(text)
  File "C:\Users\HP\Documents\mindCompass\mindcompass-backend\ai\sentiment\services.py", line 68, in analyze
    em_res = EmotionDetectionService.detect(text)
  File "C:\Users\HP\Documents\mindCompass\mindcompass-backend\ai\emotions\services.py", line 27, in detect
    return cls._rule_based_detect(text)
           ~~~~~~~~~~~~~~~~~~~~~~^^^^^^
  File "C:\Users\HP\Documents\mindCompass\mindcompass-backend\ai\emotions\services.py", line 44, in _rule_based_detect
    sentiment_res = SentimentAnalysisService.analyze(text)
  File "C:\Users\HP\Documents\mindCompass\mindcompass-backend\ai\sentiment\services.py", line 68, in analyze
    em_res = EmotionDetectionService.detect(text)
  File "C:\Users\HP\Documents\mindCompass\mindcompass-backend\ai\emotions\services.py", line 27, in detect
    return cls._rule_based_detect(text)
           ~~~~~~~~~~~~~~~~~~~~~~^^^^^^
  File "C:\Users\HP\Documents\mindCompass\mindcompass-backend\ai\emotions\services.py", line 44, in _rule_based_detect
    sentiment_res = SentimentAnalysisService.analyze(text)
  File "C:\Users\HP\Documents\mindCompass\mindcompass-backend\ai\sentiment\services.py", line 68, in analyze
    em_res = EmotionDetectionService.detect(text)
  File "C:\Users\HP\Documents\mindCompass\mindcompass-backend\ai\emotions\services.py", line 27, in detect
    return cls._rule_based_detect(text)
           ~~~~~~~~~~~~~~~~~~~~~~^^^^^^
  File "C:\Users\HP\Documents\mindCompass\mindcompass-backend\ai\emotions\services.py", line 44, in _rule_based_detect
    sentiment_res = SentimentAnalysisService.analyze(text)
  File "C:\Users\HP\Documents\mindCompass\mindcompass-backend\ai\sentiment\services.py", line 68, in analyze
    em_res = EmotionDetectionService.detect(text)
  File "C:\Users\HP\Documents\mindCompass\mindcompass-backend\ai\emotions\services.py", line 27, in detect
    return cls._rule_based_detect(text)
           ~~~~~~~~~~~~~~~~~~~~~~^^^^^^
  File "C:\Users\HP\Documents\mindCompass\mindcompass-backend\ai\emotions\services.py", line 44, in _rule_based_detect
    sentiment_res = SentimentAnalysisService.analyze(text)
  File "C:\Users\HP\Documents\mindCompass\mindcompass-backend\ai\sentiment\services.py", line 68, in analyze
    em_res = EmotionDetectionService.detect(text)
  File "C:\Users\HP\Documents\mindCompass\mindcompass-backend\ai\emotions\services.py", line 27, in detect
    return cls._rule_based_detect(text)
           ~~~~~~~~~~~~~~~~~~~~~~^^^^^^
  File "C:\Users\HP\Documents\mindCompass\mindcompass-backend\ai\emotions\services.py", line 44, in _rule_based_detect
    sentiment_res = SentimentAnalysisService.analyze(text)
  File "C:\Users\HP\Documents\mindCompass\mindcompass-backend\ai\sentiment\services.py", line 68, in analyze
    em_res = EmotionDetectionService.detect(text)
  File "C:\Users\HP\Documents\mindCompass\mindcompass-backend\ai\emotions\services.py", line 27, in detect
    return cls._rule_based_detect(text)
           ~~~~~~~~~~~~~~~~~~~~~~^^^^^^
  File "C:\Users\HP\Documents\mindCompass\mindcompass-backend\ai\emotions\services.py", line 44, in _rule_based_detect
    sentiment_res = SentimentAnalysisService.analyze(text)
  File "C:\Users\HP\Documents\mindCompass\mindcompass-backend\ai\sentiment\services.py", line 68, in analyze
    em_res = EmotionDetectionService.detect(text)
  File "C:\Users\HP\Documents\mindCompass\mindcompass-backend\ai\emotions\services.py", line 27, in detect
    return cls._rule_based_detect(text)
           ~~~~~~~~~~~~~~~~~~~~~~^^^^^^
  File "C:\Users\HP\Documents\mindCompass\mindcompass-backend\ai\emotions\services.py", line 44, in _rule_based_detect
    sentiment_res = SentimentAnalysisService.analyze(text)
  File "C:\Users\HP\Documents\mindCompass\mindcompass-backend\ai\sentiment\services.py", line 68, in analyze
    em_res = EmotionDetectionService.detect(text)
  File "C:\Users\HP\Documents\mindCompass\mindcompass-backend\ai\emotions\services.py", line 27, in detect
    return cls._rule_based_detect(text)
           ~~~~~~~~~~~~~~~~~~~~~~^^^^^^
  File "C:\Users\HP\Documents\mindCompass\mindcompass-backend\ai\emotions\services.py", line 44, in _rule_based_detect
    sentiment_res = SentimentAnalysisService.analyze(text)
  File "C:\Users\HP\Documents\mindCompass\mindcompass-backend\ai\sentiment\services.py", line 68, in analyze
    em_res = EmotionDetectionService.detect(text)
  File "C:\Users\HP\Documents\mindCompass\mindcompass-backend\ai\emotions\services.py", line 27, in detect
    return cls._rule_based_detect(text)
           ~~~~~~~~~~~~~~~~~~~~~~^^^^^^
  File "C:\Users\HP\Documents\mindCompass\mindcompass-backend\ai\emotions\services.py", line 44, in _rule_based_detect
    sentiment_res = SentimentAnalysisService.analyze(text)
  File "C:\Users\HP\Documents\mindCompass\mindcompass-backend\ai\sentiment\services.py", line 68, in analyze
    em_res = EmotionDetectionService.detect(text)
  File "C:\Users\HP\Documents\mindCompass\mindcompass-backend\ai\emotions\services.py", line 27, in detect
    return cls._rule_based_detect(text)
           ~~~~~~~~~~~~~~~~~~~~~~^^^^^^
  File "C:\Users\HP\Documents\mindCompass\mindcompass-backend\ai\emotions\services.py", line 44, in _rule_based_detect
    sentiment_res = SentimentAnalysisService.analyze(text)
  File "C:\Users\HP\Documents\mindCompass\mindcompass-backend\ai\sentiment\services.py", line 68, in analyze
    em_res = EmotionDetectionService.detect(text)
  File "C:\Users\HP\Documents\mindCompass\mindcompass-backend\ai\emotions\services.py", line 27, in detect
    return cls._rule_based_detect(text)
           ~~~~~~~~~~~~~~~~~~~~~~^^^^^^
  File "C:\Users\HP\Documents\mindCompass\mindcompass-backend\ai\emotions\services.py", line 44, in _rule_based_detect
    sentiment_res = SentimentAnalysisService.analyze(text)
  File "C:\Users\HP\Documents\mindCompass\mindcompass-backend\ai\sentiment\services.py", line 68, in analyze
    em_res = EmotionDetectionService.detect(text)
  File "C:\Users\HP\Documents\mindCompass\mindcompass-backend\ai\emotions\services.py", line 27, in detect
    return cls._rule_based_detect(text)
           ~~~~~~~~~~~~~~~~~~~~~~^^^^^^
  File "C:\Users\HP\Documents\mindCompass\mindcompass-backend\ai\emotions\services.py", line 44, in _rule_based_detect
    sentiment_res = SentimentAnalysisService.analyze(text)
  File "C:\Users\HP\Documents\mindCompass\mindcompass-backend\ai\sentiment\services.py", line 68, in analyze
    em_res = EmotionDetectionService.detect(text)
  File "C:\Users\HP\Documents\mindCompass\mindcompass-backend\ai\emotions\services.py", line 27, in detect
    return cls._rule_based_detect(text)
           ~~~~~~~~~~~~~~~~~~~~~~^^^^^^
  File "C:\Users\HP\Documents\mindCompass\mindcompass-backend\ai\emotions\services.py", line 44, in _rule_based_detect
    sentiment_res = SentimentAnalysisService.analyze(text)
  File "C:\Users\HP\Documents\mindCompass\mindcompass-backend\ai\sentiment\services.py", line 68, in analyze
    em_res = EmotionDetectionService.detect(text)
  File "C:\Users\HP\Documents\mindCompass\mindcompass-backend\ai\emotions\services.py", line 27, in detect
    return cls._rule_based_detect(text)
           ~~~~~~~~~~~~~~~~~~~~~~^^^^^^
  File "C:\Users\HP\Documents\mindCompass\mindcompass-backend\ai\emotions\services.py", line 44, in _rule_based_detect
    sentiment_res = SentimentAnalysisService.analyze(text)
  File "C:\Users\HP\Documents\mindCompass\mindcompass-backend\ai\sentiment\services.py", line 68, in analyze
    em_res = EmotionDetectionService.detect(text)
  File "C:\Users\HP\Documents\mindCompass\mindcompass-backend\ai\emotions\services.py", line 27, in detect
    return cls._rule_based_detect(text)
           ~~~~~~~~~~~~~~~~~~~~~~^^^^^^
  File "C:\Users\HP\Documents\mindCompass\mindcompass-backend\ai\emotions\services.py", line 44, in _rule_based_detect
    sentiment_res = SentimentAnalysisService.analyze(text)
  File "C:\Users\HP\Documents\mindCompass\mindcompass-backend\ai\sentiment\services.py", line 68, in analyze
    em_res = EmotionDetectionService.detect(text)
  File "C:\Users\HP\Documents\mindCompass\mindcompass-backend\ai\emotions\services.py", line 27, in detect
    return cls._rule_based_detect(text)
           ~~~~~~~~~~~~~~~~~~~~~~^^^^^^
  File "C:\Users\HP\Documents\mindCompass\mindcompass-backend\ai\emotions\services.py", line 44, in _rule_based_detect
    sentiment_res = SentimentAnalysisService.analyze(text)
  File "C:\Users\HP\Documents\mindCompass\mindcompass-backend\ai\sentiment\services.py", line 68, in analyze
    em_res = EmotionDetectionService.detect(text)
  File "C:\Users\HP\Documents\mindCompass\mindcompass-backend\ai\emotions\services.py", line 27, in detect
    return cls._rule_based_detect(text)
           ~~~~~~~~~~~~~~~~~~~~~~^^^^^^
  File "C:\Users\HP\Documents\mindCompass\mindcompass-backend\ai\emotions\services.py", line 44, in _rule_based_detect
    sentiment_res = SentimentAnalysisService.analyze(text)
  File "C:\Users\HP\Documents\mindCompass\mindcompass-backend\ai\sentiment\services.py", line 68, in analyze
    em_res = EmotionDetectionService.detect(text)
  File "C:\Users\HP\Documents\mindCompass\mindcompass-backend\ai\emotions\services.py", line 27, in detect
    return cls._rule_based_detect(text)
           ~~~~~~~~~~~~~~~~~~~~~~^^^^^^
  File "C:\Users\HP\Documents\mindCompass\mindcompass-backend\ai\emotions\services.py", line 44, in _rule_based_detect
    sentiment_res = SentimentAnalysisService.analyze(text)
  File "C:\Users\HP\Documents\mindCompass\mindcompass-backend\ai\sentiment\services.py", line 68, in analyze
    em_res = EmotionDetectionService.detect(text)
  File "C:\Users\HP\Documents\mindCompass\mindcompass-backend\ai\emotions\services.py", line 27, in detect
    return cls._rule_based_detect(text)
           ~~~~~~~~~~~~~~~~~~~~~~^^^^^^
  File "C:\Users\HP\Documents\mindCompass\mindcompass-backend\ai\emotions\services.py", line 44, in _rule_based_detect
    sentiment_res = SentimentAnalysisService.analyze(text)
  File "C:\Users\HP\Documents\mindCompass\mindcompass-backend\ai\sentiment\services.py", line 68, in analyze
    em_res = EmotionDetectionService.detect(text)
  File "C:\Users\HP\Documents\mindCompass\mindcompass-backend\ai\emotions\services.py", line 27, in detect
    return cls._rule_based_detect(text)
           ~~~~~~~~~~~~~~~~~~~~~~^^^^^^
  File "C:\Users\HP\Documents\mindCompass\mindcompass-backend\ai\emotions\services.py", line 44, in _rule_based_detect
    sentiment_res = SentimentAnalysisService.analyze(text)
  File "C:\Users\HP\Documents\mindCompass\mindcompass-backend\ai\sentiment\services.py", line 68, in analyze
    em_res = EmotionDetectionService.detect(text)
  File "C:\Users\HP\Documents\mindCompass\mindcompass-backend\ai\emotions\services.py", line 27, in detect
    return cls._rule_based_detect(text)
           ~~~~~~~~~~~~~~~~~~~~~~^^^^^^
  File "C:\Users\HP\Documents\mindCompass\mindcompass-backend\ai\emotions\services.py", line 44, in _rule_based_detect
    sentiment_res = SentimentAnalysisService.analyze(text)
  File "C:\Users\HP\Documents\mindCompass\mindcompass-backend\ai\sentiment\services.py", line 68, in analyze
    em_res = EmotionDetectionService.detect(text)
  File "C:\Users\HP\Documents\mindCompass\mindcompass-backend\ai\emotions\services.py", line 27, in detect
    return cls._rule_based_detect(text)
           ~~~~~~~~~~~~~~~~~~~~~~^^^^^^
  File "C:\Users\HP\Documents\mindCompass\mindcompass-backend\ai\emotions\services.py", line 44, in _rule_based_detect
    sentiment_res = SentimentAnalysisService.analyze(text)
  File "C:\Users\HP\Documents\mindCompass\mindcompass-backend\ai\sentiment\services.py", line 68, in analyze
    em_res = EmotionDetectionService.detect(text)
  File "C:\Users\HP\Documents\mindCompass\mindcompass-backend\ai\emotions\services.py", line 27, in detect
    return cls._rule_based_detect(text)
           ~~~~~~~~~~~~~~~~~~~~~~^^^^^^
  File "C:\Users\HP\Documents\mindCompass\mindcompass-backend\ai\emotions\services.py", line 44, in _rule_based_detect
    sentiment_res = SentimentAnalysisService.analyze(text)
  File "C:\Users\HP\Documents\mindCompass\mindcompass-backend\ai\sentiment\services.py", line 68, in analyze
    em_res = EmotionDetectionService.detect(text)
  File "C:\Users\HP\Documents\mindCompass\mindcompass-backend\ai\emotions\services.py", line 27, in detect
    return cls._rule_based_detect(text)
           ~~~~~~~~~~~~~~~~~~~~~~^^^^^^
  File "C:\Users\HP\Documents\mindCompass\mindcompass-backend\ai\emotions\services.py", line 44, in _rule_based_detect
    sentiment_res = SentimentAnalysisService.analyze(text)
  File "C:\Users\HP\Documents\mindCompass\mindcompass-backend\ai\sentiment\services.py", line 68, in analyze
    em_res = EmotionDetectionService.detect(text)
  File "C:\Users\HP\Documents\mindCompass\mindcompass-backend\ai\emotions\services.py", line 27, in detect
    return cls._rule_based_detect(text)
           ~~~~~~~~~~~~~~~~~~~~~~^^^^^^
  File "C:\Users\HP\Documents\mindCompass\mindcompass-backend\ai\emotions\services.py", line 44, in _rule_based_detect
    sentiment_res = SentimentAnalysisService.analyze(text)
  File "C:\Users\HP\Documents\mindCompass\mindcompass-backend\ai\sentiment\services.py", line 68, in analyze
    em_res = EmotionDetectionService.detect(text)
  File "C:\Users\HP\Documents\mindCompass\mindcompass-backend\ai\emotions\services.py", line 27, in detect
    return cls._rule_based_detect(text)
           ~~~~~~~~~~~~~~~~~~~~~~^^^^^^
  File "C:\Users\HP\Documents\mindCompass\mindcompass-backend\ai\emotions\services.py", line 44, in _rule_based_detect
    sentiment_res = SentimentAnalysisService.analyze(text)
  File "C:\Users\HP\Documents\mindCompass\mindcompass-backend\ai\sentiment\services.py", line 68, in analyze
    em_res = EmotionDetectionService.detect(text)
  File "C:\Users\HP\Documents\mindCompass\mindcompass-backend\ai\emotions\services.py", line 27, in detect
    return cls._rule_based_detect(text)
           ~~~~~~~~~~~~~~~~~~~~~~^^^^^^
  File "C:\Users\HP\Documents\mindCompass\mindcompass-backend\ai\emotions\services.py", line 44, in _rule_based_detect
    sentiment_res = SentimentAnalysisService.analyze(text)
  File "C:\Users\HP\Documents\mindCompass\mindcompass-backend\ai\sentiment\services.py", line 68, in analyze
    em_res = EmotionDetectionService.detect(text)
  File "C:\Users\HP\Documents\mindCompass\mindcompass-backend\ai\emotions\services.py", line 27, in detect
    return cls._rule_based_detect(text)
           ~~~~~~~~~~~~~~~~~~~~~~^^^^^^
  File "C:\Users\HP\Documents\mindCompass\mindcompass-backend\ai\emotions\services.py", line 44, in _rule_based_detect
    sentiment_res = SentimentAnalysisService.analyze(text)
  File "C:\Users\HP\Documents\mindCompass\mindcompass-backend\ai\sentiment\services.py", line 68, in analyze
    em_res = EmotionDetectionService.detect(text)
  File "C:\Users\HP\Documents\mindCompass\mindcompass-backend\ai\emotions\services.py", line 27, in detect
    return cls._rule_based_detect(text)
           ~~~~~~~~~~~~~~~~~~~~~~^^^^^^
  File "C:\Users\HP\Documents\mindCompass\mindcompass-backend\ai\emotions\services.py", line 44, in _rule_based_detect
    sentiment_res = SentimentAnalysisService.analyze(text)
  File "C:\Users\HP\Documents\mindCompass\mindcompass-backend\ai\sentiment\services.py", line 68, in analyze
    em_res = EmotionDetectionService.detect(text)
  File "C:\Users\HP\Documents\mindCompass\mindcompass-backend\ai\emotions\services.py", line 27, in detect
    return cls._rule_based_detect(text)
           ~~~~~~~~~~~~~~~~~~~~~~^^^^^^
  File "C:\Users\HP\Documents\mindCompass\mindcompass-backend\ai\emotions\services.py", line 44, in _rule_based_detect
    sentiment_res = SentimentAnalysisService.analyze(text)
  File "C:\Users\HP\Documents\mindCompass\mindcompass-backend\ai\sentiment\services.py", line 68, in analyze
    em_res = EmotionDetectionService.detect(text)
  File "C:\Users\HP\Documents\mindCompass\mindcompass-backend\ai\emotions\services.py", line 27, in detect
    return cls._rule_based_detect(text)
           ~~~~~~~~~~~~~~~~~~~~~~^^^^^^
  File "C:\Users\HP\Documents\mindCompass\mindcompass-backend\ai\emotions\services.py", line 44, in _rule_based_detect
    sentiment_res = SentimentAnalysisService.analyze(text)
  File "C:\Users\HP\Documents\mindCompass\mindcompass-backend\ai\sentiment\services.py", line 68, in analyze
    em_res = EmotionDetectionService.detect(text)
  File "C:\Users\HP\Documents\mindCompass\mindcompass-backend\ai\emotions\services.py", line 27, in detect
    return cls._rule_based_detect(text)
           ~~~~~~~~~~~~~~~~~~~~~~^^^^^^
  File "C:\Users\HP\Documents\mindCompass\mindcompass-backend\ai\emotions\services.py", line 44, in _rule_based_detect
    sentiment_res = SentimentAnalysisService.analyze(text)
  File "C:\Users\HP\Documents\mindCompass\mindcompass-backend\ai\sentiment\services.py", line 68, in analyze
    em_res = EmotionDetectionService.detect(text)
  File "C:\Users\HP\Documents\mindCompass\mindcompass-backend\ai\emotions\services.py", line 27, in detect
    return cls._rule_based_detect(text)
           ~~~~~~~~~~~~~~~~~~~~~~^^^^^^
  File "C:\Users\HP\Documents\mindCompass\mindcompass-backend\ai\emotions\services.py", line 44, in _rule_based_detect
    sentiment_res = SentimentAnalysisService.analyze(text)
  File "C:\Users\HP\Documents\mindCompass\mindcompass-backend\ai\sentiment\services.py", line 68, in analyze
    em_res = EmotionDetectionService.detect(text)
  File "C:\Users\HP\Documents\mindCompass\mindcompass-backend\ai\emotions\services.py", line 27, in detect
    return cls._rule_based_detect(text)
           ~~~~~~~~~~~~~~~~~~~~~~^^^^^^
  File "C:\Users\HP\Documents\mindCompass\mindcompass-backend\ai\emotions\services.py", line 44, in _rule_based_detect
    sentiment_res = SentimentAnalysisService.analyze(text)
  File "C:\Users\HP\Documents\mindCompass\mindcompass-backend\ai\sentiment\services.py", line 68, in analyze
    em_res = EmotionDetectionService.detect(text)
  File "C:\Users\HP\Documents\mindCompass\mindcompass-backend\ai\emotions\services.py", line 27, in detect
    return cls._rule_based_detect(text)
           ~~~~~~~~~~~~~~~~~~~~~~^^^^^^
  File "C:\Users\HP\Documents\mindCompass\mindcompass-backend\ai\emotions\services.py", line 44, in _rule_based_detect
    sentiment_res = SentimentAnalysisService.analyze(text)
  File "C:\Users\HP\Documents\mindCompass\mindcompass-backend\ai\sentiment\services.py", line 68, in analyze
    em_res = EmotionDetectionService.detect(text)
  File "C:\Users\HP\Documents\mindCompass\mindcompass-backend\ai\emotions\services.py", line 27, in detect
    return cls._rule_based_detect(text)
           ~~~~~~~~~~~~~~~~~~~~~~^^^^^^
  File "C:\Users\HP\Documents\mindCompass\mindcompass-backend\ai\emotions\services.py", line 44, in _rule_based_detect
    sentiment_res = SentimentAnalysisService.analyze(text)
  File "C:\Users\HP\Documents\mindCompass\mindcompass-backend\ai\sentiment\services.py", line 68, in analyze
    em_res = EmotionDetectionService.detect(text)
  File "C:\Users\HP\Documents\mindCompass\mindcompass-backend\ai\emotions\services.py", line 27, in detect
    return cls._rule_based_detect(text)
           ~~~~~~~~~~~~~~~~~~~~~~^^^^^^
  File "C:\Users\HP\Documents\mindCompass\mindcompass-backend\ai\emotions\services.py", line 44, in _rule_based_detect
    sentiment_res = SentimentAnalysisService.analyze(text)
  File "C:\Users\HP\Documents\mindCompass\mindcompass-backend\ai\sentiment\services.py", line 68, in analyze
    em_res = EmotionDetectionService.detect(text)
  File "C:\Users\HP\Documents\mindCompass\mindcompass-backend\ai\emotions\services.py", line 27, in detect
    return cls._rule_based_detect(text)
           ~~~~~~~~~~~~~~~~~~~~~~^^^^^^
  File "C:\Users\HP\Documents\mindCompass\mindcompass-backend\ai\emotions\services.py", line 44, in _rule_based_detect
    sentiment_res = SentimentAnalysisService.analyze(text)
  File "C:\Users\HP\Documents\mindCompass\mindcompass-backend\ai\sentiment\services.py", line 68, in analyze
    em_res = EmotionDetectionService.detect(text)
  File "C:\Users\HP\Documents\mindCompass\mindcompass-backend\ai\emotions\services.py", line 27, in detect
    return cls._rule_based_detect(text)
           ~~~~~~~~~~~~~~~~~~~~~~^^^^^^
  File "C:\Users\HP\Documents\mindCompass\mindcompass-backend\ai\emotions\services.py", line 44, in _rule_based_detect
    sentiment_res = SentimentAnalysisService.analyze(text)
  File "C:\Users\HP\Documents\mindCompass\mindcompass-backend\ai\sentiment\services.py", line 68, in analyze
    em_res = EmotionDetectionService.detect(text)
  File "C:\Users\HP\Documents\mindCompass\mindcompass-backend\ai\emotions\services.py", line 27, in detect
    return cls._rule_based_detect(text)
           ~~~~~~~~~~~~~~~~~~~~~~^^^^^^
  File "C:\Users\HP\Documents\mindCompass\mindcompass-backend\ai\emotions\services.py", line 44, in _rule_based_detect
    sentiment_res = SentimentAnalysisService.analyze(text)
  File "C:\Users\HP\Documents\mindCompass\mindcompass-backend\ai\sentiment\services.py", line 68, in analyze
    em_res = EmotionDetectionService.detect(text)
  File "C:\Users\HP\Documents\mindCompass\mindcompass-backend\ai\emotions\services.py", line 27, in detect
    return cls._rule_based_detect(text)
           ~~~~~~~~~~~~~~~~~~~~~~^^^^^^
  File "C:\Users\HP\Documents\mindCompass\mindcompass-backend\ai\emotions\services.py", line 44, in _rule_based_detect
    sentiment_res = SentimentAnalysisService.analyze(text)
  File "C:\Users\HP\Documents\mindCompass\mindcompass-backend\ai\sentiment\services.py", line 68, in analyze
    em_res = EmotionDetectionService.detect(text)
  File "C:\Users\HP\Documents\mindCompass\mindcompass-backend\ai\emotions\services.py", line 27, in detect
    return cls._rule_based_detect(text)
           ~~~~~~~~~~~~~~~~~~~~~~^^^^^^
  File "C:\Users\HP\Documents\mindCompass\mindcompass-backend\ai\emotions\services.py", line 44, in _rule_based_detect
    sentiment_res = SentimentAnalysisService.analyze(text)
  File "C:\Users\HP\Documents\mindCompass\mindcompass-backend\ai\sentiment\services.py", line 68, in analyze
    em_res = EmotionDetectionService.detect(text)
  File "C:\Users\HP\Documents\mindCompass\mindcompass-backend\ai\emotions\services.py", line 27, in detect
    return cls._rule_based_detect(text)
           ~~~~~~~~~~~~~~~~~~~~~~^^^^^^
  File "C:\Users\HP\Documents\mindCompass\mindcompass-backend\ai\emotions\services.py", line 44, in _rule_based_detect
    sentiment_res = SentimentAnalysisService.analyze(text)
  File "C:\Users\HP\Documents\mindCompass\mindcompass-backend\ai\sentiment\services.py", line 68, in analyze
    em_res = EmotionDetectionService.detect(text)
  File "C:\Users\HP\Documents\mindCompass\mindcompass-backend\ai\emotions\services.py", line 27, in detect
    return cls._rule_based_detect(text)
           ~~~~~~~~~~~~~~~~~~~~~~^^^^^^
  File "C:\Users\HP\Documents\mindCompass\mindcompass-backend\ai\emotions\services.py", line 44, in _rule_based_detect
    sentiment_res = SentimentAnalysisService.analyze(text)
  File "C:\Users\HP\Documents\mindCompass\mindcompass-backend\ai\sentiment\services.py", line 68, in analyze
    em_res = EmotionDetectionService.detect(text)
  File "C:\Users\HP\Documents\mindCompass\mindcompass-backend\ai\emotions\services.py", line 27, in detect
    return cls._rule_based_detect(text)
           ~~~~~~~~~~~~~~~~~~~~~~^^^^^^
  File "C:\Users\HP\Documents\mindCompass\mindcompass-backend\ai\emotions\services.py", line 44, in _rule_based_detect
    sentiment_res = SentimentAnalysisService.analyze(text)
  File "C:\Users\HP\Documents\mindCompass\mindcompass-backend\ai\sentiment\services.py", line 68, in analyze
    em_res = EmotionDetectionService.detect(text)
  File "C:\Users\HP\Documents\mindCompass\mindcompass-backend\ai\emotions\services.py", line 27, in detect
    return cls._rule_based_detect(text)
           ~~~~~~~~~~~~~~~~~~~~~~^^^^^^
  File "C:\Users\HP\Documents\mindCompass\mindcompass-backend\ai\emotions\services.py", line 44, in _rule_based_detect
    sentiment_res = SentimentAnalysisService.analyze(text)
  File "C:\Users\HP\Documents\mindCompass\mindcompass-backend\ai\sentiment\services.py", line 68, in analyze
    em_res = EmotionDetectionService.detect(text)
  File "C:\Users\HP\Documents\mindCompass\mindcompass-backend\ai\emotions\services.py", line 27, in detect
    return cls._rule_based_detect(text)
           ~~~~~~~~~~~~~~~~~~~~~~^^^^^^
  File "C:\Users\HP\Documents\mindCompass\mindcompass-backend\ai\emotions\services.py", line 44, in _rule_based_detect
    sentiment_res = SentimentAnalysisService.analyze(text)
  File "C:\Users\HP\Documents\mindCompass\mindcompass-backend\ai\sentiment\services.py", line 68, in analyze
    em_res = EmotionDetectionService.detect(text)
  File "C:\Users\HP\Documents\mindCompass\mindcompass-backend\ai\emotions\services.py", line 27, in detect
    return cls._rule_based_detect(text)
           ~~~~~~~~~~~~~~~~~~~~~~^^^^^^
  File "C:\Users\HP\Documents\mindCompass\mindcompass-backend\ai\emotions\services.py", line 44, in _rule_based_detect
    sentiment_res = SentimentAnalysisService.analyze(text)
  File "C:\Users\HP\Documents\mindCompass\mindcompass-backend\ai\sentiment\services.py", line 68, in analyze
    em_res = EmotionDetectionService.detect(text)
  File "C:\Users\HP\Documents\mindCompass\mindcompass-backend\ai\emotions\services.py", line 27, in detect
    return cls._rule_based_detect(text)
           ~~~~~~~~~~~~~~~~~~~~~~^^^^^^
  File "C:\Users\HP\Documents\mindCompass\mindcompass-backend\ai\emotions\services.py", line 44, in _rule_based_detect
    sentiment_res = SentimentAnalysisService.analyze(text)
  File "C:\Users\HP\Documents\mindCompass\mindcompass-backend\ai\sentiment\services.py", line 68, in analyze
    em_res = EmotionDetectionService.detect(text)
  File "C:\Users\HP\Documents\mindCompass\mindcompass-backend\ai\emotions\services.py", line 27, in detect
    return cls._rule_based_detect(text)
           ~~~~~~~~~~~~~~~~~~~~~~^^^^^^
  File "C:\Users\HP\Documents\mindCompass\mindcompass-backend\ai\emotions\services.py", line 44, in _rule_based_detect
    sentiment_res = SentimentAnalysisService.analyze(text)
  File "C:\Users\HP\Documents\mindCompass\mindcompass-backend\ai\sentiment\services.py", line 68, in analyze
    em_res = EmotionDetectionService.detect(text)
  File "C:\Users\HP\Documents\mindCompass\mindcompass-backend\ai\emotions\services.py", line 27, in detect
    return cls._rule_based_detect(text)
           ~~~~~~~~~~~~~~~~~~~~~~^^^^^^
  File "C:\Users\HP\Documents\mindCompass\mindcompass-backend\ai\emotions\services.py", line 44, in _rule_based_detect
    sentiment_res = SentimentAnalysisService.analyze(text)
  File "C:\Users\HP\Documents\mindCompass\mindcompass-backend\ai\sentiment\services.py", line 68, in analyze
    em_res = EmotionDetectionService.detect(text)
  File "C:\Users\HP\Documents\mindCompass\mindcompass-backend\ai\emotions\services.py", line 27, in detect
    return cls._rule_based_detect(text)
           ~~~~~~~~~~~~~~~~~~~~~~^^^^^^
  File "C:\Users\HP\Documents\mindCompass\mindcompass-backend\ai\emotions\services.py", line 44, in _rule_based_detect
    sentiment_res = SentimentAnalysisService.analyze(text)
  File "C:\Users\HP\Documents\mindCompass\mindcompass-backend\ai\sentiment\services.py", line 68, in analyze
    em_res = EmotionDetectionService.detect(text)
  File "C:\Users\HP\Documents\mindCompass\mindcompass-backend\ai\emotions\services.py", line 27, in detect
    return cls._rule_based_detect(text)
           ~~~~~~~~~~~~~~~~~~~~~~^^^^^^
  File "C:\Users\HP\Documents\mindCompass\mindcompass-backend\ai\emotions\services.py", line 44, in _rule_based_detect
    sentiment_res = SentimentAnalysisService.analyze(text)
  File "C:\Users\HP\Documents\mindCompass\mindcompass-backend\ai\sentiment\services.py", line 68, in analyze
    em_res = EmotionDetectionService.detect(text)
  File "C:\Users\HP\Documents\mindCompass\mindcompass-backend\ai\emotions\services.py", line 27, in detect
    return cls._rule_based_detect(text)
           ~~~~~~~~~~~~~~~~~~~~~~^^^^^^
  File "C:\Users\HP\Documents\mindCompass\mindcompass-backend\ai\emotions\services.py", line 44, in _rule_based_detect
    sentiment_res = SentimentAnalysisService.analyze(text)
  File "C:\Users\HP\Documents\mindCompass\mindcompass-backend\ai\sentiment\services.py", line 68, in analyze
    em_res = EmotionDetectionService.detect(text)
  File "C:\Users\HP\Documents\mindCompass\mindcompass-backend\ai\emotions\services.py", line 27, in detect
    return cls._rule_based_detect(text)
           ~~~~~~~~~~~~~~~~~~~~~~^^^^^^
  File "C:\Users\HP\Documents\mindCompass\mindcompass-backend\ai\emotions\services.py", line 44, in _rule_based_detect
    sentiment_res = SentimentAnalysisService.analyze(text)
  File "C:\Users\HP\Documents\mindCompass\mindcompass-backend\ai\sentiment\services.py", line 68, in analyze
    em_res = EmotionDetectionService.detect(text)
  File "C:\Users\HP\Documents\mindCompass\mindcompass-backend\ai\emotions\services.py", line 27, in detect
    return cls._rule_based_detect(text)
           ~~~~~~~~~~~~~~~~~~~~~~^^^^^^
  File "C:\Users\HP\Documents\mindCompass\mindcompass-backend\ai\emotions\services.py", line 44, in _rule_based_detect
    sentiment_res = SentimentAnalysisService.analyze(text)
  File "C:\Users\HP\Documents\mindCompass\mindcompass-backend\ai\sentiment\services.py", line 68, in analyze
    em_res = EmotionDetectionService.detect(text)
  File "C:\Users\HP\Documents\mindCompass\mindcompass-backend\ai\emotions\services.py", line 27, in detect
    return cls._rule_based_detect(text)
           ~~~~~~~~~~~~~~~~~~~~~~^^^^^^
  File "C:\Users\HP\Documents\mindCompass\mindcompass-backend\ai\emotions\services.py", line 44, in _rule_based_detect
    sentiment_res = SentimentAnalysisService.analyze(text)
  File "C:\Users\HP\Documents\mindCompass\mindcompass-backend\ai\sentiment\services.py", line 68, in analyze
    em_res = EmotionDetectionService.detect(text)
  File "C:\Users\HP\Documents\mindCompass\mindcompass-backend\ai\emotions\services.py", line 27, in detect
    return cls._rule_based_detect(text)
           ~~~~~~~~~~~~~~~~~~~~~~^^^^^^
  File "C:\Users\HP\Documents\mindCompass\mindcompass-backend\ai\emotions\services.py", line 44, in _rule_based_detect
    sentiment_res = SentimentAnalysisService.analyze(text)
  File "C:\Users\HP\Documents\mindCompass\mindcompass-backend\ai\sentiment\services.py", line 68, in analyze
    em_res = EmotionDetectionService.detect(text)
  File "C:\Users\HP\Documents\mindCompass\mindcompass-backend\ai\emotions\services.py", line 27, in detect
    return cls._rule_based_detect(text)
           ~~~~~~~~~~~~~~~~~~~~~~^^^^^^
  File "C:\Users\HP\Documents\mindCompass\mindcompass-backend\ai\emotions\services.py", line 44, in _rule_based_detect
    sentiment_res = SentimentAnalysisService.analyze(text)
  File "C:\Users\HP\Documents\mindCompass\mindcompass-backend\ai\sentiment\services.py", line 68, in analyze
    em_res = EmotionDetectionService.detect(text)
  File "C:\Users\HP\Documents\mindCompass\mindcompass-backend\ai\emotions\services.py", line 27, in detect
    return cls._rule_based_detect(text)
           ~~~~~~~~~~~~~~~~~~~~~~^^^^^^
  File "C:\Users\HP\Documents\mindCompass\mindcompass-backend\ai\emotions\services.py", line 44, in _rule_based_detect
    sentiment_res = SentimentAnalysisService.analyze(text)
  File "C:\Users\HP\Documents\mindCompass\mindcompass-backend\ai\sentiment\services.py", line 68, in analyze
    em_res = EmotionDetectionService.detect(text)
  File "C:\Users\HP\Documents\mindCompass\mindcompass-backend\ai\emotions\services.py", line 27, in detect
    return cls._rule_based_detect(text)
           ~~~~~~~~~~~~~~~~~~~~~~^^^^^^
  File "C:\Users\HP\Documents\mindCompass\mindcompass-backend\ai\emotions\services.py", line 44, in _rule_based_detect
    sentiment_res = SentimentAnalysisService.analyze(text)
  File "C:\Users\HP\Documents\mindCompass\mindcompass-backend\ai\sentiment\services.py", line 68, in analyze
    em_res = EmotionDetectionService.detect(text)
  File "C:\Users\HP\Documents\mindCompass\mindcompass-backend\ai\emotions\services.py", line 27, in detect
    return cls._rule_based_detect(text)
           ~~~~~~~~~~~~~~~~~~~~~~^^^^^^
  File "C:\Users\HP\Documents\mindCompass\mindcompass-backend\ai\emotions\services.py", line 44, in _rule_based_detect
    sentiment_res = SentimentAnalysisService.analyze(text)
  File "C:\Users\HP\Documents\mindCompass\mindcompass-backend\ai\sentiment\services.py", line 68, in analyze
    em_res = EmotionDetectionService.detect(text)
  File "C:\Users\HP\Documents\mindCompass\mindcompass-backend\ai\emotions\services.py", line 27, in detect
    return cls._rule_based_detect(text)
           ~~~~~~~~~~~~~~~~~~~~~~^^^^^^
  File "C:\Users\HP\Documents\mindCompass\mindcompass-backend\ai\emotions\services.py", line 44, in _rule_based_detect
    sentiment_res = SentimentAnalysisService.analyze(text)
  File "C:\Users\HP\Documents\mindCompass\mindcompass-backend\ai\sentiment\services.py", line 68, in analyze
    em_res = EmotionDetectionService.detect(text)
  File "C:\Users\HP\Documents\mindCompass\mindcompass-backend\ai\emotions\services.py", line 27, in detect
    return cls._rule_based_detect(text)
           ~~~~~~~~~~~~~~~~~~~~~~^^^^^^
  File "C:\Users\HP\Documents\mindCompass\mindcompass-backend\ai\emotions\services.py", line 44, in _rule_based_detect
    sentiment_res = SentimentAnalysisService.analyze(text)
  File "C:\Users\HP\Documents\mindCompass\mindcompass-backend\ai\sentiment\services.py", line 68, in analyze
    em_res = EmotionDetectionService.detect(text)
  File "C:\Users\HP\Documents\mindCompass\mindcompass-backend\ai\emotions\services.py", line 27, in detect
    return cls._rule_based_detect(text)
           ~~~~~~~~~~~~~~~~~~~~~~^^^^^^
  File "C:\Users\HP\Documents\mindCompass\mindcompass-backend\ai\emotions\services.py", line 44, in _rule_based_detect
    sentiment_res = SentimentAnalysisService.analyze(text)
  File "C:\Users\HP\Documents\mindCompass\mindcompass-backend\ai\sentiment\services.py", line 68, in analyze
    em_res = EmotionDetectionService.detect(text)
  File "C:\Users\HP\Documents\mindCompass\mindcompass-backend\ai\emotions\services.py", line 27, in detect
    return cls._rule_based_detect(text)
           ~~~~~~~~~~~~~~~~~~~~~~^^^^^^
  File "C:\Users\HP\Documents\mindCompass\mindcompass-backend\ai\emotions\services.py", line 44, in _rule_based_detect
    sentiment_res = SentimentAnalysisService.analyze(text)
  File "C:\Users\HP\Documents\mindCompass\mindcompass-backend\ai\sentiment\services.py", line 68, in analyze
    em_res = EmotionDetectionService.detect(text)
  File "C:\Users\HP\Documents\mindCompass\mindcompass-backend\ai\emotions\services.py", line 27, in detect
    return cls._rule_based_detect(text)
           ~~~~~~~~~~~~~~~~~~~~~~^^^^^^
  File "C:\Users\HP\Documents\mindCompass\mindcompass-backend\ai\emotions\services.py", line 44, in _rule_based_detect
    sentiment_res = SentimentAnalysisService.analyze(text)
  File "C:\Users\HP\Documents\mindCompass\mindcompass-backend\ai\sentiment\services.py", line 68, in analyze
    em_res = EmotionDetectionService.detect(text)
  File "C:\Users\HP\Documents\mindCompass\mindcompass-backend\ai\emotions\services.py", line 27, in detect
    return cls._rule_based_detect(text)
           ~~~~~~~~~~~~~~~~~~~~~~^^^^^^
  File "C:\Users\HP\Documents\mindCompass\mindcompass-backend\ai\emotions\services.py", line 44, in _rule_based_detect
    sentiment_res = SentimentAnalysisService.analyze(text)
  File "C:\Users\HP\Documents\mindCompass\mindcompass-backend\ai\sentiment\services.py", line 68, in analyze
    em_res = EmotionDetectionService.detect(text)
  File "C:\Users\HP\Documents\mindCompass\mindcompass-backend\ai\emotions\services.py", line 27, in detect
    return cls._rule_based_detect(text)
           ~~~~~~~~~~~~~~~~~~~~~~^^^^^^
  File "C:\Users\HP\Documents\mindCompass\mindcompass-backend\ai\emotions\services.py", line 44, in _rule_based_detect
    sentiment_res = SentimentAnalysisService.analyze(text)
  File "C:\Users\HP\Documents\mindCompass\mindcompass-backend\ai\sentiment\services.py", line 68, in analyze
    em_res = EmotionDetectionService.detect(text)
  File "C:\Users\HP\Documents\mindCompass\mindcompass-backend\ai\emotions\services.py", line 27, in detect
    return cls._rule_based_detect(text)
           ~~~~~~~~~~~~~~~~~~~~~~^^^^^^
  File "C:\Users\HP\Documents\mindCompass\mindcompass-backend\ai\emotions\services.py", line 44, in _rule_based_detect
    sentiment_res = SentimentAnalysisService.analyze(text)
  File "C:\Users\HP\Documents\mindCompass\mindcompass-backend\ai\sentiment\services.py", line 68, in analyze
    em_res = EmotionDetectionService.detect(text)
  File "C:\Users\HP\Documents\mindCompass\mindcompass-backend\ai\emotions\services.py", line 27, in detect
    return cls._rule_based_detect(text)
           ~~~~~~~~~~~~~~~~~~~~~~^^^^^^
  File "C:\Users\HP\Documents\mindCompass\mindcompass-backend\ai\emotions\services.py", line 44, in _rule_based_detect
    sentiment_res = SentimentAnalysisService.analyze(text)
  File "C:\Users\HP\Documents\mindCompass\mindcompass-backend\ai\sentiment\services.py", line 68, in analyze
    em_res = EmotionDetectionService.detect(text)
  File "C:\Users\HP\Documents\mindCompass\mindcompass-backend\ai\emotions\services.py", line 27, in detect
    return cls._rule_based_detect(text)
           ~~~~~~~~~~~~~~~~~~~~~~^^^^^^
  File "C:\Users\HP\Documents\mindCompass\mindcompass-backend\ai\emotions\services.py", line 44, in _rule_based_detect
    sentiment_res = SentimentAnalysisService.analyze(text)
  File "C:\Users\HP\Documents\mindCompass\mindcompass-backend\ai\sentiment\services.py", line 68, in analyze
    em_res = EmotionDetectionService.detect(text)
  File "C:\Users\HP\Documents\mindCompass\mindcompass-backend\ai\emotions\services.py", line 27, in detect
    return cls._rule_based_detect(text)
           ~~~~~~~~~~~~~~~~~~~~~~^^^^^^
  File "C:\Users\HP\Documents\mindCompass\mindcompass-backend\ai\emotions\services.py", line 44, in _rule_based_detect
    sentiment_res = SentimentAnalysisService.analyze(text)
  File "C:\Users\HP\Documents\mindCompass\mindcompass-backend\ai\sentiment\services.py", line 68, in analyze
    em_res = EmotionDetectionService.detect(text)
  File "C:\Users\HP\Documents\mindCompass\mindcompass-backend\ai\emotions\services.py", line 27, in detect
    return cls._rule_based_detect(text)
           ~~~~~~~~~~~~~~~~~~~~~~^^^^^^
  File "C:\Users\HP\Documents\mindCompass\mindcompass-backend\ai\emotions\services.py", line 44, in _rule_based_detect
    sentiment_res = SentimentAnalysisService.analyze(text)
  File "C:\Users\HP\Documents\mindCompass\mindcompass-backend\ai\sentiment\services.py", line 68, in analyze
    em_res = EmotionDetectionService.detect(text)
  File "C:\Users\HP\Documents\mindCompass\mindcompass-backend\ai\emotions\services.py", line 27, in detect
    return cls._rule_based_detect(text)
           ~~~~~~~~~~~~~~~~~~~~~~^^^^^^
  File "C:\Users\HP\Documents\mindCompass\mindcompass-backend\ai\emotions\services.py", line 44, in _rule_based_detect
    sentiment_res = SentimentAnalysisService.analyze(text)
  File "C:\Users\HP\Documents\mindCompass\mindcompass-backend\ai\sentiment\services.py", line 68, in analyze
    em_res = EmotionDetectionService.detect(text)
  File "C:\Users\HP\Documents\mindCompass\mindcompass-backend\ai\emotions\services.py", line 27, in detect
    return cls._rule_based_detect(text)
           ~~~~~~~~~~~~~~~~~~~~~~^^^^^^
  File "C:\Users\HP\Documents\mindCompass\mindcompass-backend\ai\emotions\services.py", line 44, in _rule_based_detect
    sentiment_res = SentimentAnalysisService.analyze(text)
  File "C:\Users\HP\Documents\mindCompass\mindcompass-backend\ai\sentiment\services.py", line 68, in analyze
    em_res = EmotionDetectionService.detect(text)
  File "C:\Users\HP\Documents\mindCompass\mindcompass-backend\ai\emotions\services.py", line 27, in detect
    return cls._rule_based_detect(text)
           ~~~~~~~~~~~~~~~~~~~~~~^^^^^^
  File "C:\Users\HP\Documents\mindCompass\mindcompass-backend\ai\emotions\services.py", line 44, in _rule_based_detect
    sentiment_res = SentimentAnalysisService.analyze(text)
  File "C:\Users\HP\Documents\mindCompass\mindcompass-backend\ai\sentiment\services.py", line 68, in analyze
    em_res = EmotionDetectionService.detect(text)
  File "C:\Users\HP\Documents\mindCompass\mindcompass-backend\ai\emotions\services.py", line 27, in detect
    return cls._rule_based_detect(text)
           ~~~~~~~~~~~~~~~~~~~~~~^^^^^^
  File "C:\Users\HP\Documents\mindCompass\mindcompass-backend\ai\emotions\services.py", line 44, in _rule_based_detect
    sentiment_res = SentimentAnalysisService.analyze(text)
  File "C:\Users\HP\Documents\mindCompass\mindcompass-backend\ai\sentiment\services.py", line 68, in analyze
    em_res = EmotionDetectionService.detect(text)
  File "C:\Users\HP\Documents\mindCompass\mindcompass-backend\ai\emotions\services.py", line 27, in detect
    return cls._rule_based_detect(text)
           ~~~~~~~~~~~~~~~~~~~~~~^^^^^^
  File "C:\Users\HP\Documents\mindCompass\mindcompass-backend\ai\emotions\services.py", line 44, in _rule_based_detect
    sentiment_res = SentimentAnalysisService.analyze(text)
  File "C:\Users\HP\Documents\mindCompass\mindcompass-backend\ai\sentiment\services.py", line 68, in analyze
    em_res = EmotionDetectionService.detect(text)
  File "C:\Users\HP\Documents\mindCompass\mindcompass-backend\ai\emotions\services.py", line 27, in detect
    return cls._rule_based_detect(text)
           ~~~~~~~~~~~~~~~~~~~~~~^^^^^^
  File "C:\Users\HP\Documents\mindCompass\mindcompass-backend\ai\emotions\services.py", line 44, in _rule_based_detect
    sentiment_res = SentimentAnalysisService.analyze(text)
  File "C:\Users\HP\Documents\mindCompass\mindcompass-backend\ai\sentiment\services.py", line 68, in analyze
    em_res = EmotionDetectionService.detect(text)
  File "C:\Users\HP\Documents\mindCompass\mindcompass-backend\ai\emotions\services.py", line 27, in detect
    return cls._rule_based_detect(text)
           ~~~~~~~~~~~~~~~~~~~~~~^^^^^^
  File "C:\Users\HP\Documents\mindCompass\mindcompass-backend\ai\emotions\services.py", line 44, in _rule_based_detect
    sentiment_res = SentimentAnalysisService.analyze(text)
  File "C:\Users\HP\Documents\mindCompass\mindcompass-backend\ai\sentiment\services.py", line 68, in analyze
    em_res = EmotionDetectionService.detect(text)
  File "C:\Users\HP\Documents\mindCompass\mindcompass-backend\ai\emotions\services.py", line 27, in detect
    return cls._rule_based_detect(text)
           ~~~~~~~~~~~~~~~~~~~~~~^^^^^^
  File "C:\Users\HP\Documents\mindCompass\mindcompass-backend\ai\emotions\services.py", line 44, in _rule_based_detect
    sentiment_res = SentimentAnalysisService.analyze(text)
  File "C:\Users\HP\Documents\mindCompass\mindcompass-backend\ai\sentiment\services.py", line 68, in analyze
    em_res = EmotionDetectionService.detect(text)
  File "C:\Users\HP\Documents\mindCompass\mindcompass-backend\ai\emotions\services.py", line 27, in detect
    return cls._rule_based_detect(text)
           ~~~~~~~~~~~~~~~~~~~~~~^^^^^^
  File "C:\Users\HP\Documents\mindCompass\mindcompass-backend\ai\emotions\services.py", line 44, in _rule_based_detect
    sentiment_res = SentimentAnalysisService.analyze(text)
  File "C:\Users\HP\Documents\mindCompass\mindcompass-backend\ai\sentiment\services.py", line 68, in analyze
    em_res = EmotionDetectionService.detect(text)
  File "C:\Users\HP\Documents\mindCompass\mindcompass-backend\ai\emotions\services.py", line 27, in detect
    return cls._rule_based_detect(text)
           ~~~~~~~~~~~~~~~~~~~~~~^^^^^^
  File "C:\Users\HP\Documents\mindCompass\mindcompass-backend\ai\emotions\services.py", line 44, in _rule_based_detect
    sentiment_res = SentimentAnalysisService.analyze(text)
  File "C:\Users\HP\Documents\mindCompass\mindcompass-backend\ai\sentiment\services.py", line 68, in analyze
    em_res = EmotionDetectionService.detect(text)
  File "C:\Users\HP\Documents\mindCompass\mindcompass-backend\ai\emotions\services.py", line 27, in detect
    return cls._rule_based_detect(text)
           ~~~~~~~~~~~~~~~~~~~~~~^^^^^^
  File "C:\Users\HP\Documents\mindCompass\mindcompass-backend\ai\emotions\services.py", line 44, in _rule_based_detect
    sentiment_res = SentimentAnalysisService.analyze(text)
  File "C:\Users\HP\Documents\mindCompass\mindcompass-backend\ai\sentiment\services.py", line 68, in analyze
    em_res = EmotionDetectionService.detect(text)
  File "C:\Users\HP\Documents\mindCompass\mindcompass-backend\ai\emotions\services.py", line 27, in detect
    return cls._rule_based_detect(text)
           ~~~~~~~~~~~~~~~~~~~~~~^^^^^^
  File "C:\Users\HP\Documents\mindCompass\mindcompass-backend\ai\emotions\services.py", line 44, in _rule_based_detect
    sentiment_res = SentimentAnalysisService.analyze(text)
  File "C:\Users\HP\Documents\mindCompass\mindcompass-backend\ai\sentiment\services.py", line 68, in analyze
    em_res = EmotionDetectionService.detect(text)
  File "C:\Users\HP\Documents\mindCompass\mindcompass-backend\ai\emotions\services.py", line 27, in detect
    return cls._rule_based_detect(text)
           ~~~~~~~~~~~~~~~~~~~~~~^^^^^^
  File "C:\Users\HP\Documents\mindCompass\mindcompass-backend\ai\emotions\services.py", line 44, in _rule_based_detect
    sentiment_res = SentimentAnalysisService.analyze(text)
  File "C:\Users\HP\Documents\mindCompass\mindcompass-backend\ai\sentiment\services.py", line 68, in analyze
    em_res = EmotionDetectionService.detect(text)
  File "C:\Users\HP\Documents\mindCompass\mindcompass-backend\ai\emotions\services.py", line 27, in detect
    return cls._rule_based_detect(text)
           ~~~~~~~~~~~~~~~~~~~~~~^^^^^^
  File "C:\Users\HP\Documents\mindCompass\mindcompass-backend\ai\emotions\services.py", line 44, in _rule_based_detect
    sentiment_res = SentimentAnalysisService.analyze(text)
  File "C:\Users\HP\Documents\mindCompass\mindcompass-backend\ai\sentiment\services.py", line 68, in analyze
    em_res = EmotionDetectionService.detect(text)
  File "C:\Users\HP\Documents\mindCompass\mindcompass-backend\ai\emotions\services.py", line 27, in detect
    return cls._rule_based_detect(text)
           ~~~~~~~~~~~~~~~~~~~~~~^^^^^^
  File "C:\Users\HP\Documents\mindCompass\mindcompass-backend\ai\emotions\services.py", line 44, in _rule_based_detect
    sentiment_res = SentimentAnalysisService.analyze(text)
  File "C:\Users\HP\Documents\mindCompass\mindcompass-backend\ai\sentiment\services.py", line 68, in analyze
    em_res = EmotionDetectionService.detect(text)
  File "C:\Users\HP\Documents\mindCompass\mindcompass-backend\ai\emotions\services.py", line 27, in detect
    return cls._rule_based_detect(text)
           ~~~~~~~~~~~~~~~~~~~~~~^^^^^^
  File "C:\Users\HP\Documents\mindCompass\mindcompass-backend\ai\emotions\services.py", line 44, in _rule_based_detect
    sentiment_res = SentimentAnalysisService.analyze(text)
  File "C:\Users\HP\Documents\mindCompass\mindcompass-backend\ai\sentiment\services.py", line 68, in analyze
    em_res = EmotionDetectionService.detect(text)
  File "C:\Users\HP\Documents\mindCompass\mindcompass-backend\ai\emotions\services.py", line 27, in detect
    return cls._rule_based_detect(text)
           ~~~~~~~~~~~~~~~~~~~~~~^^^^^^
  File "C:\Users\HP\Documents\mindCompass\mindcompass-backend\ai\emotions\services.py", line 44, in _rule_based_detect
    sentiment_res = SentimentAnalysisService.analyze(text)
  File "C:\Users\HP\Documents\mindCompass\mindcompass-backend\ai\sentiment\services.py", line 68, in analyze
    em_res = EmotionDetectionService.detect(text)
  File "C:\Users\HP\Documents\mindCompass\mindcompass-backend\ai\emotions\services.py", line 27, in detect
    return cls._rule_based_detect(text)
           ~~~~~~~~~~~~~~~~~~~~~~^^^^^^
  File "C:\Users\HP\Documents\mindCompass\mindcompass-backend\ai\emotions\services.py", line 44, in _rule_based_detect
    sentiment_res = SentimentAnalysisService.analyze(text)
  File "C:\Users\HP\Documents\mindCompass\mindcompass-backend\ai\sentiment\services.py", line 68, in analyze
    em_res = EmotionDetectionService.detect(text)
  File "C:\Users\HP\Documents\mindCompass\mindcompass-backend\ai\emotions\services.py", line 27, in detect
    return cls._rule_based_detect(text)
           ~~~~~~~~~~~~~~~~~~~~~~^^^^^^
  File "C:\Users\HP\Documents\mindCompass\mindcompass-backend\ai\emotions\services.py", line 44, in _rule_based_detect
    sentiment_res = SentimentAnalysisService.analyze(text)
  File "C:\Users\HP\Documents\mindCompass\mindcompass-backend\ai\sentiment\services.py", line 68, in analyze
    em_res = EmotionDetectionService.detect(text)
  File "C:\Users\HP\Documents\mindCompass\mindcompass-backend\ai\emotions\services.py", line 27, in detect
    return cls._rule_based_detect(text)
           ~~~~~~~~~~~~~~~~~~~~~~^^^^^^
  File "C:\Users\HP\Documents\mindCompass\mindcompass-backend\ai\emotions\services.py", line 44, in _rule_based_detect
    sentiment_res = SentimentAnalysisService.analyze(text)
  File "C:\Users\HP\Documents\mindCompass\mindcompass-backend\ai\sentiment\services.py", line 68, in analyze
    em_res = EmotionDetectionService.detect(text)
  File "C:\Users\HP\Documents\mindCompass\mindcompass-backend\ai\emotions\services.py", line 27, in detect
    return cls._rule_based_detect(text)
           ~~~~~~~~~~~~~~~~~~~~~~^^^^^^
  File "C:\Users\HP\Documents\mindCompass\mindcompass-backend\ai\emotions\services.py", line 44, in _rule_based_detect
    sentiment_res = SentimentAnalysisService.analyze(text)
  File "C:\Users\HP\Documents\mindCompass\mindcompass-backend\ai\sentiment\services.py", line 68, in analyze
    em_res = EmotionDetectionService.detect(text)
  File "C:\Users\HP\Documents\mindCompass\mindcompass-backend\ai\emotions\services.py", line 27, in detect
    return cls._rule_based_detect(text)
           ~~~~~~~~~~~~~~~~~~~~~~^^^^^^
  File "C:\Users\HP\Documents\mindCompass\mindcompass-backend\ai\emotions\services.py", line 44, in _rule_based_detect
    sentiment_res = SentimentAnalysisService.analyze(text)
  File "C:\Users\HP\Documents\mindCompass\mindcompass-backend\ai\sentiment\services.py", line 68, in analyze
    em_res = EmotionDetectionService.detect(text)
  File "C:\Users\HP\Documents\mindCompass\mindcompass-backend\ai\emotions\services.py", line 27, in detect
    return cls._rule_based_detect(text)
           ~~~~~~~~~~~~~~~~~~~~~~^^^^^^
  File "C:\Users\HP\Documents\mindCompass\mindcompass-backend\ai\emotions\services.py", line 44, in _rule_based_detect
    sentiment_res = SentimentAnalysisService.analyze(text)
  File "C:\Users\HP\Documents\mindCompass\mindcompass-backend\ai\sentiment\services.py", line 68, in analyze
    em_res = EmotionDetectionService.detect(text)
  File "C:\Users\HP\Documents\mindCompass\mindcompass-backend\ai\emotions\services.py", line 27, in detect
    return cls._rule_based_detect(text)
           ~~~~~~~~~~~~~~~~~~~~~~^^^^^^
  File "C:\Users\HP\Documents\mindCompass\mindcompass-backend\ai\emotions\services.py", line 44, in _rule_based_detect
    sentiment_res = SentimentAnalysisService.analyze(text)
  File "C:\Users\HP\Documents\mindCompass\mindcompass-backend\ai\sentiment\services.py", line 68, in analyze
    em_res = EmotionDetectionService.detect(text)
  File "C:\Users\HP\Documents\mindCompass\mindcompass-backend\ai\emotions\services.py", line 27, in detect
    return cls._rule_based_detect(text)
           ~~~~~~~~~~~~~~~~~~~~~~^^^^^^
  File "C:\Users\HP\Documents\mindCompass\mindcompass-backend\ai\emotions\services.py", line 44, in _rule_based_detect
    sentiment_res = SentimentAnalysisService.analyze(text)
  File "C:\Users\HP\Documents\mindCompass\mindcompass-backend\ai\sentiment\services.py", line 68, in analyze
    em_res = EmotionDetectionService.detect(text)
  File "C:\Users\HP\Documents\mindCompass\mindcompass-backend\ai\emotions\services.py", line 27, in detect
    return cls._rule_based_detect(text)
           ~~~~~~~~~~~~~~~~~~~~~~^^^^^^
  File "C:\Users\HP\Documents\mindCompass\mindcompass-backend\ai\emotions\services.py", line 44, in _rule_based_detect
    sentiment_res = SentimentAnalysisService.analyze(text)
  File "C:\Users\HP\Documents\mindCompass\mindcompass-backend\ai\sentiment\services.py", line 68, in analyze
    em_res = EmotionDetectionService.detect(text)
  File "C:\Users\HP\Documents\mindCompass\mindcompass-backend\ai\emotions\services.py", line 27, in detect
    return cls._rule_based_detect(text)
           ~~~~~~~~~~~~~~~~~~~~~~^^^^^^
  File "C:\Users\HP\Documents\mindCompass\mindcompass-backend\ai\emotions\services.py", line 44, in _rule_based_detect
    sentiment_res = SentimentAnalysisService.analyze(text)
  File "C:\Users\HP\Documents\mindCompass\mindcompass-backend\ai\sentiment\services.py", line 68, in analyze
    em_res = EmotionDetectionService.detect(text)
  File "C:\Users\HP\Documents\mindCompass\mindcompass-backend\ai\emotions\services.py", line 27, in detect
    return cls._rule_based_detect(text)
           ~~~~~~~~~~~~~~~~~~~~~~^^^^^^
  File "C:\Users\HP\Documents\mindCompass\mindcompass-backend\ai\emotions\services.py", line 44, in _rule_based_detect
    sentiment_res = SentimentAnalysisService.analyze(text)
  File "C:\Users\HP\Documents\mindCompass\mindcompass-backend\ai\sentiment\services.py", line 68, in analyze
    em_res = EmotionDetectionService.detect(text)
  File "C:\Users\HP\Documents\mindCompass\mindcompass-backend\ai\emotions\services.py", line 27, in detect
    return cls._rule_based_detect(text)
           ~~~~~~~~~~~~~~~~~~~~~~^^^^^^
  File "C:\Users\HP\Documents\mindCompass\mindcompass-backend\ai\emotions\services.py", line 44, in _rule_based_detect
    sentiment_res = SentimentAnalysisService.analyze(text)
  File "C:\Users\HP\Documents\mindCompass\mindcompass-backend\ai\sentiment\services.py", line 68, in analyze
    em_res = EmotionDetectionService.detect(text)
  File "C:\Users\HP\Documents\mindCompass\mindcompass-backend\ai\emotions\services.py", line 27, in detect
    return cls._rule_based_detect(text)
           ~~~~~~~~~~~~~~~~~~~~~~^^^^^^
  File "C:\Users\HP\Documents\mindCompass\mindcompass-backend\ai\emotions\services.py", line 44, in _rule_based_detect
    sentiment_res = SentimentAnalysisService.analyze(text)
  File "C:\Users\HP\Documents\mindCompass\mindcompass-backend\ai\sentiment\services.py", line 68, in analyze
    em_res = EmotionDetectionService.detect(text)
  File "C:\Users\HP\Documents\mindCompass\mindcompass-backend\ai\emotions\services.py", line 27, in detect
    return cls._rule_based_detect(text)
           ~~~~~~~~~~~~~~~~~~~~~~^^^^^^
  File "C:\Users\HP\Documents\mindCompass\mindcompass-backend\ai\emotions\services.py", line 44, in _rule_based_detect
    sentiment_res = SentimentAnalysisService.analyze(text)
  File "C:\Users\HP\Documents\mindCompass\mindcompass-backend\ai\sentiment\services.py", line 68, in analyze
    em_res = EmotionDetectionService.detect(text)
  File "C:\Users\HP\Documents\mindCompass\mindcompass-backend\ai\emotions\services.py", line 27, in detect
    return cls._rule_based_detect(text)
           ~~~~~~~~~~~~~~~~~~~~~~^^^^^^
  File "C:\Users\HP\Documents\mindCompass\mindcompass-backend\ai\emotions\services.py", line 44, in _rule_based_detect
    sentiment_res = SentimentAnalysisService.analyze(text)
  File "C:\Users\HP\Documents\mindCompass\mindcompass-backend\ai\sentiment\services.py", line 68, in analyze
    em_res = EmotionDetectionService.detect(text)
  File "C:\Users\HP\Documents\mindCompass\mindcompass-backend\ai\emotions\services.py", line 27, in detect
    return cls._rule_based_detect(text)
           ~~~~~~~~~~~~~~~~~~~~~~^^^^^^
  File "C:\Users\HP\Documents\mindCompass\mindcompass-backend\ai\emotions\services.py", line 44, in _rule_based_detect
    sentiment_res = SentimentAnalysisService.analyze(text)
  File "C:\Users\HP\Documents\mindCompass\mindcompass-backend\ai\sentiment\services.py", line 68, in analyze
    em_res = EmotionDetectionService.detect(text)
  File "C:\Users\HP\Documents\mindCompass\mindcompass-backend\ai\emotions\services.py", line 27, in detect
    return cls._rule_based_detect(text)
           ~~~~~~~~~~~~~~~~~~~~~~^^^^^^
  File "C:\Users\HP\Documents\mindCompass\mindcompass-backend\ai\emotions\services.py", line 44, in _rule_based_detect
    sentiment_res = SentimentAnalysisService.analyze(text)
  File "C:\Users\HP\Documents\mindCompass\mindcompass-backend\ai\sentiment\services.py", line 68, in analyze
    em_res = EmotionDetectionService.detect(text)
  File "C:\Users\HP\Documents\mindCompass\mindcompass-backend\ai\emotions\services.py", line 27, in detect
    return cls._rule_based_detect(text)
           ~~~~~~~~~~~~~~~~~~~~~~^^^^^^
  File "C:\Users\HP\Documents\mindCompass\mindcompass-backend\ai\emotions\services.py", line 44, in _rule_based_detect
    sentiment_res = SentimentAnalysisService.analyze(text)
  File "C:\Users\HP\Documents\mindCompass\mindcompass-backend\ai\sentiment\services.py", line 68, in analyze
    em_res = EmotionDetectionService.detect(text)
  File "C:\Users\HP\Documents\mindCompass\mindcompass-backend\ai\emotions\services.py", line 27, in detect
    return cls._rule_based_detect(text)
           ~~~~~~~~~~~~~~~~~~~~~~^^^^^^
  File "C:\Users\HP\Documents\mindCompass\mindcompass-backend\ai\emotions\services.py", line 44, in _rule_based_detect
    sentiment_res = SentimentAnalysisService.analyze(text)
  File "C:\Users\HP\Documents\mindCompass\mindcompass-backend\ai\sentiment\services.py", line 68, in analyze
    em_res = EmotionDetectionService.detect(text)
  File "C:\Users\HP\Documents\mindCompass\mindcompass-backend\ai\emotions\services.py", line 27, in detect
    return cls._rule_based_detect(text)
           ~~~~~~~~~~~~~~~~~~~~~~^^^^^^
  File "C:\Users\HP\Documents\mindCompass\mindcompass-backend\ai\emotions\services.py", line 44, in _rule_based_detect
    sentiment_res = SentimentAnalysisService.analyze(text)
  File "C:\Users\HP\Documents\mindCompass\mindcompass-backend\ai\sentiment\services.py", line 68, in analyze
    em_res = EmotionDetectionService.detect(text)
  File "C:\Users\HP\Documents\mindCompass\mindcompass-backend\ai\emotions\services.py", line 27, in detect
    return cls._rule_based_detect(text)
           ~~~~~~~~~~~~~~~~~~~~~~^^^^^^
  File "C:\Users\HP\Documents\mindCompass\mindcompass-backend\ai\emotions\services.py", line 44, in _rule_based_detect
    sentiment_res = SentimentAnalysisService.analyze(text)
  File "C:\Users\HP\Documents\mindCompass\mindcompass-backend\ai\sentiment\services.py", line 68, in analyze
    em_res = EmotionDetectionService.detect(text)
  File "C:\Users\HP\Documents\mindCompass\mindcompass-backend\ai\emotions\services.py", line 27, in detect
    return cls._rule_based_detect(text)
           ~~~~~~~~~~~~~~~~~~~~~~^^^^^^
  File "C:\Users\HP\Documents\mindCompass\mindcompass-backend\ai\emotions\services.py", line 44, in _rule_based_detect
    sentiment_res = SentimentAnalysisService.analyze(text)
  File "C:\Users\HP\Documents\mindCompass\mindcompass-backend\ai\sentiment\services.py", line 68, in analyze
    em_res = EmotionDetectionService.detect(text)
  File "C:\Users\HP\Documents\mindCompass\mindcompass-backend\ai\emotions\services.py", line 27, in detect
    return cls._rule_based_detect(text)
           ~~~~~~~~~~~~~~~~~~~~~~^^^^^^
  File "C:\Users\HP\Documents\mindCompass\mindcompass-backend\ai\emotions\services.py", line 44, in _rule_based_detect
    sentiment_res = SentimentAnalysisService.analyze(text)
  File "C:\Users\HP\Documents\mindCompass\mindcompass-backend\ai\sentiment\services.py", line 68, in analyze
    em_res = EmotionDetectionService.detect(text)
  File "C:\Users\HP\Documents\mindCompass\mindcompass-backend\ai\emotions\services.py", line 27, in detect
    return cls._rule_based_detect(text)
           ~~~~~~~~~~~~~~~~~~~~~~^^^^^^
  File "C:\Users\HP\Documents\mindCompass\mindcompass-backend\ai\emotions\services.py", line 44, in _rule_based_detect
    sentiment_res = SentimentAnalysisService.analyze(text)
  File "C:\Users\HP\Documents\mindCompass\mindcompass-backend\ai\sentiment\services.py", line 68, in analyze
    em_res = EmotionDetectionService.detect(text)
  File "C:\Users\HP\Documents\mindCompass\mindcompass-backend\ai\emotions\services.py", line 27, in detect
    return cls._rule_based_detect(text)
           ~~~~~~~~~~~~~~~~~~~~~~^^^^^^
  File "C:\Users\HP\Documents\mindCompass\mindcompass-backend\ai\emotions\services.py", line 44, in _rule_based_detect
    sentiment_res = SentimentAnalysisService.analyze(text)
  File "C:\Users\HP\Documents\mindCompass\mindcompass-backend\ai\sentiment\services.py", line 68, in analyze
    em_res = EmotionDetectionService.detect(text)
  File "C:\Users\HP\Documents\mindCompass\mindcompass-backend\ai\emotions\services.py", line 27, in detect
    return cls._rule_based_detect(text)
           ~~~~~~~~~~~~~~~~~~~~~~^^^^^^
  File "C:\Users\HP\Documents\mindCompass\mindcompass-backend\ai\emotions\services.py", line 44, in _rule_based_detect
    sentiment_res = SentimentAnalysisService.analyze(text)
  File "C:\Users\HP\Documents\mindCompass\mindcompass-backend\ai\sentiment\services.py", line 68, in analyze
    em_res = EmotionDetectionService.detect(text)
  File "C:\Users\HP\Documents\mindCompass\mindcompass-backend\ai\emotions\services.py", line 27, in detect
    return cls._rule_based_detect(text)
           ~~~~~~~~~~~~~~~~~~~~~~^^^^^^
  File "C:\Users\HP\Documents\mindCompass\mindcompass-backend\ai\emotions\services.py", line 44, in _rule_based_detect
    sentiment_res = SentimentAnalysisService.analyze(text)
  File "C:\Users\HP\Documents\mindCompass\mindcompass-backend\ai\sentiment\services.py", line 68, in analyze
    em_res = EmotionDetectionService.detect(text)
  File "C:\Users\HP\Documents\mindCompass\mindcompass-backend\ai\emotions\services.py", line 27, in detect
    return cls._rule_based_detect(text)
           ~~~~~~~~~~~~~~~~~~~~~~^^^^^^
  File "C:\Users\HP\Documents\mindCompass\mindcompass-backend\ai\emotions\services.py", line 44, in _rule_based_detect
    sentiment_res = SentimentAnalysisService.analyze(text)
  File "C:\Users\HP\Documents\mindCompass\mindcompass-backend\ai\sentiment\services.py", line 68, in analyze
    em_res = EmotionDetectionService.detect(text)
  File "C:\Users\HP\Documents\mindCompass\mindcompass-backend\ai\emotions\services.py", line 27, in detect
    return cls._rule_based_detect(text)
           ~~~~~~~~~~~~~~~~~~~~~~^^^^^^
  File "C:\Users\HP\Documents\mindCompass\mindcompass-backend\ai\emotions\services.py", line 44, in _rule_based_detect
    sentiment_res = SentimentAnalysisService.analyze(text)
  File "C:\Users\HP\Documents\mindCompass\mindcompass-backend\ai\sentiment\services.py", line 68, in analyze
    em_res = EmotionDetectionService.detect(text)
  File "C:\Users\HP\Documents\mindCompass\mindcompass-backend\ai\emotions\services.py", line 27, in detect
    return cls._rule_based_detect(text)
           ~~~~~~~~~~~~~~~~~~~~~~^^^^^^
  File "C:\Users\HP\Documents\mindCompass\mindcompass-backend\ai\emotions\services.py", line 44, in _rule_based_detect
    sentiment_res = SentimentAnalysisService.analyze(text)
  File "C:\Users\HP\Documents\mindCompass\mindcompass-backend\ai\sentiment\services.py", line 68, in analyze
    em_res = EmotionDetectionService.detect(text)
  File "C:\Users\HP\Documents\mindCompass\mindcompass-backend\ai\emotions\services.py", line 27, in detect
    return cls._rule_based_detect(text)
           ~~~~~~~~~~~~~~~~~~~~~~^^^^^^
  File "C:\Users\HP\Documents\mindCompass\mindcompass-backend\ai\emotions\services.py", line 44, in _rule_based_detect
    sentiment_res = SentimentAnalysisService.analyze(text)
  File "C:\Users\HP\Documents\mindCompass\mindcompass-backend\ai\sentiment\services.py", line 68, in analyze
    em_res = EmotionDetectionService.detect(text)
  File "C:\Users\HP\Documents\mindCompass\mindcompass-backend\ai\emotions\services.py", line 27, in detect
    return cls._rule_based_detect(text)
           ~~~~~~~~~~~~~~~~~~~~~~^^^^^^
  File "C:\Users\HP\Documents\mindCompass\mindcompass-backend\ai\emotions\services.py", line 44, in _rule_based_detect
    sentiment_res = SentimentAnalysisService.analyze(text)
  File "C:\Users\HP\Documents\mindCompass\mindcompass-backend\ai\sentiment\services.py", line 68, in analyze
    em_res = EmotionDetectionService.detect(text)
  File "C:\Users\HP\Documents\mindCompass\mindcompass-backend\ai\emotions\services.py", line 27, in detect
    return cls._rule_based_detect(text)
           ~~~~~~~~~~~~~~~~~~~~~~^^^^^^
  File "C:\Users\HP\Documents\mindCompass\mindcompass-backend\ai\emotions\services.py", line 44, in _rule_based_detect
    sentiment_res = SentimentAnalysisService.analyze(text)
  File "C:\Users\HP\Documents\mindCompass\mindcompass-backend\ai\sentiment\services.py", line 68, in analyze
    em_res = EmotionDetectionService.detect(text)
  File "C:\Users\HP\Documents\mindCompass\mindcompass-backend\ai\emotions\services.py", line 27, in detect
    return cls._rule_based_detect(text)
           ~~~~~~~~~~~~~~~~~~~~~~^^^^^^
  File "C:\Users\HP\Documents\mindCompass\mindcompass-backend\ai\emotions\services.py", line 44, in _rule_based_detect
    sentiment_res = SentimentAnalysisService.analyze(text)
  File "C:\Users\HP\Documents\mindCompass\mindcompass-backend\ai\sentiment\services.py", line 68, in analyze
    em_res = EmotionDetectionService.detect(text)
  File "C:\Users\HP\Documents\mindCompass\mindcompass-backend\ai\emotions\services.py", line 27, in detect
    return cls._rule_based_detect(text)
           ~~~~~~~~~~~~~~~~~~~~~~^^^^^^
  File "C:\Users\HP\Documents\mindCompass\mindcompass-backend\ai\emotions\services.py", line 44, in _rule_based_detect
    sentiment_res = SentimentAnalysisService.analyze(text)
  File "C:\Users\HP\Documents\mindCompass\mindcompass-backend\ai\sentiment\services.py", line 68, in analyze
    em_res = EmotionDetectionService.detect(text)
  File "C:\Users\HP\Documents\mindCompass\mindcompass-backend\ai\emotions\services.py", line 27, in detect
    return cls._rule_based_detect(text)
           ~~~~~~~~~~~~~~~~~~~~~~^^^^^^
  File "C:\Users\HP\Documents\mindCompass\mindcompass-backend\ai\emotions\services.py", line 44, in _rule_based_detect
    sentiment_res = SentimentAnalysisService.analyze(text)
  File "C:\Users\HP\Documents\mindCompass\mindcompass-backend\ai\sentiment\services.py", line 68, in analyze
    em_res = EmotionDetectionService.detect(text)
  File "C:\Users\HP\Documents\mindCompass\mindcompass-backend\ai\emotions\services.py", line 27, in detect
    return cls._rule_based_detect(text)
           ~~~~~~~~~~~~~~~~~~~~~~^^^^^^
  File "C:\Users\HP\Documents\mindCompass\mindcompass-backend\ai\emotions\services.py", line 44, in _rule_based_detect
    sentiment_res = SentimentAnalysisService.analyze(text)
  File "C:\Users\HP\Documents\mindCompass\mindcompass-backend\ai\sentiment\services.py", line 68, in analyze
    em_res = EmotionDetectionService.detect(text)
  File "C:\Users\HP\Documents\mindCompass\mindcompass-backend\ai\emotions\services.py", line 27, in detect
    return cls._rule_based_detect(text)
           ~~~~~~~~~~~~~~~~~~~~~~^^^^^^
  File "C:\Users\HP\Documents\mindCompass\mindcompass-backend\ai\emotions\services.py", line 44, in _rule_based_detect
    sentiment_res = SentimentAnalysisService.analyze(text)
  File "C:\Users\HP\Documents\mindCompass\mindcompass-backend\ai\sentiment\services.py", line 68, in analyze
    em_res = EmotionDetectionService.detect(text)
  File "C:\Users\HP\Documents\mindCompass\mindcompass-backend\ai\emotions\services.py", line 27, in detect
    return cls._rule_based_detect(text)
           ~~~~~~~~~~~~~~~~~~~~~~^^^^^^
  File "C:\Users\HP\Documents\mindCompass\mindcompass-backend\ai\emotions\services.py", line 44, in _rule_based_detect
    sentiment_res = SentimentAnalysisService.analyze(text)
  File "C:\Users\HP\Documents\mindCompass\mindcompass-backend\ai\sentiment\services.py", line 68, in analyze
    em_res = EmotionDetectionService.detect(text)
  File "C:\Users\HP\Documents\mindCompass\mindcompass-backend\ai\emotions\services.py", line 27, in detect
    return cls._rule_based_detect(text)
           ~~~~~~~~~~~~~~~~~~~~~~^^^^^^
  File "C:\Users\HP\Documents\mindCompass\mindcompass-backend\ai\emotions\services.py", line 44, in _rule_based_detect
    sentiment_res = SentimentAnalysisService.analyze(text)
  File "C:\Users\HP\Documents\mindCompass\mindcompass-backend\ai\sentiment\services.py", line 68, in analyze
    em_res = EmotionDetectionService.detect(text)
  File "C:\Users\HP\Documents\mindCompass\mindcompass-backend\ai\emotions\services.py", line 27, in detect
    return cls._rule_based_detect(text)
           ~~~~~~~~~~~~~~~~~~~~~~^^^^^^
  File "C:\Users\HP\Documents\mindCompass\mindcompass-backend\ai\emotions\services.py", line 44, in _rule_based_detect
    sentiment_res = SentimentAnalysisService.analyze(text)
  File "C:\Users\HP\Documents\mindCompass\mindcompass-backend\ai\sentiment\services.py", line 68, in analyze
    em_res = EmotionDetectionService.detect(text)
  File "C:\Users\HP\Documents\mindCompass\mindcompass-backend\ai\emotions\services.py", line 27, in detect
    return cls._rule_based_detect(text)
           ~~~~~~~~~~~~~~~~~~~~~~^^^^^^
  File "C:\Users\HP\Documents\mindCompass\mindcompass-backend\ai\emotions\services.py", line 44, in _rule_based_detect
    sentiment_res = SentimentAnalysisService.analyze(text)
  File "C:\Users\HP\Documents\mindCompass\mindcompass-backend\ai\sentiment\services.py", line 68, in analyze
    em_res = EmotionDetectionService.detect(text)
  File "C:\Users\HP\Documents\mindCompass\mindcompass-backend\ai\emotions\services.py", line 27, in detect
    return cls._rule_based_detect(text)
           ~~~~~~~~~~~~~~~~~~~~~~^^^^^^
  File "C:\Users\HP\Documents\mindCompass\mindcompass-backend\ai\emotions\services.py", line 44, in _rule_based_detect
    sentiment_res = SentimentAnalysisService.analyze(text)
  File "C:\Users\HP\Documents\mindCompass\mindcompass-backend\ai\sentiment\services.py", line 68, in analyze
    em_res = EmotionDetectionService.detect(text)
  File "C:\Users\HP\Documents\mindCompass\mindcompass-backend\ai\emotions\services.py", line 27, in detect
    return cls._rule_based_detect(text)
           ~~~~~~~~~~~~~~~~~~~~~~^^^^^^
  File "C:\Users\HP\Documents\mindCompass\mindcompass-backend\ai\emotions\services.py", line 44, in _rule_based_detect
    sentiment_res = SentimentAnalysisService.analyze(text)
  File "C:\Users\HP\Documents\mindCompass\mindcompass-backend\ai\sentiment\services.py", line 68, in analyze
    em_res = EmotionDetectionService.detect(text)
  File "C:\Users\HP\Documents\mindCompass\mindcompass-backend\ai\emotions\services.py", line 27, in detect
    return cls._rule_based_detect(text)
           ~~~~~~~~~~~~~~~~~~~~~~^^^^^^
  File "C:\Users\HP\Documents\mindCompass\mindcompass-backend\ai\emotions\services.py", line 44, in _rule_based_detect
    sentiment_res = SentimentAnalysisService.analyze(text)
  File "C:\Users\HP\Documents\mindCompass\mindcompass-backend\ai\sentiment\services.py", line 68, in analyze
    em_res = EmotionDetectionService.detect(text)
  File "C:\Users\HP\Documents\mindCompass\mindcompass-backend\ai\emotions\services.py", line 27, in detect
    return cls._rule_based_detect(text)
           ~~~~~~~~~~~~~~~~~~~~~~^^^^^^
  File "C:\Users\HP\Documents\mindCompass\mindcompass-backend\ai\emotions\services.py", line 44, in _rule_based_detect
    sentiment_res = SentimentAnalysisService.analyze(text)
  File "C:\Users\HP\Documents\mindCompass\mindcompass-backend\ai\sentiment\services.py", line 68, in analyze
    em_res = EmotionDetectionService.detect(text)
  File "C:\Users\HP\Documents\mindCompass\mindcompass-backend\ai\emotions\services.py", line 27, in detect
    return cls._rule_based_detect(text)
           ~~~~~~~~~~~~~~~~~~~~~~^^^^^^
  File "C:\Users\HP\Documents\mindCompass\mindcompass-backend\ai\emotions\services.py", line 44, in _rule_based_detect
    sentiment_res = SentimentAnalysisService.analyze(text)
  File "C:\Users\HP\Documents\mindCompass\mindcompass-backend\ai\sentiment\services.py", line 68, in analyze
    em_res = EmotionDetectionService.detect(text)
  File "C:\Users\HP\Documents\mindCompass\mindcompass-backend\ai\emotions\services.py", line 27, in detect
    return cls._rule_based_detect(text)
           ~~~~~~~~~~~~~~~~~~~~~~^^^^^^
  File "C:\Users\HP\Documents\mindCompass\mindcompass-backend\ai\emotions\services.py", line 44, in _rule_based_detect
    sentiment_res = SentimentAnalysisService.analyze(text)
  File "C:\Users\HP\Documents\mindCompass\mindcompass-backend\ai\sentiment\services.py", line 68, in analyze
    em_res = EmotionDetectionService.detect(text)
  File "C:\Users\HP\Documents\mindCompass\mindcompass-backend\ai\emotions\services.py", line 27, in detect
    return cls._rule_based_detect(text)
           ~~~~~~~~~~~~~~~~~~~~~~^^^^^^
  File "C:\Users\HP\Documents\mindCompass\mindcompass-backend\ai\emotions\services.py", line 44, in _rule_based_detect
    sentiment_res = SentimentAnalysisService.analyze(text)
  File "C:\Users\HP\Documents\mindCompass\mindcompass-backend\ai\sentiment\services.py", line 68, in analyze
    em_res = EmotionDetectionService.detect(text)
  File "C:\Users\HP\Documents\mindCompass\mindcompass-backend\ai\emotions\services.py", line 27, in detect
    return cls._rule_based_detect(text)
           ~~~~~~~~~~~~~~~~~~~~~~^^^^^^
  File "C:\Users\HP\Documents\mindCompass\mindcompass-backend\ai\emotions\services.py", line 44, in _rule_based_detect
    sentiment_res = SentimentAnalysisService.analyze(text)
  File "C:\Users\HP\Documents\mindCompass\mindcompass-backend\ai\sentiment\services.py", line 68, in analyze
    em_res = EmotionDetectionService.detect(text)
  File "C:\Users\HP\Documents\mindCompass\mindcompass-backend\ai\emotions\services.py", line 27, in detect
    return cls._rule_based_detect(text)
           ~~~~~~~~~~~~~~~~~~~~~~^^^^^^
  File "C:\Users\HP\Documents\mindCompass\mindcompass-backend\ai\emotions\services.py", line 44, in _rule_based_detect
    sentiment_res = SentimentAnalysisService.analyze(text)
  File "C:\Users\HP\Documents\mindCompass\mindcompass-backend\ai\sentiment\services.py", line 68, in analyze
    em_res = EmotionDetectionService.detect(text)
  File "C:\Users\HP\Documents\mindCompass\mindcompass-backend\ai\emotions\services.py", line 27, in detect
    return cls._rule_based_detect(text)
           ~~~~~~~~~~~~~~~~~~~~~~^^^^^^
  File "C:\Users\HP\Documents\mindCompass\mindcompass-backend\ai\emotions\services.py", line 44, in _rule_based_detect
    sentiment_res = SentimentAnalysisService.analyze(text)
  File "C:\Users\HP\Documents\mindCompass\mindcompass-backend\ai\sentiment\services.py", line 68, in analyze
    em_res = EmotionDetectionService.detect(text)
  File "C:\Users\HP\Documents\mindCompass\mindcompass-backend\ai\emotions\services.py", line 27, in detect
    return cls._rule_based_detect(text)
           ~~~~~~~~~~~~~~~~~~~~~~^^^^^^
  File "C:\Users\HP\Documents\mindCompass\mindcompass-backend\ai\emotions\services.py", line 44, in _rule_based_detect
    sentiment_res = SentimentAnalysisService.analyze(text)
  File "C:\Users\HP\Documents\mindCompass\mindcompass-backend\ai\sentiment\services.py", line 68, in analyze
    em_res = EmotionDetectionService.detect(text)
  File "C:\Users\HP\Documents\mindCompass\mindcompass-backend\ai\emotions\services.py", line 27, in detect
    return cls._rule_based_detect(text)
           ~~~~~~~~~~~~~~~~~~~~~~^^^^^^
  File "C:\Users\HP\Documents\mindCompass\mindcompass-backend\ai\emotions\services.py", line 44, in _rule_based_detect
    sentiment_res = SentimentAnalysisService.analyze(text)
  File "C:\Users\HP\Documents\mindCompass\mindcompass-backend\ai\sentiment\services.py", line 68, in analyze
    em_res = EmotionDetectionService.detect(text)
  File "C:\Users\HP\Documents\mindCompass\mindcompass-backend\ai\emotions\services.py", line 27, in detect
    return cls._rule_based_detect(text)
           ~~~~~~~~~~~~~~~~~~~~~~^^^^^^
  File "C:\Users\HP\Documents\mindCompass\mindcompass-backend\ai\emotions\services.py", line 44, in _rule_based_detect
    sentiment_res = SentimentAnalysisService.analyze(text)
  File "C:\Users\HP\Documents\mindCompass\mindcompass-backend\ai\sentiment\services.py", line 68, in analyze
    em_res = EmotionDetectionService.detect(text)
  File "C:\Users\HP\Documents\mindCompass\mindcompass-backend\ai\emotions\services.py", line 27, in detect
    return cls._rule_based_detect(text)
           ~~~~~~~~~~~~~~~~~~~~~~^^^^^^
  File "C:\Users\HP\Documents\mindCompass\mindcompass-backend\ai\emotions\services.py", line 44, in _rule_based_detect
    sentiment_res = SentimentAnalysisService.analyze(text)
  File "C:\Users\HP\Documents\mindCompass\mindcompass-backend\ai\sentiment\services.py", line 68, in analyze
    em_res = EmotionDetectionService.detect(text)
  File "C:\Users\HP\Documents\mindCompass\mindcompass-backend\ai\emotions\services.py", line 27, in detect
    return cls._rule_based_detect(text)
           ~~~~~~~~~~~~~~~~~~~~~~^^^^^^
  File "C:\Users\HP\Documents\mindCompass\mindcompass-backend\ai\emotions\services.py", line 44, in _rule_based_detect
    sentiment_res = SentimentAnalysisService.analyze(text)
  File "C:\Users\HP\Documents\mindCompass\mindcompass-backend\ai\sentiment\services.py", line 68, in analyze
    em_res = EmotionDetectionService.detect(text)
  File "C:\Users\HP\Documents\mindCompass\mindcompass-backend\ai\emotions\services.py", line 27, in detect
    return cls._rule_based_detect(text)
           ~~~~~~~~~~~~~~~~~~~~~~^^^^^^
  File "C:\Users\HP\Documents\mindCompass\mindcompass-backend\ai\emotions\services.py", line 44, in _rule_based_detect
    sentiment_res = SentimentAnalysisService.analyze(text)
  File "C:\Users\HP\Documents\mindCompass\mindcompass-backend\ai\sentiment\services.py", line 68, in analyze
    em_res = EmotionDetectionService.detect(text)
  File "C:\Users\HP\Documents\mindCompass\mindcompass-backend\ai\emotions\services.py", line 27, in detect
    return cls._rule_based_detect(text)
           ~~~~~~~~~~~~~~~~~~~~~~^^^^^^
  File "C:\Users\HP\Documents\mindCompass\mindcompass-backend\ai\emotions\services.py", line 44, in _rule_based_detect
    sentiment_res = SentimentAnalysisService.analyze(text)
  File "C:\Users\HP\Documents\mindCompass\mindcompass-backend\ai\sentiment\services.py", line 68, in analyze
    em_res = EmotionDetectionService.detect(text)
  File "C:\Users\HP\Documents\mindCompass\mindcompass-backend\ai\emotions\services.py", line 27, in detect
    return cls._rule_based_detect(text)
           ~~~~~~~~~~~~~~~~~~~~~~^^^^^^
  File "C:\Users\HP\Documents\mindCompass\mindcompass-backend\ai\emotions\services.py", line 44, in _rule_based_detect
    sentiment_res = SentimentAnalysisService.analyze(text)
  File "C:\Users\HP\Documents\mindCompass\mindcompass-backend\ai\sentiment\services.py", line 68, in analyze
    em_res = EmotionDetectionService.detect(text)
  File "C:\Users\HP\Documents\mindCompass\mindcompass-backend\ai\emotions\services.py", line 27, in detect
    return cls._rule_based_detect(text)
           ~~~~~~~~~~~~~~~~~~~~~~^^^^^^
  File "C:\Users\HP\Documents\mindCompass\mindcompass-backend\ai\emotions\services.py", line 44, in _rule_based_detect
    sentiment_res = SentimentAnalysisService.analyze(text)
  File "C:\Users\HP\Documents\mindCompass\mindcompass-backend\ai\sentiment\services.py", line 68, in analyze
    em_res = EmotionDetectionService.detect(text)
  File "C:\Users\HP\Documents\mindCompass\mindcompass-backend\ai\emotions\services.py", line 27, in detect
    return cls._rule_based_detect(text)
           ~~~~~~~~~~~~~~~~~~~~~~^^^^^^
  File "C:\Users\HP\Documents\mindCompass\mindcompass-backend\ai\emotions\services.py", line 44, in _rule_based_detect
    sentiment_res = SentimentAnalysisService.analyze(text)
  File "C:\Users\HP\Documents\mindCompass\mindcompass-backend\ai\sentiment\services.py", line 68, in analyze
    em_res = EmotionDetectionService.detect(text)
  File "C:\Users\HP\Documents\mindCompass\mindcompass-backend\ai\emotions\services.py", line 27, in detect
    return cls._rule_based_detect(text)
           ~~~~~~~~~~~~~~~~~~~~~~^^^^^^
  File "C:\Users\HP\Documents\mindCompass\mindcompass-backend\ai\emotions\services.py", line 44, in _rule_based_detect
    sentiment_res = SentimentAnalysisService.analyze(text)
  File "C:\Users\HP\Documents\mindCompass\mindcompass-backend\ai\sentiment\services.py", line 68, in analyze
    em_res = EmotionDetectionService.detect(text)
  File "C:\Users\HP\Documents\mindCompass\mindcompass-backend\ai\emotions\services.py", line 27, in detect
    return cls._rule_based_detect(text)
           ~~~~~~~~~~~~~~~~~~~~~~^^^^^^
  File "C:\Users\HP\Documents\mindCompass\mindcompass-backend\ai\emotions\services.py", line 44, in _rule_based_detect
    sentiment_res = SentimentAnalysisService.analyze(text)
  File "C:\Users\HP\Documents\mindCompass\mindcompass-backend\ai\sentiment\services.py", line 68, in analyze
    em_res = EmotionDetectionService.detect(text)
  File "C:\Users\HP\Documents\mindCompass\mindcompass-backend\ai\emotions\services.py", line 27, in detect
    return cls._rule_based_detect(text)
           ~~~~~~~~~~~~~~~~~~~~~~^^^^^^
  File "C:\Users\HP\Documents\mindCompass\mindcompass-backend\ai\emotions\services.py", line 44, in _rule_based_detect
    sentiment_res = SentimentAnalysisService.analyze(text)
  File "C:\Users\HP\Documents\mindCompass\mindcompass-backend\ai\sentiment\services.py", line 68, in analyze
    em_res = EmotionDetectionService.detect(text)
  File "C:\Users\HP\Documents\mindCompass\mindcompass-backend\ai\emotions\services.py", line 27, in detect
    return cls._rule_based_detect(text)
           ~~~~~~~~~~~~~~~~~~~~~~^^^^^^
  File "C:\Users\HP\Documents\mindCompass\mindcompass-backend\ai\emotions\services.py", line 44, in _rule_based_detect
    sentiment_res = SentimentAnalysisService.analyze(text)
  File "C:\Users\HP\Documents\mindCompass\mindcompass-backend\ai\sentiment\services.py", line 68, in analyze
    em_res = EmotionDetectionService.detect(text)
  File "C:\Users\HP\Documents\mindCompass\mindcompass-backend\ai\emotions\services.py", line 27, in detect
    return cls._rule_based_detect(text)
           ~~~~~~~~~~~~~~~~~~~~~~^^^^^^
  File "C:\Users\HP\Documents\mindCompass\mindcompass-backend\ai\emotions\services.py", line 44, in _rule_based_detect
    sentiment_res = SentimentAnalysisService.analyze(text)
  File "C:\Users\HP\Documents\mindCompass\mindcompass-backend\ai\sentiment\services.py", line 68, in analyze
    em_res = EmotionDetectionService.detect(text)
  File "C:\Users\HP\Documents\mindCompass\mindcompass-backend\ai\emotions\services.py", line 27, in detect
    return cls._rule_based_detect(text)
           ~~~~~~~~~~~~~~~~~~~~~~^^^^^^
  File "C:\Users\HP\Documents\mindCompass\mindcompass-backend\ai\emotions\services.py", line 44, in _rule_based_detect
    sentiment_res = SentimentAnalysisService.analyze(text)
  File "C:\Users\HP\Documents\mindCompass\mindcompass-backend\ai\sentiment\services.py", line 68, in analyze
    em_res = EmotionDetectionService.detect(text)
  File "C:\Users\HP\Documents\mindCompass\mindcompass-backend\ai\emotions\services.py", line 27, in detect
    return cls._rule_based_detect(text)
           ~~~~~~~~~~~~~~~~~~~~~~^^^^^^
  File "C:\Users\HP\Documents\mindCompass\mindcompass-backend\ai\emotions\services.py", line 44, in _rule_based_detect
    sentiment_res = SentimentAnalysisService.analyze(text)
  File "C:\Users\HP\Documents\mindCompass\mindcompass-backend\ai\sentiment\services.py", line 68, in analyze
    em_res = EmotionDetectionService.detect(text)
  File "C:\Users\HP\Documents\mindCompass\mindcompass-backend\ai\emotions\services.py", line 27, in detect
    return cls._rule_based_detect(text)
           ~~~~~~~~~~~~~~~~~~~~~~^^^^^^
  File "C:\Users\HP\Documents\mindCompass\mindcompass-backend\ai\emotions\services.py", line 44, in _rule_based_detect
    sentiment_res = SentimentAnalysisService.analyze(text)
  File "C:\Users\HP\Documents\mindCompass\mindcompass-backend\ai\sentiment\services.py", line 68, in analyze
    em_res = EmotionDetectionService.detect(text)
  File "C:\Users\HP\Documents\mindCompass\mindcompass-backend\ai\emotions\services.py", line 27, in detect
    return cls._rule_based_detect(text)
           ~~~~~~~~~~~~~~~~~~~~~~^^^^^^
  File "C:\Users\HP\Documents\mindCompass\mindcompass-backend\ai\emotions\services.py", line 44, in _rule_based_detect
    sentiment_res = SentimentAnalysisService.analyze(text)
  File "C:\Users\HP\Documents\mindCompass\mindcompass-backend\ai\sentiment\services.py", line 68, in analyze
    em_res = EmotionDetectionService.detect(text)
  File "C:\Users\HP\Documents\mindCompass\mindcompass-backend\ai\emotions\services.py", line 27, in detect
    return cls._rule_based_detect(text)
           ~~~~~~~~~~~~~~~~~~~~~~^^^^^^
  File "C:\Users\HP\Documents\mindCompass\mindcompass-backend\ai\emotions\services.py", line 44, in _rule_based_detect
    sentiment_res = SentimentAnalysisService.analyze(text)
  File "C:\Users\HP\Documents\mindCompass\mindcompass-backend\ai\sentiment\services.py", line 68, in analyze
    em_res = EmotionDetectionService.detect(text)
  File "C:\Users\HP\Documents\mindCompass\mindcompass-backend\ai\emotions\services.py", line 27, in detect
    return cls._rule_based_detect(text)
           ~~~~~~~~~~~~~~~~~~~~~~^^^^^^
  File "C:\Users\HP\Documents\mindCompass\mindcompass-backend\ai\emotions\services.py", line 44, in _rule_based_detect
    sentiment_res = SentimentAnalysisService.analyze(text)
  File "C:\Users\HP\Documents\mindCompass\mindcompass-backend\ai\sentiment\services.py", line 68, in analyze
    em_res = EmotionDetectionService.detect(text)
  File "C:\Users\HP\Documents\mindCompass\mindcompass-backend\ai\emotions\services.py", line 27, in detect
    return cls._rule_based_detect(text)
           ~~~~~~~~~~~~~~~~~~~~~~^^^^^^
  File "C:\Users\HP\Documents\mindCompass\mindcompass-backend\ai\emotions\services.py", line 44, in _rule_based_detect
    sentiment_res = SentimentAnalysisService.analyze(text)
  File "C:\Users\HP\Documents\mindCompass\mindcompass-backend\ai\sentiment\services.py", line 68, in analyze
    em_res = EmotionDetectionService.detect(text)
  File "C:\Users\HP\Documents\mindCompass\mindcompass-backend\ai\emotions\services.py", line 27, in detect
    return cls._rule_based_detect(text)
           ~~~~~~~~~~~~~~~~~~~~~~^^^^^^
  File "C:\Users\HP\Documents\mindCompass\mindcompass-backend\ai\emotions\services.py", line 44, in _rule_based_detect
    sentiment_res = SentimentAnalysisService.analyze(text)
  File "C:\Users\HP\Documents\mindCompass\mindcompass-backend\ai\sentiment\services.py", line 68, in analyze
    em_res = EmotionDetectionService.detect(text)
  File "C:\Users\HP\Documents\mindCompass\mindcompass-backend\ai\emotions\services.py", line 27, in detect
    return cls._rule_based_detect(text)
           ~~~~~~~~~~~~~~~~~~~~~~^^^^^^
  File "C:\Users\HP\Documents\mindCompass\mindcompass-backend\ai\emotions\services.py", line 44, in _rule_based_detect
    sentiment_res = SentimentAnalysisService.analyze(text)
  File "C:\Users\HP\Documents\mindCompass\mindcompass-backend\ai\sentiment\services.py", line 68, in analyze
    em_res = EmotionDetectionService.detect(text)
  File "C:\Users\HP\Documents\mindCompass\mindcompass-backend\ai\emotions\services.py", line 27, in detect
    return cls._rule_based_detect(text)
           ~~~~~~~~~~~~~~~~~~~~~~^^^^^^
  File "C:\Users\HP\Documents\mindCompass\mindcompass-backend\ai\emotions\services.py", line 44, in _rule_based_detect
    sentiment_res = SentimentAnalysisService.analyze(text)
  File "C:\Users\HP\Documents\mindCompass\mindcompass-backend\ai\sentiment\services.py", line 68, in analyze
    em_res = EmotionDetectionService.detect(text)
  File "C:\Users\HP\Documents\mindCompass\mindcompass-backend\ai\emotions\services.py", line 27, in detect
    return cls._rule_based_detect(text)
           ~~~~~~~~~~~~~~~~~~~~~~^^^^^^
  File "C:\Users\HP\Documents\mindCompass\mindcompass-backend\ai\emotions\services.py", line 44, in _rule_based_detect
    sentiment_res = SentimentAnalysisService.analyze(text)
  File "C:\Users\HP\Documents\mindCompass\mindcompass-backend\ai\sentiment\services.py", line 68, in analyze
    em_res = EmotionDetectionService.detect(text)
  File "C:\Users\HP\Documents\mindCompass\mindcompass-backend\ai\emotions\services.py", line 27, in detect
    return cls._rule_based_detect(text)
           ~~~~~~~~~~~~~~~~~~~~~~^^^^^^
  File "C:\Users\HP\Documents\mindCompass\mindcompass-backend\ai\emotions\services.py", line 44, in _rule_based_detect
    sentiment_res = SentimentAnalysisService.analyze(text)
  File "C:\Users\HP\Documents\mindCompass\mindcompass-backend\ai\sentiment\services.py", line 68, in analyze
    em_res = EmotionDetectionService.detect(text)
  File "C:\Users\HP\Documents\mindCompass\mindcompass-backend\ai\emotions\services.py", line 27, in detect
    return cls._rule_based_detect(text)
           ~~~~~~~~~~~~~~~~~~~~~~^^^^^^
  File "C:\Users\HP\Documents\mindCompass\mindcompass-backend\ai\emotions\services.py", line 44, in _rule_based_detect
    sentiment_res = SentimentAnalysisService.analyze(text)
  File "C:\Users\HP\Documents\mindCompass\mindcompass-backend\ai\sentiment\services.py", line 68, in analyze
    em_res = EmotionDetectionService.detect(text)
  File "C:\Users\HP\Documents\mindCompass\mindcompass-backend\ai\emotions\services.py", line 27, in detect
    return cls._rule_based_detect(text)
           ~~~~~~~~~~~~~~~~~~~~~~^^^^^^
  File "C:\Users\HP\Documents\mindCompass\mindcompass-backend\ai\emotions\services.py", line 44, in _rule_based_detect
    sentiment_res = SentimentAnalysisService.analyze(text)
  File "C:\Users\HP\Documents\mindCompass\mindcompass-backend\ai\sentiment\services.py", line 68, in analyze
    em_res = EmotionDetectionService.detect(text)
  File "C:\Users\HP\Documents\mindCompass\mindcompass-backend\ai\emotions\services.py", line 27, in detect
    return cls._rule_based_detect(text)
           ~~~~~~~~~~~~~~~~~~~~~~^^^^^^
  File "C:\Users\HP\Documents\mindCompass\mindcompass-backend\ai\emotions\services.py", line 44, in _rule_based_detect
    sentiment_res = SentimentAnalysisService.analyze(text)
  File "C:\Users\HP\Documents\mindCompass\mindcompass-backend\ai\sentiment\services.py", line 68, in analyze
    em_res = EmotionDetectionService.detect(text)
  File "C:\Users\HP\Documents\mindCompass\mindcompass-backend\ai\emotions\services.py", line 27, in detect
    return cls._rule_based_detect(text)
           ~~~~~~~~~~~~~~~~~~~~~~^^^^^^
  File "C:\Users\HP\Documents\mindCompass\mindcompass-backend\ai\emotions\services.py", line 44, in _rule_based_detect
    sentiment_res = SentimentAnalysisService.analyze(text)
  File "C:\Users\HP\Documents\mindCompass\mindcompass-backend\ai\sentiment\services.py", line 68, in analyze
    em_res = EmotionDetectionService.detect(text)
  File "C:\Users\HP\Documents\mindCompass\mindcompass-backend\ai\emotions\services.py", line 27, in detect
    return cls._rule_based_detect(text)
           ~~~~~~~~~~~~~~~~~~~~~~^^^^^^
  File "C:\Users\HP\Documents\mindCompass\mindcompass-backend\ai\emotions\services.py", line 44, in _rule_based_detect
    sentiment_res = SentimentAnalysisService.analyze(text)
  File "C:\Users\HP\Documents\mindCompass\mindcompass-backend\ai\sentiment\services.py", line 68, in analyze
    em_res = EmotionDetectionService.detect(text)
  File "C:\Users\HP\Documents\mindCompass\mindcompass-backend\ai\emotions\services.py", line 27, in detect
    return cls._rule_based_detect(text)
           ~~~~~~~~~~~~~~~~~~~~~~^^^^^^
  File "C:\Users\HP\Documents\mindCompass\mindcompass-backend\ai\emotions\services.py", line 44, in _rule_based_detect
    sentiment_res = SentimentAnalysisService.analyze(text)
  File "C:\Users\HP\Documents\mindCompass\mindcompass-backend\ai\sentiment\services.py", line 68, in analyze
    em_res = EmotionDetectionService.detect(text)
  File "C:\Users\HP\Documents\mindCompass\mindcompass-backend\ai\emotions\services.py", line 27, in detect
    return cls._rule_based_detect(text)
           ~~~~~~~~~~~~~~~~~~~~~~^^^^^^
  File "C:\Users\HP\Documents\mindCompass\mindcompass-backend\ai\emotions\services.py", line 44, in _rule_based_detect
    sentiment_res = SentimentAnalysisService.analyze(text)
  File "C:\Users\HP\Documents\mindCompass\mindcompass-backend\ai\sentiment\services.py", line 68, in analyze
    em_res = EmotionDetectionService.detect(text)
  File "C:\Users\HP\Documents\mindCompass\mindcompass-backend\ai\emotions\services.py", line 27, in detect
    return cls._rule_based_detect(text)
           ~~~~~~~~~~~~~~~~~~~~~~^^^^^^
  File "C:\Users\HP\Documents\mindCompass\mindcompass-backend\ai\emotions\services.py", line 44, in _rule_based_detect
    sentiment_res = SentimentAnalysisService.analyze(text)
  File "C:\Users\HP\Documents\mindCompass\mindcompass-backend\ai\sentiment\services.py", line 68, in analyze
    em_res = EmotionDetectionService.detect(text)
  File "C:\Users\HP\Documents\mindCompass\mindcompass-backend\ai\emotions\services.py", line 27, in detect
    return cls._rule_based_detect(text)
           ~~~~~~~~~~~~~~~~~~~~~~^^^^^^
  File "C:\Users\HP\Documents\mindCompass\mindcompass-backend\ai\emotions\services.py", line 44, in _rule_based_detect
    sentiment_res = SentimentAnalysisService.analyze(text)
  File "C:\Users\HP\Documents\mindCompass\mindcompass-backend\ai\sentiment\services.py", line 68, in analyze
    em_res = EmotionDetectionService.detect(text)
  File "C:\Users\HP\Documents\mindCompass\mindcompass-backend\ai\emotions\services.py", line 27, in detect
    return cls._rule_based_detect(text)
           ~~~~~~~~~~~~~~~~~~~~~~^^^^^^
  File "C:\Users\HP\Documents\mindCompass\mindcompass-backend\ai\emotions\services.py", line 44, in _rule_based_detect
    sentiment_res = SentimentAnalysisService.analyze(text)
  File "C:\Users\HP\Documents\mindCompass\mindcompass-backend\ai\sentiment\services.py", line 68, in analyze
    em_res = EmotionDetectionService.detect(text)
  File "C:\Users\HP\Documents\mindCompass\mindcompass-backend\ai\emotions\services.py", line 27, in detect
    return cls._rule_based_detect(text)
           ~~~~~~~~~~~~~~~~~~~~~~^^^^^^
  File "C:\Users\HP\Documents\mindCompass\mindcompass-backend\ai\emotions\services.py", line 44, in _rule_based_detect
    sentiment_res = SentimentAnalysisService.analyze(text)
  File "C:\Users\HP\Documents\mindCompass\mindcompass-backend\ai\sentiment\services.py", line 68, in analyze
    em_res = EmotionDetectionService.detect(text)
  File "C:\Users\HP\Documents\mindCompass\mindcompass-backend\ai\emotions\services.py", line 27, in detect
    return cls._rule_based_detect(text)
           ~~~~~~~~~~~~~~~~~~~~~~^^^^^^
  File "C:\Users\HP\Documents\mindCompass\mindcompass-backend\ai\emotions\services.py", line 44, in _rule_based_detect
    sentiment_res = SentimentAnalysisService.analyze(text)
  File "C:\Users\HP\Documents\mindCompass\mindcompass-backend\ai\sentiment\services.py", line 68, in analyze
    em_res = EmotionDetectionService.detect(text)
  File "C:\Users\HP\Documents\mindCompass\mindcompass-backend\ai\emotions\services.py", line 27, in detect
    return cls._rule_based_detect(text)
           ~~~~~~~~~~~~~~~~~~~~~~^^^^^^
  File "C:\Users\HP\Documents\mindCompass\mindcompass-backend\ai\emotions\services.py", line 44, in _rule_based_detect
    sentiment_res = SentimentAnalysisService.analyze(text)
  File "C:\Users\HP\Documents\mindCompass\mindcompass-backend\ai\sentiment\services.py", line 68, in analyze
    em_res = EmotionDetectionService.detect(text)
  File "C:\Users\HP\Documents\mindCompass\mindcompass-backend\ai\emotions\services.py", line 27, in detect
    return cls._rule_based_detect(text)
           ~~~~~~~~~~~~~~~~~~~~~~^^^^^^
  File "C:\Users\HP\Documents\mindCompass\mindcompass-backend\ai\emotions\services.py", line 44, in _rule_based_detect
    sentiment_res = SentimentAnalysisService.analyze(text)
  File "C:\Users\HP\Documents\mindCompass\mindcompass-backend\ai\sentiment\services.py", line 68, in analyze
    em_res = EmotionDetectionService.detect(text)
  File "C:\Users\HP\Documents\mindCompass\mindcompass-backend\ai\emotions\services.py", line 27, in detect
    return cls._rule_based_detect(text)
           ~~~~~~~~~~~~~~~~~~~~~~^^^^^^
  File "C:\Users\HP\Documents\mindCompass\mindcompass-backend\ai\emotions\services.py", line 44, in _rule_based_detect
    sentiment_res = SentimentAnalysisService.analyze(text)
  File "C:\Users\HP\Documents\mindCompass\mindcompass-backend\ai\sentiment\services.py", line 68, in analyze
    em_res = EmotionDetectionService.detect(text)
  File "C:\Users\HP\Documents\mindCompass\mindcompass-backend\ai\emotions\services.py", line 27, in detect
    return cls._rule_based_detect(text)
           ~~~~~~~~~~~~~~~~~~~~~~^^^^^^
  File "C:\Users\HP\Documents\mindCompass\mindcompass-backend\ai\emotions\services.py", line 44, in _rule_based_detect
    sentiment_res = SentimentAnalysisService.analyze(text)
  File "C:\Users\HP\Documents\mindCompass\mindcompass-backend\ai\sentiment\services.py", line 68, in analyze
    em_res = EmotionDetectionService.detect(text)
  File "C:\Users\HP\Documents\mindCompass\mindcompass-backend\ai\emotions\services.py", line 27, in detect
    return cls._rule_based_detect(text)
           ~~~~~~~~~~~~~~~~~~~~~~^^^^^^
  File "C:\Users\HP\Documents\mindCompass\mindcompass-backend\ai\emotions\services.py", line 44, in _rule_based_detect
    sentiment_res = SentimentAnalysisService.analyze(text)
  File "C:\Users\HP\Documents\mindCompass\mindcompass-backend\ai\sentiment\services.py", line 68, in analyze
    em_res = EmotionDetectionService.detect(text)
  File "C:\Users\HP\Documents\mindCompass\mindcompass-backend\ai\emotions\services.py", line 27, in detect
    return cls._rule_based_detect(text)
           ~~~~~~~~~~~~~~~~~~~~~~^^^^^^
  File "C:\Users\HP\Documents\mindCompass\mindcompass-backend\ai\emotions\services.py", line 44, in _rule_based_detect
    sentiment_res = SentimentAnalysisService.analyze(text)
  File "C:\Users\HP\Documents\mindCompass\mindcompass-backend\ai\sentiment\services.py", line 68, in analyze
    em_res = EmotionDetectionService.detect(text)
  File "C:\Users\HP\Documents\mindCompass\mindcompass-backend\ai\emotions\services.py", line 27, in detect
    return cls._rule_based_detect(text)
           ~~~~~~~~~~~~~~~~~~~~~~^^^^^^
  File "C:\Users\HP\Documents\mindCompass\mindcompass-backend\ai\emotions\services.py", line 44, in _rule_based_detect
    sentiment_res = SentimentAnalysisService.analyze(text)
  File "C:\Users\HP\Documents\mindCompass\mindcompass-backend\ai\sentiment\services.py", line 68, in analyze
    em_res = EmotionDetectionService.detect(text)
  File "C:\Users\HP\Documents\mindCompass\mindcompass-backend\ai\emotions\services.py", line 27, in detect
    return cls._rule_based_detect(text)
           ~~~~~~~~~~~~~~~~~~~~~~^^^^^^
  File "C:\Users\HP\Documents\mindCompass\mindcompass-backend\ai\emotions\services.py", line 44, in _rule_based_detect
    sentiment_res = SentimentAnalysisService.analyze(text)
  File "C:\Users\HP\Documents\mindCompass\mindcompass-backend\ai\sentiment\services.py", line 68, in analyze
    em_res = EmotionDetectionService.detect(text)
  File "C:\Users\HP\Documents\mindCompass\mindcompass-backend\ai\emotions\services.py", line 27, in detect
    return cls._rule_based_detect(text)
           ~~~~~~~~~~~~~~~~~~~~~~^^^^^^
  File "C:\Users\HP\Documents\mindCompass\mindcompass-backend\ai\emotions\services.py", line 44, in _rule_based_detect
    sentiment_res = SentimentAnalysisService.analyze(text)
  File "C:\Users\HP\Documents\mindCompass\mindcompass-backend\ai\sentiment\services.py", line 68, in analyze
    em_res = EmotionDetectionService.detect(text)
  File "C:\Users\HP\Documents\mindCompass\mindcompass-backend\ai\emotions\services.py", line 27, in detect
    return cls._rule_based_detect(text)
           ~~~~~~~~~~~~~~~~~~~~~~^^^^^^
  File "C:\Users\HP\Documents\mindCompass\mindcompass-backend\ai\emotions\services.py", line 44, in _rule_based_detect
    sentiment_res = SentimentAnalysisService.analyze(text)
  File "C:\Users\HP\Documents\mindCompass\mindcompass-backend\ai\sentiment\services.py", line 68, in analyze
    em_res = EmotionDetectionService.detect(text)
  File "C:\Users\HP\Documents\mindCompass\mindcompass-backend\ai\emotions\services.py", line 27, in detect
    return cls._rule_based_detect(text)
           ~~~~~~~~~~~~~~~~~~~~~~^^^^^^
  File "C:\Users\HP\Documents\mindCompass\mindcompass-backend\ai\emotions\services.py", line 44, in _rule_based_detect
    sentiment_res = SentimentAnalysisService.analyze(text)
  File "C:\Users\HP\Documents\mindCompass\mindcompass-backend\ai\sentiment\services.py", line 68, in analyze
    em_res = EmotionDetectionService.detect(text)
  File "C:\Users\HP\Documents\mindCompass\mindcompass-backend\ai\emotions\services.py", line 27, in detect
    return cls._rule_based_detect(text)
           ~~~~~~~~~~~~~~~~~~~~~~^^^^^^
  File "C:\Users\HP\Documents\mindCompass\mindcompass-backend\ai\emotions\services.py", line 44, in _rule_based_detect
    sentiment_res = SentimentAnalysisService.analyze(text)
  File "C:\Users\HP\Documents\mindCompass\mindcompass-backend\ai\sentiment\services.py", line 68, in analyze
    em_res = EmotionDetectionService.detect(text)
  File "C:\Users\HP\Documents\mindCompass\mindcompass-backend\ai\emotions\services.py", line 27, in detect
    return cls._rule_based_detect(text)
           ~~~~~~~~~~~~~~~~~~~~~~^^^^^^
  File "C:\Users\HP\Documents\mindCompass\mindcompass-backend\ai\emotions\services.py", line 44, in _rule_based_detect
    sentiment_res = SentimentAnalysisService.analyze(text)
  File "C:\Users\HP\Documents\mindCompass\mindcompass-backend\ai\sentiment\services.py", line 68, in analyze
    em_res = EmotionDetectionService.detect(text)
  File "C:\Users\HP\Documents\mindCompass\mindcompass-backend\ai\emotions\services.py", line 27, in detect
    return cls._rule_based_detect(text)
           ~~~~~~~~~~~~~~~~~~~~~~^^^^^^
  File "C:\Users\HP\Documents\mindCompass\mindcompass-backend\ai\emotions\services.py", line 44, in _rule_based_detect
    sentiment_res = SentimentAnalysisService.analyze(text)
  File "C:\Users\HP\Documents\mindCompass\mindcompass-backend\ai\sentiment\services.py", line 68, in analyze
    em_res = EmotionDetectionService.detect(text)
  File "C:\Users\HP\Documents\mindCompass\mindcompass-backend\ai\emotions\services.py", line 27, in detect
    return cls._rule_based_detect(text)
           ~~~~~~~~~~~~~~~~~~~~~~^^^^^^
  File "C:\Users\HP\Documents\mindCompass\mindcompass-backend\ai\emotions\services.py", line 44, in _rule_based_detect
    sentiment_res = SentimentAnalysisService.analyze(text)
  File "C:\Users\HP\Documents\mindCompass\mindcompass-backend\ai\sentiment\services.py", line 68, in analyze
    em_res = EmotionDetectionService.detect(text)
  File "C:\Users\HP\Documents\mindCompass\mindcompass-backend\ai\emotions\services.py", line 27, in detect
    return cls._rule_based_detect(text)
           ~~~~~~~~~~~~~~~~~~~~~~^^^^^^
  File "C:\Users\HP\Documents\mindCompass\mindcompass-backend\ai\emotions\services.py", line 44, in _rule_based_detect
    sentiment_res = SentimentAnalysisService.analyze(text)
  File "C:\Users\HP\Documents\mindCompass\mindcompass-backend\ai\sentiment\services.py", line 68, in analyze
    em_res = EmotionDetectionService.detect(text)
  File "C:\Users\HP\Documents\mindCompass\mindcompass-backend\ai\emotions\services.py", line 27, in detect
    return cls._rule_based_detect(text)
           ~~~~~~~~~~~~~~~~~~~~~~^^^^^^
  File "C:\Users\HP\Documents\mindCompass\mindcompass-backend\ai\emotions\services.py", line 44, in _rule_based_detect
    sentiment_res = SentimentAnalysisService.analyze(text)
  File "C:\Users\HP\Documents\mindCompass\mindcompass-backend\ai\sentiment\services.py", line 68, in analyze
    em_res = EmotionDetectionService.detect(text)
  File "C:\Users\HP\Documents\mindCompass\mindcompass-backend\ai\emotions\services.py", line 27, in detect
    return cls._rule_based_detect(text)
           ~~~~~~~~~~~~~~~~~~~~~~^^^^^^
  File "C:\Users\HP\Documents\mindCompass\mindcompass-backend\ai\emotions\services.py", line 44, in _rule_based_detect
    sentiment_res = SentimentAnalysisService.analyze(text)
  File "C:\Users\HP\Documents\mindCompass\mindcompass-backend\ai\sentiment\services.py", line 68, in analyze
    em_res = EmotionDetectionService.detect(text)
  File "C:\Users\HP\Documents\mindCompass\mindcompass-backend\ai\emotions\services.py", line 27, in detect
    return cls._rule_based_detect(text)
           ~~~~~~~~~~~~~~~~~~~~~~^^^^^^
  File "C:\Users\HP\Documents\mindCompass\mindcompass-backend\ai\emotions\services.py", line 44, in _rule_based_detect
    sentiment_res = SentimentAnalysisService.analyze(text)
  File "C:\Users\HP\Documents\mindCompass\mindcompass-backend\ai\sentiment\services.py", line 68, in analyze
    em_res = EmotionDetectionService.detect(text)
  File "C:\Users\HP\Documents\mindCompass\mindcompass-backend\ai\emotions\services.py", line 27, in detect
    return cls._rule_based_detect(text)
           ~~~~~~~~~~~~~~~~~~~~~~^^^^^^
  File "C:\Users\HP\Documents\mindCompass\mindcompass-backend\ai\emotions\services.py", line 44, in _rule_based_detect
    sentiment_res = SentimentAnalysisService.analyze(text)
  File "C:\Users\HP\Documents\mindCompass\mindcompass-backend\ai\sentiment\services.py", line 68, in analyze
    em_res = EmotionDetectionService.detect(text)
  File "C:\Users\HP\Documents\mindCompass\mindcompass-backend\ai\emotions\services.py", line 27, in detect
    return cls._rule_based_detect(text)
           ~~~~~~~~~~~~~~~~~~~~~~^^^^^^
  File "C:\Users\HP\Documents\mindCompass\mindcompass-backend\ai\emotions\services.py", line 44, in _rule_based_detect
    sentiment_res = SentimentAnalysisService.analyze(text)
  File "C:\Users\HP\Documents\mindCompass\mindcompass-backend\ai\sentiment\services.py", line 68, in analyze
    em_res = EmotionDetectionService.detect(text)
  File "C:\Users\HP\Documents\mindCompass\mindcompass-backend\ai\emotions\services.py", line 27, in detect
    return cls._rule_based_detect(text)
           ~~~~~~~~~~~~~~~~~~~~~~^^^^^^
  File "C:\Users\HP\Documents\mindCompass\mindcompass-backend\ai\emotions\services.py", line 44, in _rule_based_detect
    sentiment_res = SentimentAnalysisService.analyze(text)
  File "C:\Users\HP\Documents\mindCompass\mindcompass-backend\ai\sentiment\services.py", line 68, in analyze
    em_res = EmotionDetectionService.detect(text)
  File "C:\Users\HP\Documents\mindCompass\mindcompass-backend\ai\emotions\services.py", line 27, in detect
    return cls._rule_based_detect(text)
           ~~~~~~~~~~~~~~~~~~~~~~^^^^^^
  File "C:\Users\HP\Documents\mindCompass\mindcompass-backend\ai\emotions\services.py", line 44, in _rule_based_detect
    sentiment_res = SentimentAnalysisService.analyze(text)
  File "C:\Users\HP\Documents\mindCompass\mindcompass-backend\ai\sentiment\services.py", line 68, in analyze
    em_res = EmotionDetectionService.detect(text)
  File "C:\Users\HP\Documents\mindCompass\mindcompass-backend\ai\emotions\services.py", line 27, in detect
    return cls._rule_based_detect(text)
           ~~~~~~~~~~~~~~~~~~~~~~^^^^^^
  File "C:\Users\HP\Documents\mindCompass\mindcompass-backend\ai\emotions\services.py", line 44, in _rule_based_detect
    sentiment_res = SentimentAnalysisService.analyze(text)
  File "C:\Users\HP\Documents\mindCompass\mindcompass-backend\ai\sentiment\services.py", line 68, in analyze
    em_res = EmotionDetectionService.detect(text)
  File "C:\Users\HP\Documents\mindCompass\mindcompass-backend\ai\emotions\services.py", line 27, in detect
    return cls._rule_based_detect(text)
           ~~~~~~~~~~~~~~~~~~~~~~^^^^^^
  File "C:\Users\HP\Documents\mindCompass\mindcompass-backend\ai\emotions\services.py", line 44, in _rule_based_detect
    sentiment_res = SentimentAnalysisService.analyze(text)
  File "C:\Users\HP\Documents\mindCompass\mindcompass-backend\ai\sentiment\services.py", line 68, in analyze
    em_res = EmotionDetectionService.detect(text)
  File "C:\Users\HP\Documents\mindCompass\mindcompass-backend\ai\emotions\services.py", line 27, in detect
    return cls._rule_based_detect(text)
           ~~~~~~~~~~~~~~~~~~~~~~^^^^^^
  File "C:\Users\HP\Documents\mindCompass\mindcompass-backend\ai\emotions\services.py", line 44, in _rule_based_detect
    sentiment_res = SentimentAnalysisService.analyze(text)
  File "C:\Users\HP\Documents\mindCompass\mindcompass-backend\ai\sentiment\services.py", line 68, in analyze
    em_res = EmotionDetectionService.detect(text)
  File "C:\Users\HP\Documents\mindCompass\mindcompass-backend\ai\emotions\services.py", line 27, in detect
    return cls._rule_based_detect(text)
           ~~~~~~~~~~~~~~~~~~~~~~^^^^^^
  File "C:\Users\HP\Documents\mindCompass\mindcompass-backend\ai\emotions\services.py", line 44, in _rule_based_detect
    sentiment_res = SentimentAnalysisService.analyze(text)
  File "C:\Users\HP\Documents\mindCompass\mindcompass-backend\ai\sentiment\services.py", line 68, in analyze
    em_res = EmotionDetectionService.detect(text)
  File "C:\Users\HP\Documents\mindCompass\mindcompass-backend\ai\emotions\services.py", line 27, in detect
    return cls._rule_based_detect(text)
           ~~~~~~~~~~~~~~~~~~~~~~^^^^^^
  File "C:\Users\HP\Documents\mindCompass\mindcompass-backend\ai\emotions\services.py", line 44, in _rule_based_detect
    sentiment_res = SentimentAnalysisService.analyze(text)
  File "C:\Users\HP\Documents\mindCompass\mindcompass-backend\ai\sentiment\services.py", line 68, in analyze
    em_res = EmotionDetectionService.detect(text)
  File "C:\Users\HP\Documents\mindCompass\mindcompass-backend\ai\emotions\services.py", line 27, in detect
    return cls._rule_based_detect(text)
           ~~~~~~~~~~~~~~~~~~~~~~^^^^^^
  File "C:\Users\HP\Documents\mindCompass\mindcompass-backend\ai\emotions\services.py", line 44, in _rule_based_detect
    sentiment_res = SentimentAnalysisService.analyze(text)
  File "C:\Users\HP\Documents\mindCompass\mindcompass-backend\ai\sentiment\services.py", line 68, in analyze
    em_res = EmotionDetectionService.detect(text)
  File "C:\Users\HP\Documents\mindCompass\mindcompass-backend\ai\emotions\services.py", line 27, in detect
    return cls._rule_based_detect(text)
           ~~~~~~~~~~~~~~~~~~~~~~^^^^^^
  File "C:\Users\HP\Documents\mindCompass\mindcompass-backend\ai\emotions\services.py", line 44, in _rule_based_detect
    sentiment_res = SentimentAnalysisService.analyze(text)
  File "C:\Users\HP\Documents\mindCompass\mindcompass-backend\ai\sentiment\services.py", line 68, in analyze
    em_res = EmotionDetectionService.detect(text)
  File "C:\Users\HP\Documents\mindCompass\mindcompass-backend\ai\emotions\services.py", line 27, in detect
    return cls._rule_based_detect(text)
           ~~~~~~~~~~~~~~~~~~~~~~^^^^^^
  File "C:\Users\HP\Documents\mindCompass\mindcompass-backend\ai\emotions\services.py", line 44, in _rule_based_detect
    sentiment_res = SentimentAnalysisService.analyze(text)
  File "C:\Users\HP\Documents\mindCompass\mindcompass-backend\ai\sentiment\services.py", line 68, in analyze
    em_res = EmotionDetectionService.detect(text)
  File "C:\Users\HP\Documents\mindCompass\mindcompass-backend\ai\emotions\services.py", line 27, in detect
    return cls._rule_based_detect(text)
           ~~~~~~~~~~~~~~~~~~~~~~^^^^^^
  File "C:\Users\HP\Documents\mindCompass\mindcompass-backend\ai\emotions\services.py", line 44, in _rule_based_detect
    sentiment_res = SentimentAnalysisService.analyze(text)
  File "C:\Users\HP\Documents\mindCompass\mindcompass-backend\ai\sentiment\services.py", line 68, in analyze
    em_res = EmotionDetectionService.detect(text)
  File "C:\Users\HP\Documents\mindCompass\mindcompass-backend\ai\emotions\services.py", line 27, in detect
    return cls._rule_based_detect(text)
           ~~~~~~~~~~~~~~~~~~~~~~^^^^^^
  File "C:\Users\HP\Documents\mindCompass\mindcompass-backend\ai\emotions\services.py", line 44, in _rule_based_detect
    sentiment_res = SentimentAnalysisService.analyze(text)
  File "C:\Users\HP\Documents\mindCompass\mindcompass-backend\ai\sentiment\services.py", line 68, in analyze
    em_res = EmotionDetectionService.detect(text)
  File "C:\Users\HP\Documents\mindCompass\mindcompass-backend\ai\emotions\services.py", line 27, in detect
    return cls._rule_based_detect(text)
           ~~~~~~~~~~~~~~~~~~~~~~^^^^^^
  File "C:\Users\HP\Documents\mindCompass\mindcompass-backend\ai\emotions\services.py", line 44, in _rule_based_detect
    sentiment_res = SentimentAnalysisService.analyze(text)
  File "C:\Users\HP\Documents\mindCompass\mindcompass-backend\ai\sentiment\services.py", line 68, in analyze
    em_res = EmotionDetectionService.detect(text)
  File "C:\Users\HP\Documents\mindCompass\mindcompass-backend\ai\emotions\services.py", line 27, in detect
    return cls._rule_based_detect(text)
           ~~~~~~~~~~~~~~~~~~~~~~^^^^^^
  File "C:\Users\HP\Documents\mindCompass\mindcompass-backend\ai\emotions\services.py", line 44, in _rule_based_detect
    sentiment_res = SentimentAnalysisService.analyze(text)
  File "C:\Users\HP\Documents\mindCompass\mindcompass-backend\ai\sentiment\services.py", line 68, in analyze
    em_res = EmotionDetectionService.detect(text)
  File "C:\Users\HP\Documents\mindCompass\mindcompass-backend\ai\emotions\services.py", line 27, in detect
    return cls._rule_based_detect(text)
           ~~~~~~~~~~~~~~~~~~~~~~^^^^^^
  File "C:\Users\HP\Documents\mindCompass\mindcompass-backend\ai\emotions\services.py", line 44, in _rule_based_detect
    sentiment_res = SentimentAnalysisService.analyze(text)
  File "C:\Users\HP\Documents\mindCompass\mindcompass-backend\ai\sentiment\services.py", line 68, in analyze
    em_res = EmotionDetectionService.detect(text)
  File "C:\Users\HP\Documents\mindCompass\mindcompass-backend\ai\emotions\services.py", line 27, in detect
    return cls._rule_based_detect(text)
           ~~~~~~~~~~~~~~~~~~~~~~^^^^^^
  File "C:\Users\HP\Documents\mindCompass\mindcompass-backend\ai\emotions\services.py", line 44, in _rule_based_detect
    sentiment_res = SentimentAnalysisService.analyze(text)
  File "C:\Users\HP\Documents\mindCompass\mindcompass-backend\ai\sentiment\services.py", line 68, in analyze
    em_res = EmotionDetectionService.detect(text)
  File "C:\Users\HP\Documents\mindCompass\mindcompass-backend\ai\emotions\services.py", line 27, in detect
    return cls._rule_based_detect(text)
           ~~~~~~~~~~~~~~~~~~~~~~^^^^^^
  File "C:\Users\HP\Documents\mindCompass\mindcompass-backend\ai\emotions\services.py", line 44, in _rule_based_detect
    sentiment_res = SentimentAnalysisService.analyze(text)
  File "C:\Users\HP\Documents\mindCompass\mindcompass-backend\ai\sentiment\services.py", line 68, in analyze
    em_res = EmotionDetectionService.detect(text)
  File "C:\Users\HP\Documents\mindCompass\mindcompass-backend\ai\emotions\services.py", line 27, in detect
    return cls._rule_based_detect(text)
           ~~~~~~~~~~~~~~~~~~~~~~^^^^^^
  File "C:\Users\HP\Documents\mindCompass\mindcompass-backend\ai\emotions\services.py", line 44, in _rule_based_detect
    sentiment_res = SentimentAnalysisService.analyze(text)
  File "C:\Users\HP\Documents\mindCompass\mindcompass-backend\ai\sentiment\services.py", line 68, in analyze
    em_res = EmotionDetectionService.detect(text)
  File "C:\Users\HP\Documents\mindCompass\mindcompass-backend\ai\emotions\services.py", line 27, in detect
    return cls._rule_based_detect(text)
           ~~~~~~~~~~~~~~~~~~~~~~^^^^^^
  File "C:\Users\HP\Documents\mindCompass\mindcompass-backend\ai\emotions\services.py", line 44, in _rule_based_detect
    sentiment_res = SentimentAnalysisService.analyze(text)
  File "C:\Users\HP\Documents\mindCompass\mindcompass-backend\ai\sentiment\services.py", line 68, in analyze
    em_res = EmotionDetectionService.detect(text)
  File "C:\Users\HP\Documents\mindCompass\mindcompass-backend\ai\emotions\services.py", line 27, in detect
    return cls._rule_based_detect(text)
           ~~~~~~~~~~~~~~~~~~~~~~^^^^^^
  File "C:\Users\HP\Documents\mindCompass\mindcompass-backend\ai\emotions\services.py", line 44, in _rule_based_detect
    sentiment_res = SentimentAnalysisService.analyze(text)
  File "C:\Users\HP\Documents\mindCompass\mindcompass-backend\ai\sentiment\services.py", line 68, in analyze
    em_res = EmotionDetectionService.detect(text)
  File "C:\Users\HP\Documents\mindCompass\mindcompass-backend\ai\emotions\services.py", line 27, in detect
    return cls._rule_based_detect(text)
           ~~~~~~~~~~~~~~~~~~~~~~^^^^^^
  File "C:\Users\HP\Documents\mindCompass\mindcompass-backend\ai\emotions\services.py", line 44, in _rule_based_detect
    sentiment_res = SentimentAnalysisService.analyze(text)
  File "C:\Users\HP\Documents\mindCompass\mindcompass-backend\ai\sentiment\services.py", line 68, in analyze
    em_res = EmotionDetectionService.detect(text)
  File "C:\Users\HP\Documents\mindCompass\mindcompass-backend\ai\emotions\services.py", line 27, in detect
    return cls._rule_based_detect(text)
           ~~~~~~~~~~~~~~~~~~~~~~^^^^^^
  File "C:\Users\HP\Documents\mindCompass\mindcompass-backend\ai\emotions\services.py", line 44, in _rule_based_detect
    sentiment_res = SentimentAnalysisService.analyze(text)
  File "C:\Users\HP\Documents\mindCompass\mindcompass-backend\ai\sentiment\services.py", line 68, in analyze
    em_res = EmotionDetectionService.detect(text)
  File "C:\Users\HP\Documents\mindCompass\mindcompass-backend\ai\emotions\services.py", line 27, in detect
    return cls._rule_based_detect(text)
           ~~~~~~~~~~~~~~~~~~~~~~^^^^^^
  File "C:\Users\HP\Documents\mindCompass\mindcompass-backend\ai\emotions\services.py", line 44, in _rule_based_detect
    sentiment_res = SentimentAnalysisService.analyze(text)
  File "C:\Users\HP\Documents\mindCompass\mindcompass-backend\ai\sentiment\services.py", line 68, in analyze
    em_res = EmotionDetectionService.detect(text)
  File "C:\Users\HP\Documents\mindCompass\mindcompass-backend\ai\emotions\services.py", line 27, in detect
    return cls._rule_based_detect(text)
           ~~~~~~~~~~~~~~~~~~~~~~^^^^^^
  File "C:\Users\HP\Documents\mindCompass\mindcompass-backend\ai\emotions\services.py", line 44, in _rule_based_detect
    sentiment_res = SentimentAnalysisService.analyze(text)
  File "C:\Users\HP\Documents\mindCompass\mindcompass-backend\ai\sentiment\services.py", line 68, in analyze
    em_res = EmotionDetectionService.detect(text)
  File "C:\Users\HP\Documents\mindCompass\mindcompass-backend\ai\emotions\services.py", line 27, in detect
    return cls._rule_based_detect(text)
           ~~~~~~~~~~~~~~~~~~~~~~^^^^^^
  File "C:\Users\HP\Documents\mindCompass\mindcompass-backend\ai\emotions\services.py", line 44, in _rule_based_detect
    sentiment_res = SentimentAnalysisService.analyze(text)
  File "C:\Users\HP\Documents\mindCompass\mindcompass-backend\ai\sentiment\services.py", line 68, in analyze
    em_res = EmotionDetectionService.detect(text)
  File "C:\Users\HP\Documents\mindCompass\mindcompass-backend\ai\emotions\services.py", line 27, in detect
    return cls._rule_based_detect(text)
           ~~~~~~~~~~~~~~~~~~~~~~^^^^^^
  File "C:\Users\HP\Documents\mindCompass\mindcompass-backend\ai\emotions\services.py", line 44, in _rule_based_detect
    sentiment_res = SentimentAnalysisService.analyze(text)
  File "C:\Users\HP\Documents\mindCompass\mindcompass-backend\ai\sentiment\services.py", line 68, in analyze
    em_res = EmotionDetectionService.detect(text)
  File "C:\Users\HP\Documents\mindCompass\mindcompass-backend\ai\emotions\services.py", line 27, in detect
    return cls._rule_based_detect(text)
           ~~~~~~~~~~~~~~~~~~~~~~^^^^^^
  File "C:\Users\HP\Documents\mindCompass\mindcompass-backend\ai\emotions\services.py", line 44, in _rule_based_detect
    sentiment_res = SentimentAnalysisService.analyze(text)
  File "C:\Users\HP\Documents\mindCompass\mindcompass-backend\ai\sentiment\services.py", line 68, in analyze
    em_res = EmotionDetectionService.detect(text)
  File "C:\Users\HP\Documents\mindCompass\mindcompass-backend\ai\emotions\services.py", line 27, in detect
    return cls._rule_based_detect(text)
           ~~~~~~~~~~~~~~~~~~~~~~^^^^^^
  File "C:\Users\HP\Documents\mindCompass\mindcompass-backend\ai\emotions\services.py", line 44, in _rule_based_detect
    sentiment_res = SentimentAnalysisService.analyze(text)
  File "C:\Users\HP\Documents\mindCompass\mindcompass-backend\ai\sentiment\services.py", line 68, in analyze
    em_res = EmotionDetectionService.detect(text)
  File "C:\Users\HP\Documents\mindCompass\mindcompass-backend\ai\emotions\services.py", line 27, in detect
    return cls._rule_based_detect(text)
           ~~~~~~~~~~~~~~~~~~~~~~^^^^^^
  File "C:\Users\HP\Documents\mindCompass\mindcompass-backend\ai\emotions\services.py", line 44, in _rule_based_detect
    sentiment_res = SentimentAnalysisService.analyze(text)
  File "C:\Users\HP\Documents\mindCompass\mindcompass-backend\ai\sentiment\services.py", line 68, in analyze
    em_res = EmotionDetectionService.detect(text)
  File "C:\Users\HP\Documents\mindCompass\mindcompass-backend\ai\emotions\services.py", line 27, in detect
    return cls._rule_based_detect(text)
           ~~~~~~~~~~~~~~~~~~~~~~^^^^^^
  File "C:\Users\HP\Documents\mindCompass\mindcompass-backend\ai\emotions\services.py", line 44, in _rule_based_detect
    sentiment_res = SentimentAnalysisService.analyze(text)
  File "C:\Users\HP\Documents\mindCompass\mindcompass-backend\ai\sentiment\services.py", line 68, in analyze
    em_res = EmotionDetectionService.detect(text)
  File "C:\Users\HP\Documents\mindCompass\mindcompass-backend\ai\emotions\services.py", line 27, in detect
    return cls._rule_based_detect(text)
           ~~~~~~~~~~~~~~~~~~~~~~^^^^^^
  File "C:\Users\HP\Documents\mindCompass\mindcompass-backend\ai\emotions\services.py", line 44, in _rule_based_detect
    sentiment_res = SentimentAnalysisService.analyze(text)
  File "C:\Users\HP\Documents\mindCompass\mindcompass-backend\ai\sentiment\services.py", line 68, in analyze
    em_res = EmotionDetectionService.detect(text)
  File "C:\Users\HP\Documents\mindCompass\mindcompass-backend\ai\emotions\services.py", line 27, in detect
    return cls._rule_based_detect(text)
           ~~~~~~~~~~~~~~~~~~~~~~^^^^^^
  File "C:\Users\HP\Documents\mindCompass\mindcompass-backend\ai\emotions\services.py", line 44, in _rule_based_detect
    sentiment_res = SentimentAnalysisService.analyze(text)
  File "C:\Users\HP\Documents\mindCompass\mindcompass-backend\ai\sentiment\services.py", line 68, in analyze
    em_res = EmotionDetectionService.detect(text)
  File "C:\Users\HP\Documents\mindCompass\mindcompass-backend\ai\emotions\services.py", line 27, in detect
    return cls._rule_based_detect(text)
           ~~~~~~~~~~~~~~~~~~~~~~^^^^^^
  File "C:\Users\HP\Documents\mindCompass\mindcompass-backend\ai\emotions\services.py", line 44, in _rule_based_detect
    sentiment_res = SentimentAnalysisService.analyze(text)
  File "C:\Users\HP\Documents\mindCompass\mindcompass-backend\ai\sentiment\services.py", line 68, in analyze
    em_res = EmotionDetectionService.detect(text)
  File "C:\Users\HP\Documents\mindCompass\mindcompass-backend\ai\emotions\services.py", line 27, in detect
    return cls._rule_based_detect(text)
           ~~~~~~~~~~~~~~~~~~~~~~^^^^^^
  File "C:\Users\HP\Documents\mindCompass\mindcompass-backend\ai\emotions\services.py", line 44, in _rule_based_detect
    sentiment_res = SentimentAnalysisService.analyze(text)
  File "C:\Users\HP\Documents\mindCompass\mindcompass-backend\ai\sentiment\services.py", line 68, in analyze
    em_res = EmotionDetectionService.detect(text)
  File "C:\Users\HP\Documents\mindCompass\mindcompass-backend\ai\emotions\services.py", line 27, in detect
    return cls._rule_based_detect(text)
           ~~~~~~~~~~~~~~~~~~~~~~^^^^^^
  File "C:\Users\HP\Documents\mindCompass\mindcompass-backend\ai\emotions\services.py", line 44, in _rule_based_detect
    sentiment_res = SentimentAnalysisService.analyze(text)
  File "C:\Users\HP\Documents\mindCompass\mindcompass-backend\ai\sentiment\services.py", line 68, in analyze
    em_res = EmotionDetectionService.detect(text)
  File "C:\Users\HP\Documents\mindCompass\mindcompass-backend\ai\emotions\services.py", line 27, in detect
    return cls._rule_based_detect(text)
           ~~~~~~~~~~~~~~~~~~~~~~^^^^^^
  File "C:\Users\HP\Documents\mindCompass\mindcompass-backend\ai\emotions\services.py", line 44, in _rule_based_detect
    sentiment_res = SentimentAnalysisService.analyze(text)
  File "C:\Users\HP\Documents\mindCompass\mindcompass-backend\ai\sentiment\services.py", line 68, in analyze
    em_res = EmotionDetectionService.detect(text)
  File "C:\Users\HP\Documents\mindCompass\mindcompass-backend\ai\emotions\services.py", line 27, in detect
    return cls._rule_based_detect(text)
           ~~~~~~~~~~~~~~~~~~~~~~^^^^^^
  File "C:\Users\HP\Documents\mindCompass\mindcompass-backend\ai\emotions\services.py", line 44, in _rule_based_detect
    sentiment_res = SentimentAnalysisService.analyze(text)
  File "C:\Users\HP\Documents\mindCompass\mindcompass-backend\ai\sentiment\services.py", line 68, in analyze
    em_res = EmotionDetectionService.detect(text)
  File "C:\Users\HP\Documents\mindCompass\mindcompass-backend\ai\emotions\services.py", line 27, in detect
    return cls._rule_based_detect(text)
           ~~~~~~~~~~~~~~~~~~~~~~^^^^^^
  File "C:\Users\HP\Documents\mindCompass\mindcompass-backend\ai\emotions\services.py", line 44, in _rule_based_detect
    sentiment_res = SentimentAnalysisService.analyze(text)
  File "C:\Users\HP\Documents\mindCompass\mindcompass-backend\ai\sentiment\services.py", line 68, in analyze
    em_res = EmotionDetectionService.detect(text)
  File "C:\Users\HP\Documents\mindCompass\mindcompass-backend\ai\emotions\services.py", line 27, in detect
    return cls._rule_based_detect(text)
           ~~~~~~~~~~~~~~~~~~~~~~^^^^^^
  File "C:\Users\HP\Documents\mindCompass\mindcompass-backend\ai\emotions\services.py", line 44, in _rule_based_detect
    sentiment_res = SentimentAnalysisService.analyze(text)
  File "C:\Users\HP\Documents\mindCompass\mindcompass-backend\ai\sentiment\services.py", line 68, in analyze
    em_res = EmotionDetectionService.detect(text)
  File "C:\Users\HP\Documents\mindCompass\mindcompass-backend\ai\emotions\services.py", line 27, in detect
    return cls._rule_based_detect(text)
           ~~~~~~~~~~~~~~~~~~~~~~^^^^^^
  File "C:\Users\HP\Documents\mindCompass\mindcompass-backend\ai\emotions\services.py", line 44, in _rule_based_detect
    sentiment_res = SentimentAnalysisService.analyze(text)
  File "C:\Users\HP\Documents\mindCompass\mindcompass-backend\ai\sentiment\services.py", line 68, in analyze
    em_res = EmotionDetectionService.detect(text)
  File "C:\Users\HP\Documents\mindCompass\mindcompass-backend\ai\emotions\services.py", line 27, in detect
    return cls._rule_based_detect(text)
           ~~~~~~~~~~~~~~~~~~~~~~^^^^^^
  File "C:\Users\HP\Documents\mindCompass\mindcompass-backend\ai\emotions\services.py", line 44, in _rule_based_detect
    sentiment_res = SentimentAnalysisService.analyze(text)
  File "C:\Users\HP\Documents\mindCompass\mindcompass-backend\ai\sentiment\services.py", line 68, in analyze
    em_res = EmotionDetectionService.detect(text)
  File "C:\Users\HP\Documents\mindCompass\mindcompass-backend\ai\emotions\services.py", line 27, in detect
    return cls._rule_based_detect(text)
           ~~~~~~~~~~~~~~~~~~~~~~^^^^^^
  File "C:\Users\HP\Documents\mindCompass\mindcompass-backend\ai\emotions\services.py", line 44, in _rule_based_detect
    sentiment_res = SentimentAnalysisService.analyze(text)
  File "C:\Users\HP\Documents\mindCompass\mindcompass-backend\ai\sentiment\services.py", line 68, in analyze
    em_res = EmotionDetectionService.detect(text)
  File "C:\Users\HP\Documents\mindCompass\mindcompass-backend\ai\emotions\services.py", line 27, in detect
    return cls._rule_based_detect(text)
           ~~~~~~~~~~~~~~~~~~~~~~^^^^^^
  File "C:\Users\HP\Documents\mindCompass\mindcompass-backend\ai\emotions\services.py", line 44, in _rule_based_detect
    sentiment_res = SentimentAnalysisService.analyze(text)
  File "C:\Users\HP\Documents\mindCompass\mindcompass-backend\ai\sentiment\services.py", line 68, in analyze
    em_res = EmotionDetectionService.detect(text)
  File "C:\Users\HP\Documents\mindCompass\mindcompass-backend\ai\emotions\services.py", line 27, in detect
    return cls._rule_based_detect(text)
           ~~~~~~~~~~~~~~~~~~~~~~^^^^^^
  File "C:\Users\HP\Documents\mindCompass\mindcompass-backend\ai\emotions\services.py", line 44, in _rule_based_detect
    sentiment_res = SentimentAnalysisService.analyze(text)
  File "C:\Users\HP\Documents\mindCompass\mindcompass-backend\ai\sentiment\services.py", line 68, in analyze
    em_res = EmotionDetectionService.detect(text)
  File "C:\Users\HP\Documents\mindCompass\mindcompass-backend\ai\emotions\services.py", line 27, in detect
    return cls._rule_based_detect(text)
           ~~~~~~~~~~~~~~~~~~~~~~^^^^^^
  File "C:\Users\HP\Documents\mindCompass\mindcompass-backend\ai\emotions\services.py", line 44, in _rule_based_detect
    sentiment_res = SentimentAnalysisService.analyze(text)
  File "C:\Users\HP\Documents\mindCompass\mindcompass-backend\ai\sentiment\services.py", line 68, in analyze
    em_res = EmotionDetectionService.detect(text)
  File "C:\Users\HP\Documents\mindCompass\mindcompass-backend\ai\emotions\services.py", line 27, in detect
    return cls._rule_based_detect(text)
           ~~~~~~~~~~~~~~~~~~~~~~^^^^^^
  File "C:\Users\HP\Documents\mindCompass\mindcompass-backend\ai\emotions\services.py", line 44, in _rule_based_detect
    sentiment_res = SentimentAnalysisService.analyze(text)
  File "C:\Users\HP\Documents\mindCompass\mindcompass-backend\ai\sentiment\services.py", line 68, in analyze
    em_res = EmotionDetectionService.detect(text)
  File "C:\Users\HP\Documents\mindCompass\mindcompass-backend\ai\emotions\services.py", line 27, in detect
    return cls._rule_based_detect(text)
           ~~~~~~~~~~~~~~~~~~~~~~^^^^^^
  File "C:\Users\HP\Documents\mindCompass\mindcompass-backend\ai\emotions\services.py", line 44, in _rule_based_detect
    sentiment_res = SentimentAnalysisService.analyze(text)
  File "C:\Users\HP\Documents\mindCompass\mindcompass-backend\ai\sentiment\services.py", line 68, in analyze
    em_res = EmotionDetectionService.detect(text)
  File "C:\Users\HP\Documents\mindCompass\mindcompass-backend\ai\emotions\services.py", line 27, in detect
    return cls._rule_based_detect(text)
           ~~~~~~~~~~~~~~~~~~~~~~^^^^^^
  File "C:\Users\HP\Documents\mindCompass\mindcompass-backend\ai\emotions\services.py", line 44, in _rule_based_detect
    sentiment_res = SentimentAnalysisService.analyze(text)
  File "C:\Users\HP\Documents\mindCompass\mindcompass-backend\ai\sentiment\services.py", line 68, in analyze
    em_res = EmotionDetectionService.detect(text)
  File "C:\Users\HP\Documents\mindCompass\mindcompass-backend\ai\emotions\services.py", line 27, in detect
    return cls._rule_based_detect(text)
           ~~~~~~~~~~~~~~~~~~~~~~^^^^^^
  File "C:\Users\HP\Documents\mindCompass\mindcompass-backend\ai\emotions\services.py", line 44, in _rule_based_detect
    sentiment_res = SentimentAnalysisService.analyze(text)
  File "C:\Users\HP\Documents\mindCompass\mindcompass-backend\ai\sentiment\services.py", line 68, in analyze
    em_res = EmotionDetectionService.detect(text)
  File "C:\Users\HP\Documents\mindCompass\mindcompass-backend\ai\emotions\services.py", line 27, in detect
    return cls._rule_based_detect(text)
           ~~~~~~~~~~~~~~~~~~~~~~^^^^^^
  File "C:\Users\HP\Documents\mindCompass\mindcompass-backend\ai\emotions\services.py", line 44, in _rule_based_detect
    sentiment_res = SentimentAnalysisService.analyze(text)
  File "C:\Users\HP\Documents\mindCompass\mindcompass-backend\ai\sentiment\services.py", line 68, in analyze
    em_res = EmotionDetectionService.detect(text)
  File "C:\Users\HP\Documents\mindCompass\mindcompass-backend\ai\emotions\services.py", line 27, in detect
    return cls._rule_based_detect(text)
           ~~~~~~~~~~~~~~~~~~~~~~^^^^^^
  File "C:\Users\HP\Documents\mindCompass\mindcompass-backend\ai\emotions\services.py", line 44, in _rule_based_detect
    sentiment_res = SentimentAnalysisService.analyze(text)
  File "C:\Users\HP\Documents\mindCompass\mindcompass-backend\ai\sentiment\services.py", line 68, in analyze
    em_res = EmotionDetectionService.detect(text)
  File "C:\Users\HP\Documents\mindCompass\mindcompass-backend\ai\emotions\services.py", line 27, in detect
    return cls._rule_based_detect(text)
           ~~~~~~~~~~~~~~~~~~~~~~^^^^^^
  File "C:\Users\HP\Documents\mindCompass\mindcompass-backend\ai\emotions\services.py", line 44, in _rule_based_detect
    sentiment_res = SentimentAnalysisService.analyze(text)
  File "C:\Users\HP\Documents\mindCompass\mindcompass-backend\ai\sentiment\services.py", line 68, in analyze
    em_res = EmotionDetectionService.detect(text)
  File "C:\Users\HP\Documents\mindCompass\mindcompass-backend\ai\emotions\services.py", line 27, in detect
    return cls._rule_based_detect(text)
           ~~~~~~~~~~~~~~~~~~~~~~^^^^^^
  File "C:\Users\HP\Documents\mindCompass\mindcompass-backend\ai\emotions\services.py", line 44, in _rule_based_detect
    sentiment_res = SentimentAnalysisService.analyze(text)
  File "C:\Users\HP\Documents\mindCompass\mindcompass-backend\ai\sentiment\services.py", line 68, in analyze
    em_res = EmotionDetectionService.detect(text)
  File "C:\Users\HP\Documents\mindCompass\mindcompass-backend\ai\emotions\services.py", line 27, in detect
    return cls._rule_based_detect(text)
           ~~~~~~~~~~~~~~~~~~~~~~^^^^^^
  File "C:\Users\HP\Documents\mindCompass\mindcompass-backend\ai\emotions\services.py", line 44, in _rule_based_detect
    sentiment_res = SentimentAnalysisService.analyze(text)
  File "C:\Users\HP\Documents\mindCompass\mindcompass-backend\ai\sentiment\services.py", line 68, in analyze
    em_res = EmotionDetectionService.detect(text)
  File "C:\Users\HP\Documents\mindCompass\mindcompass-backend\ai\emotions\services.py", line 27, in detect
    return cls._rule_based_detect(text)
           ~~~~~~~~~~~~~~~~~~~~~~^^^^^^
  File "C:\Users\HP\Documents\mindCompass\mindcompass-backend\ai\emotions\services.py", line 44, in _rule_based_detect
    sentiment_res = SentimentAnalysisService.analyze(text)
  File "C:\Users\HP\Documents\mindCompass\mindcompass-backend\ai\sentiment\services.py", line 68, in analyze
    em_res = EmotionDetectionService.detect(text)
  File "C:\Users\HP\Documents\mindCompass\mindcompass-backend\ai\emotions\services.py", line 27, in detect
    return cls._rule_based_detect(text)
           ~~~~~~~~~~~~~~~~~~~~~~^^^^^^
  File "C:\Users\HP\Documents\mindCompass\mindcompass-backend\ai\emotions\services.py", line 44, in _rule_based_detect
    sentiment_res = SentimentAnalysisService.analyze(text)
  File "C:\Users\HP\Documents\mindCompass\mindcompass-backend\ai\sentiment\services.py", line 68, in analyze
    em_res = EmotionDetectionService.detect(text)
  File "C:\Users\HP\Documents\mindCompass\mindcompass-backend\ai\emotions\services.py", line 27, in detect
    return cls._rule_based_detect(text)
           ~~~~~~~~~~~~~~~~~~~~~~^^^^^^
  File "C:\Users\HP\Documents\mindCompass\mindcompass-backend\ai\emotions\services.py", line 44, in _rule_based_detect
    sentiment_res = SentimentAnalysisService.analyze(text)
  File "C:\Users\HP\Documents\mindCompass\mindcompass-backend\ai\sentiment\services.py", line 68, in analyze
    em_res = EmotionDetectionService.detect(text)
  File "C:\Users\HP\Documents\mindCompass\mindcompass-backend\ai\emotions\services.py", line 27, in detect
    return cls._rule_based_detect(text)
           ~~~~~~~~~~~~~~~~~~~~~~^^^^^^
  File "C:\Users\HP\Documents\mindCompass\mindcompass-backend\ai\emotions\services.py", line 44, in _rule_based_detect
    sentiment_res = SentimentAnalysisService.analyze(text)
  File "C:\Users\HP\Documents\mindCompass\mindcompass-backend\ai\sentiment\services.py", line 68, in analyze
    em_res = EmotionDetectionService.detect(text)
  File "C:\Users\HP\Documents\mindCompass\mindcompass-backend\ai\emotions\services.py", line 27, in detect
    return cls._rule_based_detect(text)
           ~~~~~~~~~~~~~~~~~~~~~~^^^^^^
  File "C:\Users\HP\Documents\mindCompass\mindcompass-backend\ai\emotions\services.py", line 44, in _rule_based_detect
    sentiment_res = SentimentAnalysisService.analyze(text)
  File "C:\Users\HP\Documents\mindCompass\mindcompass-backend\ai\sentiment\services.py", line 68, in analyze
    em_res = EmotionDetectionService.detect(text)
  File "C:\Users\HP\Documents\mindCompass\mindcompass-backend\ai\emotions\services.py", line 27, in detect
    return cls._rule_based_detect(text)
           ~~~~~~~~~~~~~~~~~~~~~~^^^^^^
  File "C:\Users\HP\Documents\mindCompass\mindcompass-backend\ai\emotions\services.py", line 44, in _rule_based_detect
    sentiment_res = SentimentAnalysisService.analyze(text)
  File "C:\Users\HP\Documents\mindCompass\mindcompass-backend\ai\sentiment\services.py", line 68, in analyze
    em_res = EmotionDetectionService.detect(text)
  File "C:\Users\HP\Documents\mindCompass\mindcompass-backend\ai\emotions\services.py", line 27, in detect
    return cls._rule_based_detect(text)
           ~~~~~~~~~~~~~~~~~~~~~~^^^^^^
  File "C:\Users\HP\Documents\mindCompass\mindcompass-backend\ai\emotions\services.py", line 44, in _rule_based_detect
    sentiment_res = SentimentAnalysisService.analyze(text)
  File "C:\Users\HP\Documents\mindCompass\mindcompass-backend\ai\sentiment\services.py", line 68, in analyze
    em_res = EmotionDetectionService.detect(text)
  File "C:\Users\HP\Documents\mindCompass\mindcompass-backend\ai\emotions\services.py", line 27, in detect
    return cls._rule_based_detect(text)
           ~~~~~~~~~~~~~~~~~~~~~~^^^^^^
  File "C:\Users\HP\Documents\mindCompass\mindcompass-backend\ai\emotions\services.py", line 44, in _rule_based_detect
    sentiment_res = SentimentAnalysisService.analyze(text)
  File "C:\Users\HP\Documents\mindCompass\mindcompass-backend\ai\sentiment\services.py", line 68, in analyze
    em_res = EmotionDetectionService.detect(text)
  File "C:\Users\HP\Documents\mindCompass\mindcompass-backend\ai\emotions\services.py", line 27, in detect
    return cls._rule_based_detect(text)
           ~~~~~~~~~~~~~~~~~~~~~~^^^^^^
  File "C:\Users\HP\Documents\mindCompass\mindcompass-backend\ai\emotions\services.py", line 44, in _rule_based_detect
    sentiment_res = SentimentAnalysisService.analyze(text)
  File "C:\Users\HP\Documents\mindCompass\mindcompass-backend\ai\sentiment\services.py", line 68, in analyze
    em_res = EmotionDetectionService.detect(text)
  File "C:\Users\HP\Documents\mindCompass\mindcompass-backend\ai\emotions\services.py", line 27, in detect
    return cls._rule_based_detect(text)
           ~~~~~~~~~~~~~~~~~~~~~~^^^^^^
  File "C:\Users\HP\Documents\mindCompass\mindcompass-backend\ai\emotions\services.py", line 44, in _rule_based_detect
    sentiment_res = SentimentAnalysisService.analyze(text)
  File "C:\Users\HP\Documents\mindCompass\mindcompass-backend\ai\sentiment\services.py", line 68, in analyze
    em_res = EmotionDetectionService.detect(text)
  File "C:\Users\HP\Documents\mindCompass\mindcompass-backend\ai\emotions\services.py", line 27, in detect
    return cls._rule_based_detect(text)
           ~~~~~~~~~~~~~~~~~~~~~~^^^^^^
  File "C:\Users\HP\Documents\mindCompass\mindcompass-backend\ai\emotions\services.py", line 44, in _rule_based_detect
    sentiment_res = SentimentAnalysisService.analyze(text)
  File "C:\Users\HP\Documents\mindCompass\mindcompass-backend\ai\sentiment\services.py", line 68, in analyze
    em_res = EmotionDetectionService.detect(text)
  File "C:\Users\HP\Documents\mindCompass\mindcompass-backend\ai\emotions\services.py", line 27, in detect
    return cls._rule_based_detect(text)
           ~~~~~~~~~~~~~~~~~~~~~~^^^^^^
  File "C:\Users\HP\Documents\mindCompass\mindcompass-backend\ai\emotions\services.py", line 44, in _rule_based_detect
    sentiment_res = SentimentAnalysisService.analyze(text)
  File "C:\Users\HP\Documents\mindCompass\mindcompass-backend\ai\sentiment\services.py", line 68, in analyze
    em_res = EmotionDetectionService.detect(text)
  File "C:\Users\HP\Documents\mindCompass\mindcompass-backend\ai\emotions\services.py", line 27, in detect
    return cls._rule_based_detect(text)
           ~~~~~~~~~~~~~~~~~~~~~~^^^^^^
  File "C:\Users\HP\Documents\mindCompass\mindcompass-backend\ai\emotions\services.py", line 44, in _rule_based_detect
    sentiment_res = SentimentAnalysisService.analyze(text)
  File "C:\Users\HP\Documents\mindCompass\mindcompass-backend\ai\sentiment\services.py", line 68, in analyze
    em_res = EmotionDetectionService.detect(text)
  File "C:\Users\HP\Documents\mindCompass\mindcompass-backend\ai\emotions\services.py", line 27, in detect
    return cls._rule_based_detect(text)
           ~~~~~~~~~~~~~~~~~~~~~~^^^^^^
  File "C:\Users\HP\Documents\mindCompass\mindcompass-backend\ai\emotions\services.py", line 44, in _rule_based_detect
    sentiment_res = SentimentAnalysisService.analyze(text)
  File "C:\Users\HP\Documents\mindCompass\mindcompass-backend\ai\sentiment\services.py", line 43, in analyze
    preprocess_res = preprocess_text(text)
  File "C:\Users\HP\Documents\mindCompass\mindcompass-backend\ai\utils\preprocessing.py", line 41, in preprocess_text
    raw_tokens = word_tokenize(cleaned_spaces)
  File "C:\Users\HP\AppData\Roaming\Python\Python314\site-packages\nltk\tokenize\__init__.py", line 142, in word_tokenize
    sentences = [text] if preserve_line else sent_tokenize(text, language)
                                             ~~~~~~~~~~~~~^^^^^^^^^^^^^^^^
  File "C:\Users\HP\AppData\Roaming\Python\Python314\site-packages\nltk\tokenize\__init__.py", line 120, in sent_tokenize
    return tokenizer.tokenize(text)
           ~~~~~~~~~~~~~~~~~~^^^^^^
  File "C:\Users\HP\AppData\Roaming\Python\Python314\site-packages\nltk\tokenize\punkt.py", line 1280, in tokenize
    return list(self.sentences_from_text(text, realign_boundaries))
                ~~~~~~~~~~~~~~~~~~~~~~~~^^^^^^^^^^^^^^^^^^^^^^^^^^
  File "C:\Users\HP\AppData\Roaming\Python\Python314\site-packages\nltk\tokenize\punkt.py", line 1340, in sentences_from_text
    return [text[s:e] for s, e in self.span_tokenize(text, realign_boundaries)]
                                  ~~~~~~~~~~~~~~~~~~^^^^^^^^^^^^^^^^^^^^^^^^^^
  File "C:\Users\HP\AppData\Roaming\Python\Python314\site-packages\nltk\tokenize\punkt.py", line 1328, in span_tokenize
    for sentence in slices:
                    ^^^^^^
  File "C:\Users\HP\AppData\Roaming\Python\Python314\site-packages\nltk\tokenize\punkt.py", line 1457, in _realign_boundaries
    for sentence1, sentence2 in _pair_iter(slices):
                                ~~~~~~~~~~^^^^^^^^
  File "C:\Users\HP\AppData\Roaming\Python\Python314\site-packages\nltk\tokenize\punkt.py", line 321, in _pair_iter
    prev = next(iterator)
  File "C:\Users\HP\AppData\Roaming\Python\Python314\site-packages\nltk\tokenize\punkt.py", line 1429, in _slices_from_text
    for match, context in self._match_potential_end_contexts(text):
                          ~~~~~~~~~~~~~~~~~~~~~~~~~~~~~~~~~~^^^^^^
  File "C:\Users\HP\AppData\Roaming\Python\Python314\site-packages\nltk\tokenize\punkt.py", line 1394, in _match_potential_end_contexts
    for match in self._lang_vars.period_context_re().finditer(text):
                 ~~~~~~~~~~~~~~~~~~~~~~~~~~~~~~~~~^^
RecursionError: maximum recursion depth exceeded
INFO 2026-07-31 23:08:21,118 autoreload 34572 2192 C:\Users\HP\Documents\mindCompass\mindcompass-backend\ai\sentiment\services.py changed, reloading.
INFO 2026-07-31 23:08:22,655 autoreload 14708 18004 Watching for file changes with StatReloader
WARNING 2026-07-31 23:08:42,361 log 5112 30896 Bad Request: /api/ai/sentiment/
WARNING 2026-07-31 23:08:47,060 log 5112 30896 Unauthorized: /api/ai/sentiment/
WARNING 2026-07-31 23:08:47,060 log 5112 30896 Unauthorized: /api/ai/emotion/
WARNING 2026-07-31 23:08:47,061 log 5112 30896 Unauthorized: /api/ai/keywords/
WARNING 2026-07-31 23:08:47,061 log 5112 30896 Unauthorized: /api/ai/prediction/
WARNING 2026-07-31 23:08:47,062 log 5112 30896 Unauthorized: /api/ai/insights/
WARNING 2026-07-31 23:08:47,603 log 5112 30896 Bad Request: /api/assessment/
INFO 2026-07-31 23:08:49,184 utils 5112 30896 [SECURITY EVENT] Type: EMAIL_VERIFICATION_SENT | User ID: 21974154-285e-4035-b1cb-daf49a6951f7 | Details: Verification code generated.
INFO 2026-07-31 23:08:49,701 utils 5112 30896 [SECURITY EVENT] Type: EMAIL_VERIFICATION_SENT | User ID: 05af24db-a900-42a7-814c-39632cf5b332 | Details: Verification code generated.
INFO 2026-07-31 23:08:49,704 utils 5112 30896 [SECURITY EVENT] Type: EMAIL_VERIFICATION_SUCCESS | User ID: 05af24db-a900-42a7-814c-39632cf5b332 | Details: Verified email: verifyuser@example.com
INFO 2026-07-31 23:08:50,206 utils 5112 30896 [SECURITY EVENT] Type: GOOGLE_AUTH_FAILURE | User ID: ANONYMOUS | Details: Token verification failed: Wrong number of segments in token: b'real_unverified_token'
INFO 2026-07-31 23:08:50,210 utils 5112 30896 [SECURITY EVENT] Type: USER_REGISTRATION_GOOGLE | User ID: 92f8736f-6f4e-49b2-9c64-7e1fd4e03e71 | Details: Registered via Google OAuth: googletest (googletest@example.com)
INFO 2026-07-31 23:08:50,212 utils 5112 30896 [SECURITY EVENT] Type: LOGIN_SUCCESS_GOOGLE | User ID: 92f8736f-6f4e-49b2-9c64-7e1fd4e03e71 | Details: Logged in user googletest via Google OAuth.
INFO 2026-07-31 23:08:51,265 utils 5112 30896 [SECURITY EVENT] Type: LOGIN_FAILURE_INACTIVE | User ID: 4fc77aa8-5e35-4cdc-8461-76cddee018d3 | Details: Attempted login on inactive account: loginuser
INFO 2026-07-31 23:08:52,307 utils 5112 30896 [SECURITY EVENT] Type: LOGIN_FAILURE | User ID: bc5ebfd7-7c8b-47d9-b0da-760f2b191d8a | Details: Incorrect password attempt for user: loginuser
INFO 2026-07-31 23:08:53,345 utils 5112 30896 [SECURITY EVENT] Type: LOGIN_SUCCESS | User ID: 118cc844-665e-47ed-90b0-1501ee7aa125 | Details: User loginuser logged in successfully.
INFO 2026-07-31 23:08:54,390 utils 5112 30896 [SECURITY EVENT] Type: LOGIN_SUCCESS | User ID: 24b72140-d78d-4eeb-96a2-c709f38b4858 | Details: User loginuser logged in successfully.
INFO 2026-07-31 23:08:54,914 utils 5112 30896 [SECURITY EVENT] Type: PASSWORD_RESET_REQUESTED | User ID: 62878d9d-6560-4e9b-9569-9b8173a49a85 | Details: Issued password reset token.
INFO 2026-07-31 23:08:55,437 utils 5112 30896 [SECURITY EVENT] Type: PASSWORD_RESET_REQUESTED | User ID: 37ae10ae-e825-4dc9-9eb6-6ec2363fa7c7 | Details: Issued password reset token.
INFO 2026-07-31 23:08:55,987 utils 5112 30896 [SECURITY EVENT] Type: PASSWORD_RESET_REQUESTED | User ID: 2f0d2ab2-e285-4d3e-87ef-64f75fe7f6e6 | Details: Issued password reset token.
INFO 2026-07-31 23:08:56,520 utils 5112 30896 [SECURITY EVENT] Type: PASSWORD_RESET_SUCCESS | User ID: 2f0d2ab2-e285-4d3e-87ef-64f75fe7f6e6 | Details: Password successfully reset via token.
INFO 2026-07-31 23:08:57,044 utils 5112 30896 [SECURITY EVENT] Type: LOGIN_SUCCESS | User ID: 2f0d2ab2-e285-4d3e-87ef-64f75fe7f6e6 | Details: User resetuser logged in successfully.
INFO 2026-07-31 23:08:57,594 utils 5112 30896 [SECURITY EVENT] Type: USER_REGISTRATION | User ID: 4becdfb1-9138-46cc-a2b6-e20bdbcefc99 | Details: Registered: valid_user1 | Email: validemail@example.com
INFO 2026-07-31 23:08:57,595 utils 5112 30896 [SECURITY EVENT] Type: EMAIL_VERIFICATION_SENT | User ID: 4becdfb1-9138-46cc-a2b6-e20bdbcefc99 | Details: Verification code generated.
WARNING 2026-07-31 23:08:58,669 log 5112 30896 Bad Request: /api/mood/
INFO 2026-07-31 23:09:23,293 autoreload 14708 18004 C:\Users\HP\Documents\mindCompass\mindcompass-backend\recommendation\services.py changed, reloading.
INFO 2026-07-31 23:09:24,631 autoreload 17568 18244 Watching for file changes with StatReloader
WARNING 2026-07-31 23:10:01,986 log 4844 2836 Bad Request: /api/ai/sentiment/
WARNING 2026-07-31 23:10:06,662 log 4844 2836 Unauthorized: /api/ai/sentiment/
WARNING 2026-07-31 23:10:06,663 log 4844 2836 Unauthorized: /api/ai/emotion/
WARNING 2026-07-31 23:10:06,664 log 4844 2836 Unauthorized: /api/ai/keywords/
WARNING 2026-07-31 23:10:06,664 log 4844 2836 Unauthorized: /api/ai/prediction/
WARNING 2026-07-31 23:10:06,665 log 4844 2836 Unauthorized: /api/ai/insights/
WARNING 2026-07-31 23:10:07,176 log 4844 2836 Bad Request: /api/assessment/
INFO 2026-07-31 23:10:08,766 utils 4844 2836 [SECURITY EVENT] Type: EMAIL_VERIFICATION_SENT | User ID: 1dd2b710-663b-4a21-aa4d-a549215295b5 | Details: Verification code generated.
INFO 2026-07-31 23:10:09,289 utils 4844 2836 [SECURITY EVENT] Type: EMAIL_VERIFICATION_SENT | User ID: aae7d434-4965-41af-98b8-2d078c98e69d | Details: Verification code generated.
INFO 2026-07-31 23:10:09,291 utils 4844 2836 [SECURITY EVENT] Type: EMAIL_VERIFICATION_SUCCESS | User ID: aae7d434-4965-41af-98b8-2d078c98e69d | Details: Verified email: verifyuser@example.com
INFO 2026-07-31 23:10:09,770 utils 4844 2836 [SECURITY EVENT] Type: GOOGLE_AUTH_FAILURE | User ID: ANONYMOUS | Details: Token verification failed: Wrong number of segments in token: b'real_unverified_token'
INFO 2026-07-31 23:10:09,774 utils 4844 2836 [SECURITY EVENT] Type: USER_REGISTRATION_GOOGLE | User ID: 134b95b6-3d96-4db5-bbc7-94e35dbc8403 | Details: Registered via Google OAuth: googletest (googletest@example.com)
INFO 2026-07-31 23:10:09,775 utils 4844 2836 [SECURITY EVENT] Type: LOGIN_SUCCESS_GOOGLE | User ID: 134b95b6-3d96-4db5-bbc7-94e35dbc8403 | Details: Logged in user googletest via Google OAuth.
INFO 2026-07-31 23:10:10,832 utils 4844 2836 [SECURITY EVENT] Type: LOGIN_FAILURE_INACTIVE | User ID: 7c0b6de2-ac14-49e0-bd18-adb04598045c | Details: Attempted login on inactive account: loginuser
INFO 2026-07-31 23:10:11,866 utils 4844 2836 [SECURITY EVENT] Type: LOGIN_FAILURE | User ID: 91ce835d-e43c-49d7-8122-a69804be78cd | Details: Incorrect password attempt for user: loginuser
INFO 2026-07-31 23:10:12,906 utils 4844 2836 [SECURITY EVENT] Type: LOGIN_SUCCESS | User ID: 21a2bb82-2a18-4ca7-bfc0-6c14ad2b54e0 | Details: User loginuser logged in successfully.
INFO 2026-07-31 23:10:13,941 utils 4844 2836 [SECURITY EVENT] Type: LOGIN_SUCCESS | User ID: c8d8558e-06cf-4a0e-bed9-47d0b4dd4f47 | Details: User loginuser logged in successfully.
INFO 2026-07-31 23:10:14,468 utils 4844 2836 [SECURITY EVENT] Type: PASSWORD_RESET_REQUESTED | User ID: 855e3dcb-4382-4279-82f2-ef0557ee24a2 | Details: Issued password reset token.
INFO 2026-07-31 23:10:14,996 utils 4844 2836 [SECURITY EVENT] Type: PASSWORD_RESET_REQUESTED | User ID: 9fcb3cbe-6459-4e26-b702-2f55b9ed6229 | Details: Issued password reset token.
INFO 2026-07-31 23:10:15,520 utils 4844 2836 [SECURITY EVENT] Type: PASSWORD_RESET_REQUESTED | User ID: 2c45706f-b020-48ff-b57c-edbf73a64933 | Details: Issued password reset token.
INFO 2026-07-31 23:10:16,042 utils 4844 2836 [SECURITY EVENT] Type: PASSWORD_RESET_SUCCESS | User ID: 2c45706f-b020-48ff-b57c-edbf73a64933 | Details: Password successfully reset via token.
INFO 2026-07-31 23:10:16,560 utils 4844 2836 [SECURITY EVENT] Type: LOGIN_SUCCESS | User ID: 2c45706f-b020-48ff-b57c-edbf73a64933 | Details: User resetuser logged in successfully.
INFO 2026-07-31 23:10:17,150 utils 4844 2836 [SECURITY EVENT] Type: USER_REGISTRATION | User ID: dbb9b4a3-adab-41e6-87b5-fe55cb75ac30 | Details: Registered: valid_user1 | Email: validemail@example.com
INFO 2026-07-31 23:10:17,151 utils 4844 2836 [SECURITY EVENT] Type: EMAIL_VERIFICATION_SENT | User ID: dbb9b4a3-adab-41e6-87b5-fe55cb75ac30 | Details: Verification code generated.
WARNING 2026-07-31 23:10:18,207 log 4844 2836 Bad Request: /api/mood/
INFO 2026-07-31 23:54:34,293 autoreload 17568 18244 C:\Users\HP\Documents\mindCompass\mindcompass-backend\insights\services.py changed, reloading.
INFO 2026-07-31 23:54:38,154 autoreload 17784 6168 Watching for file changes with StatReloader
INFO 2026-07-31 23:54:47,196 autoreload 17784 6168 C:\Users\HP\Documents\mindCompass\mindcompass-backend\insights\services.py changed, reloading.
INFO 2026-07-31 23:54:49,489 autoreload 8860 7756 Watching for file changes with StatReloader
WARNING 2026-07-31 23:55:42,178 log 24152 24920 Bad Request: /api/ai/sentiment/
WARNING 2026-07-31 23:55:53,226 log 24152 24920 Unauthorized: /api/ai/sentiment/
WARNING 2026-07-31 23:55:53,227 log 24152 24920 Unauthorized: /api/ai/emotion/
WARNING 2026-07-31 23:55:53,228 log 24152 24920 Unauthorized: /api/ai/keywords/
WARNING 2026-07-31 23:55:53,229 log 24152 24920 Unauthorized: /api/ai/prediction/
WARNING 2026-07-31 23:55:53,230 log 24152 24920 Unauthorized: /api/ai/insights/
WARNING 2026-07-31 23:55:54,552 log 24152 24920 Bad Request: /api/assessment/
INFO 2026-07-31 23:55:58,294 utils 24152 24920 [SECURITY EVENT] Type: EMAIL_VERIFICATION_SENT | User ID: e2723517-1872-4958-8018-6fb03936dace | Details: Verification code generated.
INFO 2026-07-31 23:55:59,547 utils 24152 24920 [SECURITY EVENT] Type: EMAIL_VERIFICATION_SENT | User ID: 95f57559-29b6-4a38-87fa-3608d4901536 | Details: Verification code generated.
INFO 2026-07-31 23:55:59,551 utils 24152 24920 [SECURITY EVENT] Type: EMAIL_VERIFICATION_SUCCESS | User ID: 95f57559-29b6-4a38-87fa-3608d4901536 | Details: Verified email: verifyuser@example.com
INFO 2026-07-31 23:56:00,494 utils 24152 24920 [SECURITY EVENT] Type: GOOGLE_AUTH_FAILURE | User ID: ANONYMOUS | Details: Token verification failed: Wrong number of segments in token: b'real_unverified_token'
INFO 2026-07-31 23:56:00,501 utils 24152 24920 [SECURITY EVENT] Type: USER_REGISTRATION_GOOGLE | User ID: 3ad5c030-fc8b-4ddc-926c-d74818eeb2e1 | Details: Registered via Google OAuth: googletest (googletest@example.com)
INFO 2026-07-31 23:56:00,505 utils 24152 24920 [SECURITY EVENT] Type: LOGIN_SUCCESS_GOOGLE | User ID: 3ad5c030-fc8b-4ddc-926c-d74818eeb2e1 | Details: Logged in user googletest via Google OAuth.
INFO 2026-07-31 23:56:02,946 utils 24152 24920 [SECURITY EVENT] Type: LOGIN_FAILURE_INACTIVE | User ID: 6d4e2997-4803-422a-a52e-97dad094e244 | Details: Attempted login on inactive account: loginuser
INFO 2026-07-31 23:56:05,461 utils 24152 24920 [SECURITY EVENT] Type: LOGIN_FAILURE | User ID: a9b66031-6dc3-43bb-a179-b062925d8277 | Details: Incorrect password attempt for user: loginuser
INFO 2026-07-31 23:56:07,936 utils 24152 24920 [SECURITY EVENT] Type: LOGIN_SUCCESS | User ID: 5e47062f-b5d1-4c21-90ff-b9b26c43fa78 | Details: User loginuser logged in successfully.
INFO 2026-07-31 23:56:10,376 utils 24152 24920 [SECURITY EVENT] Type: LOGIN_SUCCESS | User ID: f81fc615-2032-4d7d-94a8-7f1b2c7af14b | Details: User loginuser logged in successfully.
INFO 2026-07-31 23:56:11,581 utils 24152 24920 [SECURITY EVENT] Type: PASSWORD_RESET_REQUESTED | User ID: f5f9bee5-256f-48dd-a3b5-b325d05e0104 | Details: Issued password reset token.
INFO 2026-07-31 23:56:12,853 utils 24152 24920 [SECURITY EVENT] Type: PASSWORD_RESET_REQUESTED | User ID: 5835e30d-b9ff-4c84-87bc-f9ce3ff2b7e2 | Details: Issued password reset token.
INFO 2026-07-31 23:56:14,031 utils 24152 24920 [SECURITY EVENT] Type: PASSWORD_RESET_REQUESTED | User ID: cfda7c30-d985-4662-83d8-0679ebd1a05e | Details: Issued password reset token.
INFO 2026-07-31 23:56:15,248 utils 24152 24920 [SECURITY EVENT] Type: PASSWORD_RESET_SUCCESS | User ID: cfda7c30-d985-4662-83d8-0679ebd1a05e | Details: Password successfully reset via token.
INFO 2026-07-31 23:56:16,538 utils 24152 24920 [SECURITY EVENT] Type: LOGIN_SUCCESS | User ID: cfda7c30-d985-4662-83d8-0679ebd1a05e | Details: User resetuser logged in successfully.
INFO 2026-07-31 23:56:17,788 utils 24152 24920 [SECURITY EVENT] Type: USER_REGISTRATION | User ID: bdd7aac5-6a5c-488d-9fc7-ecb8240644b3 | Details: Registered: valid_user1 | Email: validemail@example.com
INFO 2026-07-31 23:56:17,789 utils 24152 24920 [SECURITY EVENT] Type: EMAIL_VERIFICATION_SENT | User ID: bdd7aac5-6a5c-488d-9fc7-ecb8240644b3 | Details: Verification code generated.
WARNING 2026-07-31 23:56:20,320 log 24152 24920 Bad Request: /api/mood/
INFO 2026-08-01 00:04:22,967 autoreload 8860 7756 C:\Users\HP\Documents\mindCompass\mindcompass-backend\ai\serializers.py changed, reloading.
INFO 2026-08-01 00:04:26,635 autoreload 20680 31732 Watching for file changes with StatReloader
INFO 2026-08-01 00:04:50,133 autoreload 20680 31732 C:\Users\HP\Documents\mindCompass\mindcompass-backend\ai\insights\services.py changed, reloading.
INFO 2026-08-01 00:04:53,591 autoreload 19712 16812 Watching for file changes with StatReloader
WARNING 2026-08-01 00:10:16,781 log 18592 20408 Bad Request: /api/ai/sentiment/
WARNING 2026-08-01 00:10:29,686 log 18592 20408 Unauthorized: /api/ai/sentiment/
WARNING 2026-08-01 00:10:29,688 log 18592 20408 Unauthorized: /api/ai/emotion/
WARNING 2026-08-01 00:10:29,690 log 18592 20408 Unauthorized: /api/ai/keywords/
WARNING 2026-08-01 00:10:29,692 log 18592 20408 Unauthorized: /api/ai/prediction/
WARNING 2026-08-01 00:10:29,694 log 18592 20408 Unauthorized: /api/ai/insights/
WARNING 2026-08-01 00:10:31,111 log 18592 20408 Bad Request: /api/assessment/
INFO 2026-08-01 00:10:35,289 utils 18592 20408 [SECURITY EVENT] Type: EMAIL_VERIFICATION_SENT | User ID: 45ca1748-3e4d-4c1a-b97a-96b2bd7bd651 | Details: Verification code generated.
INFO 2026-08-01 00:10:36,896 utils 18592 20408 [SECURITY EVENT] Type: EMAIL_VERIFICATION_SENT | User ID: 4895bca0-dc7f-43e0-907f-2b4cc4486ea5 | Details: Verification code generated.
INFO 2026-08-01 00:10:36,902 utils 18592 20408 [SECURITY EVENT] Type: EMAIL_VERIFICATION_SUCCESS | User ID: 4895bca0-dc7f-43e0-907f-2b4cc4486ea5 | Details: Verified email: verifyuser@example.com
INFO 2026-08-01 00:10:38,387 utils 18592 20408 [SECURITY EVENT] Type: GOOGLE_AUTH_FAILURE | User ID: ANONYMOUS | Details: Token verification failed: Wrong number of segments in token: b'real_unverified_token'
INFO 2026-08-01 00:10:38,394 utils 18592 20408 [SECURITY EVENT] Type: USER_REGISTRATION_GOOGLE | User ID: f7c5ec44-751c-4947-a475-5ef3ec624af0 | Details: Registered via Google OAuth: googletest (googletest@example.com)
INFO 2026-08-01 00:10:38,398 utils 18592 20408 [SECURITY EVENT] Type: LOGIN_SUCCESS_GOOGLE | User ID: f7c5ec44-751c-4947-a475-5ef3ec624af0 | Details: Logged in user googletest via Google OAuth.
INFO 2026-08-01 00:10:41,148 utils 18592 20408 [SECURITY EVENT] Type: LOGIN_FAILURE_INACTIVE | User ID: c5d8b434-ff01-498a-a7ad-6771054cd83a | Details: Attempted login on inactive account: loginuser
INFO 2026-08-01 00:10:43,794 utils 18592 20408 [SECURITY EVENT] Type: LOGIN_FAILURE | User ID: 3c4cb1bc-ca00-47ac-a97f-06a3948c9d14 | Details: Incorrect password attempt for user: loginuser
INFO 2026-08-01 00:10:46,537 utils 18592 20408 [SECURITY EVENT] Type: LOGIN_SUCCESS | User ID: 0a2a4e6a-8d7e-4eda-a26f-63e15a08e254 | Details: User loginuser logged in successfully.
INFO 2026-08-01 00:10:49,220 utils 18592 20408 [SECURITY EVENT] Type: LOGIN_SUCCESS | User ID: 82d88053-5f38-4e6e-862e-0f0a91d6a2c5 | Details: User loginuser logged in successfully.
INFO 2026-08-01 00:10:50,553 utils 18592 20408 [SECURITY EVENT] Type: PASSWORD_RESET_REQUESTED | User ID: 14f0fee0-729a-4755-b2ad-16b34f164770 | Details: Issued password reset token.
INFO 2026-08-01 00:10:51,967 utils 18592 20408 [SECURITY EVENT] Type: PASSWORD_RESET_REQUESTED | User ID: 106a0954-26ef-41ba-aa44-256b4f0600aa | Details: Issued password reset token.
INFO 2026-08-01 00:10:53,353 utils 18592 20408 [SECURITY EVENT] Type: PASSWORD_RESET_REQUESTED | User ID: cd624acb-97ca-4ffd-94e0-7d0a5583ae31 | Details: Issued password reset token.
INFO 2026-08-01 00:10:54,961 utils 18592 20408 [SECURITY EVENT] Type: PASSWORD_RESET_SUCCESS | User ID: cd624acb-97ca-4ffd-94e0-7d0a5583ae31 | Details: Password successfully reset via token.
INFO 2026-08-01 00:10:56,301 utils 18592 20408 [SECURITY EVENT] Type: LOGIN_SUCCESS | User ID: cd624acb-97ca-4ffd-94e0-7d0a5583ae31 | Details: User resetuser logged in successfully.
INFO 2026-08-01 00:10:57,661 utils 18592 20408 [SECURITY EVENT] Type: USER_REGISTRATION | User ID: d73fc6d7-d592-4f39-8c20-ec537d51870a | Details: Registered: valid_user1 | Email: validemail@example.com
INFO 2026-08-01 00:10:57,663 utils 18592 20408 [SECURITY EVENT] Type: EMAIL_VERIFICATION_SENT | User ID: d73fc6d7-d592-4f39-8c20-ec537d51870a | Details: Verification code generated.
WARNING 2026-08-01 00:11:00,367 log 18592 20408 Bad Request: /api/mood/
WARNING 2026-08-01 00:45:01,705 log 17816 10876 Bad Request: /api/ai/sentiment/
WARNING 2026-08-01 00:45:06,400 log 17816 10876 Unauthorized: /api/ai/sentiment/
WARNING 2026-08-01 00:45:06,401 log 17816 10876 Unauthorized: /api/ai/emotion/
WARNING 2026-08-01 00:45:06,401 log 17816 10876 Unauthorized: /api/ai/keywords/
WARNING 2026-08-01 00:45:06,402 log 17816 10876 Unauthorized: /api/ai/prediction/
WARNING 2026-08-01 00:45:06,402 log 17816 10876 Unauthorized: /api/ai/insights/
INFO 2026-08-01 00:45:11,093 autoreload 19712 16812 C:\Users\HP\Documents\mindCompass\mindcompass-backend\ai\insights\services.py changed, reloading.
INFO 2026-08-01 00:45:12,363 autoreload 6336 34624 Watching for file changes with StatReloader
WARNING 2026-08-01 00:45:34,662 log 34628 19192 Bad Request: /api/ai/sentiment/
WARNING 2026-08-01 00:45:39,202 log 34628 19192 Unauthorized: /api/ai/sentiment/
WARNING 2026-08-01 00:45:39,203 log 34628 19192 Unauthorized: /api/ai/emotion/
WARNING 2026-08-01 00:45:39,203 log 34628 19192 Unauthorized: /api/ai/keywords/
WARNING 2026-08-01 00:45:39,204 log 34628 19192 Unauthorized: /api/ai/prediction/
WARNING 2026-08-01 00:45:39,204 log 34628 19192 Unauthorized: /api/ai/insights/
WARNING 2026-08-01 00:45:39,706 log 34628 19192 Bad Request: /api/assessment/
INFO 2026-08-01 00:45:43,180 utils 34628 19192 [SECURITY EVENT] Type: EMAIL_VERIFICATION_SENT | User ID: fdcd04d4-947a-41cc-bdbe-a36871ee0c46 | Details: Verification code generated.
INFO 2026-08-01 00:45:44,598 utils 34628 19192 [SECURITY EVENT] Type: EMAIL_VERIFICATION_SENT | User ID: bac99192-47b3-47a1-afc9-3df0b7e7d5c5 | Details: Verification code generated.
INFO 2026-08-01 00:45:44,604 utils 34628 19192 [SECURITY EVENT] Type: EMAIL_VERIFICATION_SUCCESS | User ID: bac99192-47b3-47a1-afc9-3df0b7e7d5c5 | Details: Verified email: verifyuser@example.com
INFO 2026-08-01 00:45:46,255 utils 34628 19192 [SECURITY EVENT] Type: GOOGLE_AUTH_FAILURE | User ID: ANONYMOUS | Details: Token verification failed: Wrong number of segments in token: b'real_unverified_token'
INFO 2026-08-01 00:45:46,268 utils 34628 19192 [SECURITY EVENT] Type: USER_REGISTRATION_GOOGLE | User ID: 8502ec68-cfce-45ba-ae0b-ba9224011573 | Details: Registered via Google OAuth: googletest (googletest@example.com)
INFO 2026-08-01 00:45:46,277 utils 34628 19192 [SECURITY EVENT] Type: LOGIN_SUCCESS_GOOGLE | User ID: 8502ec68-cfce-45ba-ae0b-ba9224011573 | Details: Logged in user googletest via Google OAuth.
INFO 2026-08-01 00:45:49,119 utils 34628 19192 [SECURITY EVENT] Type: LOGIN_FAILURE_INACTIVE | User ID: e88be301-83ac-41b6-b786-648dae305763 | Details: Attempted login on inactive account: loginuser
INFO 2026-08-01 00:45:51,342 utils 34628 19192 [SECURITY EVENT] Type: LOGIN_FAILURE | User ID: 3c3a64b8-0ab4-49c8-a567-83f979d59ef9 | Details: Incorrect password attempt for user: loginuser
INFO 2026-08-01 00:45:52,379 utils 34628 19192 [SECURITY EVENT] Type: LOGIN_SUCCESS | User ID: 82060616-fbd3-4071-a4db-54cd22058a23 | Details: User loginuser logged in successfully.
INFO 2026-08-01 00:45:54,722 utils 34628 19192 [SECURITY EVENT] Type: LOGIN_SUCCESS | User ID: 077f3d0d-f127-498b-9472-c2efdc91ec2f | Details: User loginuser logged in successfully.
INFO 2026-08-01 00:45:55,950 utils 34628 19192 [SECURITY EVENT] Type: PASSWORD_RESET_REQUESTED | User ID: 9c6debc7-690d-4b10-b199-c99572c5ff94 | Details: Issued password reset token.
INFO 2026-08-01 00:45:57,316 utils 34628 19192 [SECURITY EVENT] Type: PASSWORD_RESET_REQUESTED | User ID: 9ce22331-fe1e-4745-a7ea-584e40b1e9b2 | Details: Issued password reset token.
INFO 2026-08-01 00:45:58,738 utils 34628 19192 [SECURITY EVENT] Type: PASSWORD_RESET_REQUESTED | User ID: 62be69d0-efb0-4561-8df5-ad0b487e81a2 | Details: Issued password reset token.
INFO 2026-08-01 00:45:59,998 utils 34628 19192 [SECURITY EVENT] Type: PASSWORD_RESET_SUCCESS | User ID: 62be69d0-efb0-4561-8df5-ad0b487e81a2 | Details: Password successfully reset via token.
INFO 2026-08-01 00:46:01,053 utils 34628 19192 [SECURITY EVENT] Type: LOGIN_SUCCESS | User ID: 62be69d0-efb0-4561-8df5-ad0b487e81a2 | Details: User resetuser logged in successfully.
INFO 2026-08-01 00:46:02,193 utils 34628 19192 [SECURITY EVENT] Type: USER_REGISTRATION | User ID: 25227305-48fc-475e-96dc-108e901028ae | Details: Registered: valid_user1 | Email: validemail@example.com
INFO 2026-08-01 00:46:02,194 utils 34628 19192 [SECURITY EVENT] Type: EMAIL_VERIFICATION_SENT | User ID: 25227305-48fc-475e-96dc-108e901028ae | Details: Verification code generated.
WARNING 2026-08-01 00:46:04,737 log 34628 19192 Bad Request: /api/mood/
INFO 2026-08-02 13:07:21,848 autoreload 5792 20608 Watching for file changes with StatReloader
WARNING 2026-08-02 13:08:30,241 log 5792 21296 Unauthorized: /api/profile/
WARNING 2026-08-02 13:08:30,248 log 5792 21296 Unauthorized: /api/profile/
INFO 2026-08-02 13:10:04,906 utils 5792 21296 [SECURITY EVENT] Type: LOGIN_SUCCESS | User ID: 8e449933-c64a-411f-ae8e-0e4d11b55202 | Details: User alex_student logged in successfully.
INFO 2026-08-02 13:16:33,889 utils 5792 27176 [SECURITY EVENT] Type: LOGIN_SUCCESS | User ID: 8e449933-c64a-411f-ae8e-0e4d11b55202 | Details: User alex_student logged in successfully.
WARNING 2026-08-02 13:17:28,686 log 5792 27176 Not Found: /api/assessment/
